Fund Allocator ID,Investment Manager Allocator ID,Source Asset,source_asset_class,As At Date
Aa967c0,Afc0dbf,Non-Investment Assets - Cash,balance_sheet,2026-03-31
Aa967c0,Afc0dbf,Non-Investment Assets - Other Assets,balance_sheet,2026-03-31
Aa967c0,Afc0dbf,Non-Investment Liabilities - Other Liabilities,balance_sheet,2026-03-31
Ad52755,A664a6a,Non-Investment Assets - Cash,balance_sheet,2026-03-31
Ad52755,A664a6a,Non-Investment Assets - Other Assets,balance_sheet,2026-03-31
Ad52755,A664a6a,Non-Investment Liabilities - Other Liabilities,balance_sheet,2026-03-31
Ab73bb9,A664a6a,Non-Investment Assets - Cash *,balance_sheet,2026-03-31
Ab73bb9,A664a6a,Non-Investment Assets - Other Assets,balance_sheet,2026-03-31
Ab73bb9,A664a6a,Non-Investment Liabilities - Other Liabilities,balance_sheet,2026-03-31
Aa874b3,Afc0dbf,Non-Investment Assets - Cash,balance_sheet,2026-03-31
Aa874b3,Afc0dbf,Non-Investment Assets - Other Assets,balance_sheet,2026-03-31
Aa874b3,Afc0dbf,Non-Investment Liabilities - Other Liabilities,balance_sheet,2026-03-31
A87187f,Afc0dbf,Non-Investment Assets - Cash,balance_sheet,2026-03-31
A87187f,Afc0dbf,Non-Investment Assets - Other Assets,balance_sheet,2026-03-31
A87187f,Afc0dbf,Non-Investment Liabilities - Other Liabilities,balance_sheet,2026-03-31
Ae8bf4c,Afc0dbf,Non-Investment Assets - Cash,balance_sheet,2026-03-31
Ae8bf4c,Afc0dbf,Non-Investment Liabilities - Other Liabilities,balance_sheet,2026-03-31
Ad0fa4d,Aa3bbc4,Non-Investment Assets - Cash,balance_sheet,2026-03-31
Ad0fa4d,Aa3bbc4,Non-Investment Liabilities - Other Liabilities,balance_sheet,2026-03-31
Abeff42,Afbe003,Non-Investment Assets - Other Assets,balance_sheet,2026-03-31
Abeff42,Afbe003,Non-Investment Liabilities - Subscription Line of Credit,balance_sheet,2026-03-31
A1fd1d1,Afbe003,Non-Investment Liabilities - Other Liabilities,balance_sheet,2026-03-31
A1ea2a3,A041a39,Non-Investment Assets - Cash,balance_sheet,2026-03-31
A1ea2a3,A041a39,Non-Investment Assets - Other Assets,balance_sheet,2026-03-31
A1ea2a3,A041a39,Non-Investment Liabilities - Other Liabilities,balance_sheet,2026-03-31
A825f85,A041a39,Non-Investment Assets - Cash,balance_sheet,2026-03-31
A825f85,A041a39,Non-Investment Assets - Other Assets,balance_sheet,2026-03-31
A825f85,A041a39,Non-Investment Liabilities - Other Liabilities,balance_sheet,2026-03-31
Af08fa6,A041a39,Non-Investment Assets - Cash,balance_sheet,2026-03-31
Af08fa6,A041a39,Non-Investment Assets - Other Assets,balance_sheet,2026-03-31
Af08fa6,A041a39,Non-Investment Liabilities - Other Liabilities,balance_sheet,2026-03-31
A9d1e8c,A041a39,Non-Investment Assets - Cash,balance_sheet,2026-03-31
A9d1e8c,A041a39,Non-Investment Liabilities - Other Liabilities,balance_sheet,2026-03-31
Ac0dd42,A041a39,Non-Investment Assets - Cash,balance_sheet,2026-03-31
Ac0dd42,A041a39,Non-Investment Assets - Other Assets,balance_sheet,2026-03-31
Ac0dd42,A041a39,Non-Investment Liabilities - Other Liabilities,balance_sheet,2026-03-31
Afc4e50,A041a39,Non-Investment Assets - Cash,balance_sheet,2026-03-31
Afc4e50,A041a39,Non-Investment Assets - Other Assets,balance_sheet,2026-03-31
Afc4e50,A041a39,Non-Investment Liabilities - Other Liabilities,balance_sheet,2026-03-31
Ae561e7,A041a39,Non-Investment Assets - Cash,balance_sheet,2026-03-31
Ae561e7,A041a39,Non-Investment Assets - Other Assets,balance_sheet,2026-03-31
Ae561e7,A041a39,Non-Investment Liabilities - Other Liabilities,balance_sheet,2026-03-31
A681b8b,A041a39,Non-Investment Assets - Cash,balance_sheet,2026-03-31
A681b8b,A041a39,Non-Investment Liabilities - Other Liabilities,balance_sheet,2026-03-31
A2a9ea5,A041a39,Non-Investment Assets - Cash,balance_sheet,2026-03-31
A2a9ea5,A041a39,Non-Investment Assets - Other Assets,balance_sheet,2026-03-31
A2a9ea5,A041a39,Non-Investment Liabilities - Other Liabilities,balance_sheet,2026-03-31
A43502d,A041a39,Non-Investment Assets - Cash,balance_sheet,2026-03-31
A43502d,A041a39,Non-Investment Assets - Other Assets,balance_sheet,2026-03-31
A43502d,A041a39,Non-Investment Liabilities - Other Liabilities,balance_sheet,2026-03-31
A4656cb,A041a39,Non-Investment Assets - Cash,balance_sheet,2026-03-31
A4656cb,A041a39,Non-Investment Assets - Other Assets,balance_sheet,2026-03-31
A4656cb,A041a39,Non-Investment Liabilities - Other Liabilities,balance_sheet,2026-03-31
A51cf14,A041a39,Non-Investment Assets - Cash,balance_sheet,2026-03-31
A51cf14,A041a39,Non-Investment Assets - Other Assets,balance_sheet,2026-03-31
A51cf14,A041a39,Non-Investment Liabilities - Other Liabilities,balance_sheet,2026-03-31
A64d20c,A041a39,Non-Investment Assets - Cash,balance_sheet,2026-03-31
A64d20c,A041a39,Non-Investment Assets - Other Assets,balance_sheet,2026-03-31
A64d20c,A041a39,Non-Investment Liabilities - Other Liabilities,balance_sheet,2026-03-31
Ae4d75e,A041a39,Non-Investment Assets - Cash,balance_sheet,2026-03-31
Ae4d75e,A041a39,Non-Investment Assets - Other Assets,balance_sheet,2026-03-31
Ae4d75e,A041a39,Non-Investment Liabilities - Other Liabilities,balance_sheet,2026-03-31
A85406a,A041a39,Non-Investment Assets - Cash,balance_sheet,2026-03-31
A85406a,A041a39,Non-Investment Assets - Other Assets,balance_sheet,2026-03-31
A85406a,A041a39,Non-Investment Liabilities - Other Liabilities,balance_sheet,2026-03-31
A0a0599,A041a39,Non-Investment Assets - Cash,balance_sheet,2026-03-31
A0a0599,A041a39,Non-Investment Assets - Other Assets,balance_sheet,2026-03-31
A0a0599,A041a39,Non-Investment Liabilities - Other Liabilities,balance_sheet,2026-03-31
Acc9329,A041a39,Non-Investment Assets - Cash,balance_sheet,2026-03-31
Acc9329,A041a39,Non-Investment Liabilities - Other Liabilities,balance_sheet,2026-03-31
Ac6e10f,A96d213,Non-Investment Assets - Cash,balance_sheet,2026-03-31
Ac6e10f,A96d213,Non-Investment Assets - Other Assets,balance_sheet,2026-03-31
Ac6e10f,A96d213,Non-Investment Liabilities - Other Liabilities,balance_sheet,2026-03-31
Ac6e10f,A96d213,Non-Investment Liabilities - Subscription Line of Credit,balance_sheet,2026-03-31
A1554e9,A664a6a,Non-Investment Assets - Cash,balance_sheet,2026-03-31
A1554e9,A664a6a,Non-Investment Assets - Other Assets,balance_sheet,2026-03-31
A1554e9,A664a6a,Non-Investment Liabilities - Other Liabilities,balance_sheet,2026-03-31
A1554e9,A664a6a,Non-Investment Liabilities - Subscription Line of Credit,balance_sheet,2026-03-31
A3e929e,A664a6a,Non-Investment Assets - Cash,balance_sheet,2026-03-31
A3e929e,A664a6a,Non-Investment Assets - Other Assets,balance_sheet,2026-03-31
A3e929e,A664a6a,Non-Investment Liabilities - Other Liabilities,balance_sheet,2026-03-31
Ae7bb35,A5d1a01,Non-Investment Assets - Cash,balance_sheet,2026-03-31
Ae7bb35,A5d1a01,Non-Investment Assets - Other Assets,balance_sheet,2026-03-31
Ae7bb35,A5d1a01,Non-Investment Liabilities - Other Liabilities,balance_sheet,2026-03-31
Acff5f3,A619a99,Non-Investment Assets - Cash,balance_sheet,2026-03-31
Acff5f3,A619a99,Non-Investment Assets - Other Assets,balance_sheet,2026-03-31
Acff5f3,A619a99,Non-Investment Liabilities - Other Liabilities,balance_sheet,2026-03-31
Ad6af15,A619a99,Non-Investment Assets - Cash,balance_sheet,2026-03-31
Ad6af15,A619a99,Non-Investment Liabilities - Other Liabilities,balance_sheet,2026-03-31
Ab89eda,A619a99,Non-Investment Assets - Cash,balance_sheet,2026-03-31
Ab89eda,A619a99,Non-Investment Liabilities - Other Liabilities,balance_sheet,2026-03-31
A394dd9,Ac758cf,Non-Investment Assets - Cash,balance_sheet,2026-03-31
A394dd9,Ac758cf,Non-Investment Liabilities - Other Liabilities,balance_sheet,2026-03-31
A63aa12,Ac758cf,Non-Investment Assets - Cash,balance_sheet,2026-03-31
A63aa12,Ac758cf,Non-Investment Assets - Other Assets,balance_sheet,2026-03-31
A63aa12,Ac758cf,Non-Investment Liabilities - Other Liabilities,balance_sheet,2026-03-31
A63aa12,Ac758cf,Non-Investment Liabilities - Subscription Line of Credit,balance_sheet,2026-03-31
A6fcde0,A6f625f,Non-Investment Assets - Cash,balance_sheet,2026-03-31
A6fcde0,A6f625f,Non-Investment Assets - Other Assets,balance_sheet,2026-03-31
A6fcde0,A6f625f,Non-Investment Liabilities - Other Liabilities,balance_sheet,2026-03-31
A6fcde0,A6f625f,Non-Investment Liabilities - Subscription Line of Credit,balance_sheet,2026-03-31
A229eeb,A15464a,Non-Investment Assets - Cash,balance_sheet,2026-03-31
A229eeb,A15464a,Non-Investment Assets - Other Assets,balance_sheet,2026-03-31
A229eeb,A15464a,Non-Investment Liabilities - Other Liabilities,balance_sheet,2026-03-31
A80d33a,Ad15ca3,Non-Investment Assets - Cash,balance_sheet,2026-03-31
A80d33a,Ad15ca3,Non-Investment Assets - Other Assets,balance_sheet,2026-03-31
A80d33a,Ad15ca3,Non-Investment Liabilities - Other Liabilities,balance_sheet,2026-03-31
A3cb5c7,A109e0f,Non-Investment Assets - Cash,balance_sheet,2026-03-31
A3cb5c7,A109e0f,Non-Investment Assets - Other Assets,balance_sheet,2026-03-31
A3cb5c7,A109e0f,Non-Investment Liabilities - Other Liabilities,balance_sheet,2026-03-31
A3cb5c7,A109e0f,Non-Investment Liabilities - Subscription Line of Credit,balance_sheet,2026-03-31
A75eb76,A109e0f,Non-Investment Assets - Cash,balance_sheet,2026-03-31
A75eb76,A109e0f,Non-Investment Assets - Other Assets,balance_sheet,2026-03-31
A75eb76,A109e0f,Non-Investment Liabilities - Other Liabilities,balance_sheet,2026-03-31
A75eb76,A109e0f,Non-Investment Liabilities - Subscription Line of Credit,balance_sheet,2026-03-31
A930514,A109e0f,Non-Investment Assets - Cash,balance_sheet,2026-03-31
A930514,A109e0f,Non-Investment Assets - Other Assets,balance_sheet,2026-03-31
A930514,A109e0f,Non-Investment Liabilities - Other Liabilities,balance_sheet,2026-03-31
A930514,A109e0f,Non-Investment Liabilities - Subscription Line of Credit,balance_sheet,2026-03-31
Afc9d9d,A109e0f,Non-Investment Assets - Cash,balance_sheet,2026-03-31
Afc9d9d,A109e0f,Non-Investment Assets - Other Assets,balance_sheet,2026-03-31
Afc9d9d,A109e0f,Non-Investment Liabilities - Other Liabilities,balance_sheet,2026-03-31
A6514b0,A109e0f,Non-Investment Assets - Cash,balance_sheet,2026-03-31
A6514b0,A109e0f,Non-Investment Assets - Other Assets,balance_sheet,2026-03-31
A6514b0,A109e0f,Non-Investment Liabilities - Other Liabilities,balance_sheet,2026-03-31
A0e8f48,Aa3bbc4,Non-Investment Assets - Cash,balance_sheet,2026-03-31
A0e8f48,Aa3bbc4,Non-Investment Assets - Other Assets,balance_sheet,2026-03-31
A0e8f48,Aa3bbc4,Non-Investment Liabilities - Other Liabilities,balance_sheet,2026-03-31
A2ac14e,Aa3bbc4,Non-Investment Assets - Cash,balance_sheet,2026-03-31
A2ac14e,Aa3bbc4,Non-Investment Assets - Other Assets,balance_sheet,2026-03-31
A2ac14e,Aa3bbc4,Non-Investment Liabilities - Other Liabilities,balance_sheet,2026-03-31
Acc4ce2,Afc0dbf,Non-Investment Assets - Cash,balance_sheet,2026-03-31
Acc4ce2,Afc0dbf,Non-Investment Assets - Other Assets,balance_sheet,2026-03-31
Acc4ce2,Afc0dbf,Non-Investment Liabilities - Other Liabilities,balance_sheet,2026-03-31
Acc4ce2,Afc0dbf,Non-Investment Liabilities - Subscription Line of Credit,balance_sheet,2026-03-31
A466539,Afc0dbf,Non-Investment Assets - Cash,balance_sheet,2026-03-31
A466539,Afc0dbf,Non-Investment Assets - Other Assets,balance_sheet,2026-03-31
A466539,Afc0dbf,Non-Investment Liabilities - Other Liabilities,balance_sheet,2026-03-31
A466539,Afc0dbf,Non-Investment Liabilities - Subscription Line of Credit,balance_sheet,2026-03-31
A74c64f,A8be668,"Net Non-Investment Assets - BCV Crypto Fund I Master, L.P.",balance_sheet,2026-03-31
A74c64f,A8be668,Non-Investment Assets - Cash,balance_sheet,2026-03-31
A74c64f,A8be668,Non-Investment Assets - Other Assets,balance_sheet,2026-03-31
A74c64f,A8be668,Non-Investment Liabilities - Other Liabilities,balance_sheet,2026-03-31
Ae20eb8,A54f085,Non-Investment Assets - Cash,balance_sheet,2026-03-31
Ae20eb8,A54f085,Non-Investment Liabilities - Other Liabilities,balance_sheet,2026-03-31
A723435,A8be668,"Net Non-Investment Assets - Bain Capital Crypto Fund II Master, L.P.",balance_sheet,2026-03-31
A723435,A8be668,Non-Investment Assets - Cash,balance_sheet,2026-03-31
A723435,A8be668,Non-Investment Liabilities - Other Liabilities,balance_sheet,2026-03-31
A208478,A8be668,Non-Investment Assets - Cash,balance_sheet,2026-03-31
A208478,A8be668,Non-Investment Assets - Other Assets,balance_sheet,2026-03-31
A208478,A8be668,Non-Investment Liabilities - Other Liabilities,balance_sheet,2026-03-31
A0d0dd8,A8be668,Non-Investment Assets - Cash,balance_sheet,2026-03-31
A0d0dd8,A8be668,Non-Investment Assets - Other Assets,balance_sheet,2026-03-31
A0d0dd8,A8be668,Non-Investment Liabilities - Other Liabilities,balance_sheet,2026-03-31
A1137b9,A8be668,Non-Investment Assets - Cash,balance_sheet,2026-03-31
A1137b9,A8be668,Non-Investment Assets - Other Assets,balance_sheet,2026-03-31
A1137b9,A8be668,Non-Investment Liabilities - Other Liabilities,balance_sheet,2026-03-31
Ab5e21c,A8be668,Non-Investment Assets - Cash,balance_sheet,2026-03-31
Ab5e21c,A8be668,Non-Investment Assets - Other Assets,balance_sheet,2026-03-31
Ab5e21c,A8be668,Non-Investment Liabilities - Other Liabilities,balance_sheet,2026-03-31
Af289f4,A8be668,Non-Investment Assets - Cash,balance_sheet,2026-03-31
Af289f4,A8be668,Non-Investment Assets - Other Assets,balance_sheet,2026-03-31
Af289f4,A8be668,Non-Investment Liabilities - Other Liabilities,balance_sheet,2026-03-31
Af289f4,A8be668,Non-Investment Liabilities - Subscription Line of Credit,balance_sheet,2026-03-31
A67c3e6,A02cb18,Non-Investment Assets - Cash,balance_sheet,2026-03-31
A67c3e6,A02cb18,Non-Investment Assets - Other Assets,balance_sheet,2026-03-31
A67c3e6,A02cb18,Non-Investment Liabilities - Other Liabilities,balance_sheet,2026-03-31
Af8dafa,A02cb18,Non-Investment Assets - Cash,balance_sheet,2026-03-31
Af8dafa,A02cb18,Non-Investment Assets - Other Assets,balance_sheet,2026-03-31
Af8dafa,A02cb18,Non-Investment Liabilities - Other Liabilities,balance_sheet,2026-03-31
Acd9cbe,A02cb18,Non-Investment Assets - Cash,balance_sheet,2026-03-31
Acd9cbe,A02cb18,Non-Investment Assets - Other Assets,balance_sheet,2026-03-31
Acd9cbe,A02cb18,Non-Investment Liabilities - Other Liabilities,balance_sheet,2026-03-31
A7ed594,A61c681,Non-Investment Assets - Cash,balance_sheet,2026-03-31
A7ed594,A61c681,Non-Investment Assets - Other Assets,balance_sheet,2026-03-31
A7ed594,A61c681,Non-Investment Liabilities - Other Liabilities,balance_sheet,2026-03-31
A7ed594,A61c681,Non-Investment Liabilities - Subscription Line of Credit,balance_sheet,2026-03-31
Ada12ca,A61c681,Non-Investment Assets - Cash,balance_sheet,2026-03-31
Ada12ca,A61c681,Non-Investment Assets - Other Assets,balance_sheet,2026-03-31
Ada12ca,A61c681,Non-Investment Liabilities - Other Liabilities,balance_sheet,2026-03-31
A5479e2,A61c681,Non-Investment Assets - Cash,balance_sheet,2026-03-31
A5479e2,A61c681,Non-Investment Assets - Other Assets,balance_sheet,2026-03-31
A5479e2,A61c681,Non-Investment Liabilities - Other Liabilities,balance_sheet,2026-03-31
A433d90,A44e6c2,Non-Investment Assets - Cash,balance_sheet,2026-03-31
A433d90,A44e6c2,Non-Investment Liabilities - Other Liabilities,balance_sheet,2026-03-31
A4ff5ec,Af8f7a9,Non-Investment Assets - Cash,balance_sheet,2026-03-31
A4ff5ec,Af8f7a9,Non-Investment Assets - Other Assets,balance_sheet,2026-03-31
A4ff5ec,Af8f7a9,Non-Investment Liabilities - Other Liabilities,balance_sheet,2026-03-31
Acc4dee,Af8f7a9,Non-Investment Assets - Cash,balance_sheet,2026-03-31
Acc4dee,Af8f7a9,Non-Investment Assets - Other Assets,balance_sheet,2026-03-31
Acc4dee,Af8f7a9,Non-Investment Liabilities - Other Liabilities,balance_sheet,2026-03-31
A44702b,Af8f7a9,Non-Investment Assets - Cash,balance_sheet,2026-03-31
A44702b,Af8f7a9,Non-Investment Assets - Other Assets,balance_sheet,2026-03-31
A44702b,Af8f7a9,Non-Investment Liabilities - Other Liabilities,balance_sheet,2026-03-31
Aba6caa,Af8f7a9,Non-Investment Assets - Cash,balance_sheet,2026-03-31
Aba6caa,Af8f7a9,Non-Investment Assets - Other Assets,balance_sheet,2026-03-31
Aba6caa,Af8f7a9,Non-Investment Liabilities - Other Liabilities,balance_sheet,2026-03-31
Aba6caa,Af8f7a9,Tax Distributions,accounting_entry,2026-03-31
Af390f9,Af8f7a9,Non-Investment Assets - Cash,balance_sheet,2026-03-31
Af390f9,Af8f7a9,Non-Investment Assets - Other Assets,balance_sheet,2026-03-31
Af390f9,Af8f7a9,Non-Investment Liabilities - Other Liabilities,balance_sheet,2026-03-31
Aae6df0,Af8f7a9,Non-Investment Assets - Cash,balance_sheet,2026-03-31
Aae6df0,Af8f7a9,Non-Investment Assets - Other Assets,balance_sheet,2026-03-31
Aae6df0,Af8f7a9,Non-Investment Liabilities - Other Liabilities,balance_sheet,2026-03-31
A73be2a,18be12,Net Non-Investment Assets from Canyon Laurell II Master Fund,balance_sheet,2026-03-31
A73be2a,18be12,Non-Investment Assets - Cash,balance_sheet,2026-03-31
A73be2a,18be12,Non-Investment Assets - Other Assets,balance_sheet,2026-03-31
A73be2a,18be12,Non-Investment Liabilities - Other Liabilities,balance_sheet,2026-03-31
Aa71003,18be12,Non-Investment Assets - Cash,balance_sheet,2026-03-31
Aa71003,18be12,Non-Investment Assets - Other Assets,balance_sheet,2026-03-31
Aa71003,18be12,Non-Investment Liabilities - Other Liabilities,balance_sheet,2026-03-31
Aa71003,18be12,Non-Investment Liabilities - Subscription Line of Credit,balance_sheet,2026-03-31
A153d68,A08aac2,Non-Investment Assets - Cash,balance_sheet,2026-03-31
A153d68,A08aac2,Non-Investment Assets - Other Assets,balance_sheet,2026-03-31
A153d68,A08aac2,Non-Investment Liabilities - Other Liabilities,balance_sheet,2026-03-31
A103ce5,A348789,Non-Investment Assets - Cash,balance_sheet,2026-03-31
A103ce5,A348789,Non-Investment Liabilities - Other Liabilities,balance_sheet,2026-03-31
Ab4033d,A91b7d0,Non-Investment Assets - Cash,balance_sheet,2026-03-31
Ab4033d,A91b7d0,Non-Investment Assets - Other Assets,balance_sheet,2026-03-31
Ab4033d,A91b7d0,Non-Investment Liabilities - Other Liabilities,balance_sheet,2026-03-31
Ab4033d,A91b7d0,Non-Investment Liabilities - Subscription Line of Credit,balance_sheet,2026-03-31
Aa5bde6,A91b7d0,Non-Investment Assets - Cash,balance_sheet,2026-03-31
Aa5bde6,A91b7d0,Non-Investment Assets - Other Assets,balance_sheet,2026-03-31
Aa5bde6,A91b7d0,Non-Investment Liabilities - Other Liabilities,balance_sheet,2026-03-31
Aa5bde6,A91b7d0,Non-Investment Liabilities - Subscription Line of Credit,balance_sheet,2026-03-31
A73775f,Af8f7a9,Non-Investment Assets - Cash,balance_sheet,2026-03-31
A73775f,Af8f7a9,Non-Investment Liabilities - Other Liabilities,balance_sheet,2026-03-31
A73775f,Af8f7a9,Tax Distributions,accounting_entry,2026-03-31
A40cc93,A49a079,Non-Investment Assets - Cash,balance_sheet,2026-03-31
A40cc93,A49a079,Non-Investment Assets - Other Assets,balance_sheet,2026-03-31
A40cc93,A49a079,Non-Investment Liabilities - Other Liabilities,balance_sheet,2026-03-31
A40cc93,A49a079,Non-Investment Liabilities - Subscription Line of Credit,balance_sheet,2026-03-31
Ac15ed6,A2f186b,Non-Investment Assets - Cash,balance_sheet,2026-03-31
Ac15ed6,A2f186b,Non-Investment Assets - Other Assets,balance_sheet,2026-03-31
A2a38e9,A2f186b,Non-Investment Assets - Cash,balance_sheet,2026-03-31
A2a38e9,A2f186b,Non-Investment Assets - Other Assets,balance_sheet,2026-03-31
A2a38e9,A2f186b,Non-Investment Liabilities - Other Liabilities,balance_sheet,2026-03-31
A23dda7,A2f186b,Non-Investment Assets - Cash,balance_sheet,2026-03-31
A23dda7,A2f186b,Non-Investment Assets - Other Assets,balance_sheet,2026-03-31
Ae67360,Ad70035,Non-Investment Assets - Cash,balance_sheet,2026-03-31
Ae67360,Ad70035,Non-Investment Assets - Other Assets,balance_sheet,2026-03-31
Ae67360,Ad70035,Non-Investment Liabilities - Other Liabilities,balance_sheet,2026-03-31
Ae4f50d,Ad70035,Non-Investment Assets - Cash,balance_sheet,2026-03-31
Ae4f50d,Ad70035,Non-Investment Assets - Other Assets,balance_sheet,2026-03-31
Ae4f50d,Ad70035,Non-Investment Liabilities - Other Liabilities,balance_sheet,2026-03-31
Ad10bcf,Ad70035,Non-Investment Assets - Cash,balance_sheet,2026-03-31
Ad10bcf,Ad70035,Non-Investment Assets - Other Assets,balance_sheet,2026-03-31
Ad10bcf,Ad70035,Non-Investment Liabilities - Other Liabilities,balance_sheet,2026-03-31
A23ee88,Ad70035,Non-Investment Assets - Cash,balance_sheet,2026-03-31
A23ee88,Ad70035,Non-Investment Assets - Other Assets,balance_sheet,2026-03-31
A23ee88,Ad70035,Non-Investment Liabilities - Other Liabilities,balance_sheet,2026-03-31
A11f7a2,A2e3873,Non-Investment Assets - Cash,balance_sheet,2026-03-31
A11f7a2,A2e3873,Non-Investment Assets - Other Assets,balance_sheet,2026-03-31
A11f7a2,A2e3873,Non-Investment Liabilities - Other Liabilities,balance_sheet,2026-03-31
A11f7a2,A2e3873,Non-Investment Liabilities - Subscription Line of Credit,balance_sheet,2026-03-31
A1e8a7e,Ac37569,Non-Investment Assets - Cash,balance_sheet,2026-03-31
A1e8a7e,Ac37569,Non-Investment Assets - Other Assets,balance_sheet,2026-03-31
A1e8a7e,Ac37569,Non-Investment Liabilities - Other Liabilities,balance_sheet,2026-03-31
Af5ff4f,Ac37569,Non-Investment Assets - Cash,balance_sheet,2026-03-31
Af5ff4f,Ac37569,Non-Investment Assets - Other Assets,balance_sheet,2026-03-31
Af5ff4f,Ac37569,Non-Investment Liabilities - Other Liabilities,balance_sheet,2026-03-31
Aa12a53,A8bd477,Non-Investment Liabilities - Other Liabilities,balance_sheet,2026-03-31
A9ffbf3,Ad7e703,Non-Investment Assets - Cash,balance_sheet,2026-03-31
A9ffbf3,Ad7e703,Non-Investment Assets - Other Assets,balance_sheet,2026-03-31
A9ffbf3,Ad7e703,Non-Investment Liabilities - Other Liabilities,balance_sheet,2026-03-31
A9ffbf3,Ad7e703,Non-Investment Liabilities - Subscription Line of Credit,balance_sheet,2026-03-31
A9c9bb9,A0c2722,Non-Investmentsa Assets - Cash and cash equivalents,balance_sheet,2026-03-31
A9c9bb9,A0c2722,Non-Investmentsa Liabilities- Other Liabilities,balance_sheet,2026-03-31
A5466bf,Acdb9df,Non-Investment Assets - Cash,balance_sheet,2026-03-31
A5466bf,Acdb9df,Non-Investment Assets - Other Assets,balance_sheet,2026-03-31
A5466bf,Acdb9df,Non-Investment Liabilities - Other Liabilities,balance_sheet,2026-03-31
Af14abd,Acdb9df,Non-Investment Assets - Cash,balance_sheet,2026-03-31
Af14abd,Acdb9df,Non-Investment Assets - Other Assets,balance_sheet,2026-03-31
Af14abd,Acdb9df,Non-Investment Liabilities - Other Liabilities,balance_sheet,2026-03-31
A29c2b9,Aed3782,Non-Investment Assets - Cash,balance_sheet,2026-03-31
A29c2b9,Aed3782,Non-Investment Assets - Other Assets,balance_sheet,2026-03-31
A29c2b9,Aed3782,Non-Investment Liabilities - Other Liabilities,balance_sheet,2026-03-31
A7199bc,A96d1b3,Non-Investment Assets - Cash,balance_sheet,2026-03-31
A7199bc,A96d1b3,Non-Investment Assets - Other Assets,balance_sheet,2026-03-31
A7199bc,A96d1b3,Non-Investment Liabilities - Other Liabilities,balance_sheet,2026-03-31
A3c99e8,A9fbabf,Non-Investment Assets - Cash,balance_sheet,2026-03-31
A3c99e8,A9fbabf,Non-Investment Assets - Other Assets,balance_sheet,2026-03-31
A3c99e8,A9fbabf,Non-Investment Liabilities - Other Liabilities,balance_sheet,2026-03-31
A3c99e8,A9fbabf,Non-Investment Liabilities - Subscription Line of Credit,balance_sheet,2026-03-31
A162a33,A9fbabf,Non-Investment Assets - Cash,balance_sheet,2026-03-31
A162a33,A9fbabf,Non-Investment Assets - Other Assets,balance_sheet,2026-03-31
A162a33,A9fbabf,Non-Investment Liabilities - Other Liabilities,balance_sheet,2026-03-31
A162a33,A9fbabf,Non-Investment Liabilities - Subscription Line of Credit,balance_sheet,2026-03-31
A87a21d,A9fbabf,Non-Investment Assets - Cash,balance_sheet,2026-03-31
A87a21d,A9fbabf,Non-Investment Assets - Other assets,balance_sheet,2026-03-31
A87a21d,A9fbabf,Non-Investment Liabilities - Other Liabilities,balance_sheet,2026-03-31
A11730c,A3e342a,Non-Investment Assets - Cash,balance_sheet,2026-03-31
A11730c,A3e342a,Non-Investment Assets - Other Assets,balance_sheet,2026-03-31
A11730c,A3e342a,Non-Investment Liabilities - Other Liabilities,balance_sheet,2026-03-31
A9e2889,A3e342a,Non-Investment Assets - Cash,balance_sheet,2026-03-31
A9e2889,A3e342a,Non-Investment Assets - Other Assets,balance_sheet,2026-03-31
A9e2889,A3e342a,Non-Investment Liabilities - Other Liabilities,balance_sheet,2026-03-31
A583186,A3e342a,Non-Investment Assets - Cash,balance_sheet,2026-03-31
A583186,A3e342a,Non-Investment Assets - Other Assets,balance_sheet,2026-03-31
A583186,A3e342a,Non-Investment Liabilities - Other Liabilities,balance_sheet,2026-03-31
A7ead5b,A65900b,Non-Investment Assets - Cash,balance_sheet,2026-03-31
A7ead5b,A65900b,Non-Investment Assets - Other Assets,balance_sheet,2026-03-31
A7ead5b,A65900b,Non-Investment Liabilities - Other Liabilities,balance_sheet,2026-03-31
A1c6bfc,A65900b,Non-Investment Assets - Cash,balance_sheet,2026-03-31
A1c6bfc,A65900b,Non-Investment Assets - Other Assets,balance_sheet,2026-03-31
A1c6bfc,A65900b,Non-Investment Liabilities - Other Liabilities,balance_sheet,2026-03-31
A1c6bfc,A65900b,Non-Investment Liabilities - Subscription Line of Credit,balance_sheet,2026-03-31
Afb9c3e,A65900b,Non-Investment Assets - Cash,balance_sheet,2026-03-31
Afb9c3e,A65900b,Non-Investment Assets - Other Assets,balance_sheet,2026-03-31
Afb9c3e,A65900b,Non-Investment Liabilities - Other Liabilities,balance_sheet,2026-03-31
A2257c0,A65900b,Non-Investment Assets - Cash,balance_sheet,2026-03-31
A2257c0,A65900b,Non-Investment Assets - Other Assets,balance_sheet,2026-03-31
A2257c0,A65900b,Non-Investment Liabilities - Other Liabilities,balance_sheet,2026-03-31
A2257c0,A65900b,Non-Investment Liabilities - Subscription Line of Credit,balance_sheet,2026-03-31
Abbf14a,A69ce65,Non-Investment Assets - Cash,balance_sheet,2026-03-31
Abbf14a,A69ce65,Non-Investment Liabilities - Other Liabilities,balance_sheet,2026-03-31
Abd887e,A69ce65,Non-Investment Assets - Other Assets,balance_sheet,2026-03-31
Abd887e,A69ce65,Non-Investment Liabilities - Other Liabilities,balance_sheet,2026-03-31
Abd887e,A69ce65,Non-Investment Liabilities - Subscription Line of Credit,balance_sheet,2026-03-31
Aaab069,A69ce65,Non-Investment Assets - Cash,balance_sheet,2026-03-31
Aaab069,A69ce65,Non-Investment Assets - Other Assets,balance_sheet,2026-03-31
Aaab069,A69ce65,Non-Investment Liabilities - Other Liabilities,balance_sheet,2026-03-31
Ad2d94c,A69ce65,Non-Investment Assets - Cash,balance_sheet,2026-03-31
Ad2d94c,A69ce65,Non-Investment Assets - Other Assets,balance_sheet,2026-03-31
Ad2d94c,A69ce65,Non-Investment Liabilities - Other Liabilities,balance_sheet,2026-03-31
Ad2d94c,A69ce65,Non-Investment Liabilities - Subscription Line of Credit,balance_sheet,2026-03-31
A7eee3e,A69ce65,Non-Investment Assets - Cash,balance_sheet,2026-03-31
A7eee3e,A69ce65,Non-Investment Assets - Other Assets,balance_sheet,2026-03-31
A7eee3e,A69ce65,Non-Investment Liabilities - Other Liabilities,balance_sheet,2026-03-31
A7eee3e,A69ce65,Non-Investment Liabilities - Subscription Line of Credit,balance_sheet,2026-03-31
A775233,A6c1ccf,Non-Investment Assets - Cash,balance_sheet,2026-03-31
A775233,A6c1ccf,Non-Investment Liabilities - Other Liabilities,balance_sheet,2026-03-31
Aa2c385,A6c1ccf,Non-Investment Assets - Cash,balance_sheet,2026-03-31
Aa2c385,A6c1ccf,Non-Investment Liabilities - Other Liabilities,balance_sheet,2026-03-31
A191419,A6c1ccf,Non-Investment Assets - Cash,balance_sheet,2026-03-31
A191419,A6c1ccf,Non-Investment Assets - Other Assets,balance_sheet,2026-03-31
A191419,A6c1ccf,Non-Investment Liabilities - Other Liabilities,balance_sheet,2026-03-31
A27adfb,A6c1ccf,Non-Investment Assets - Cash,balance_sheet,2026-03-31
A27adfb,A6c1ccf,Non-Investment Liabilities - Other Liabilities,balance_sheet,2026-03-31
Af3e452,A6c1ccf,Non-Investment Assets - Cash,balance_sheet,2026-03-31
Af3e452,A6c1ccf,Non-Investment Assets - Other Assets,balance_sheet,2026-03-31
Af3e452,A6c1ccf,Non-Investment Liabilities - Other Liabilities,balance_sheet,2026-03-31
A56ea14,A44e6c2,Non-Investment Assets - Cash,balance_sheet,2026-03-31
A56ea14,A44e6c2,Non-Investment Assets - Other Assets,balance_sheet,2026-03-31
A56ea14,A44e6c2,Non-Investment Liabilities - Other Liabilities,balance_sheet,2026-03-31
A680edc,Aded344,Non-Investment Assets - Cash,balance_sheet,2026-03-31
A680edc,Aded344,Non-Investment Assets - Other Assets,balance_sheet,2026-03-31
A79043d,Aded344,Non-Investment Assets - Cash,balance_sheet,2026-03-31
A79043d,Aded344,Non-Investment Assets - Other Assets,balance_sheet,2026-03-31
A396ea8,Aded344,Non-Investment Assets - Cash,balance_sheet,2026-03-31
A396ea8,Aded344,Non-Investment Liabilities - Other Liabilities,balance_sheet,2026-03-31
Ab7dccf,Aded344,Non-Investment Assets - Cash,balance_sheet,2026-03-31
Ab7dccf,Aded344,Non-Investment Assets - Other Assets,balance_sheet,2026-03-31
Ae5aac1,Aded344,Non-Investment Assets - Cash,balance_sheet,2026-03-31
Ae5aac1,Aded344,Non-Investment Assets - Other Assets,balance_sheet,2026-03-31
A4f0eca,A2d789a,Non-Investment Assets - Cash,balance_sheet,2026-03-31
A4f0eca,A2d789a,Non-Investment Assets - Other Assets,balance_sheet,2026-03-31
A4f0eca,A2d789a,Non-Investment Liabilities - Other Liabilities,balance_sheet,2026-03-31
A21846d,A2d789a,ASC 740-10 Accrual,accounting_entry,2026-03-31
A21846d,A2d789a,Non-Investment Assets - Cash,balance_sheet,2026-03-31
A21846d,A2d789a,Non-Investment Assets - Other Assets,balance_sheet,2026-03-31
A21846d,A2d789a,Non-Investment Liabilities - Other Liabilities,balance_sheet,2026-03-31
A21846d,A2d789a,Quarterly Unrealized Gain/Loss,accounting_entry,2026-03-31
Ae848ec,A2d789a,ASC 740-10 Accrual,accounting_entry,2026-03-31
Ae848ec,A2d789a,Non-Investment Assets - Cash,balance_sheet,2026-03-31
Ae848ec,A2d789a,Non-Investment Assets - Other Assets,balance_sheet,2026-03-31
Ae848ec,A2d789a,Non-Investment Liabilities - Other Liabilities,balance_sheet,2026-03-31
Ae848ec,A2d789a,Quarterly Unrealized Gain/Loss,accounting_entry,2026-03-31
A1e1987,A2d789a,ASC 740-10 Accrual,accounting_entry,2026-03-31
A1e1987,A2d789a,Non-Investment Assets - Cash,balance_sheet,2026-03-31
A1e1987,A2d789a,Non-Investment Assets - Other Assets,balance_sheet,2026-03-31
A1e1987,A2d789a,Non-Investment Liabilities - Other Liabilities,balance_sheet,2026-03-31
A1e1987,A2d789a,Quarterly Unrealized Gain/Loss,accounting_entry,2026-03-31
A14ab79,A2d789a,ASC 740-10 Accrual,accounting_entry,2026-03-31
A14ab79,A2d789a,Non-Investment Assets - Cash,balance_sheet,2026-03-31
A14ab79,A2d789a,Non-Investment Assets - Other Assets,balance_sheet,2026-03-31
A14ab79,A2d789a,Non-Investment Liabilities - Other Liabilities,balance_sheet,2026-03-31
A14ab79,A2d789a,Quarterly Unrealized Gain/Loss,accounting_entry,2026-03-31
Ae1b92f,A2d789a,ASC 740-10 Accrual,accounting_entry,2026-03-31
Ae1b92f,A2d789a,Non-Investment Assets - Cash,balance_sheet,2026-03-31
Ae1b92f,A2d789a,Non-Investment Assets - Other Assets,balance_sheet,2026-03-31
Ae1b92f,A2d789a,Non-Investment Liabilities - Other Liabilities,balance_sheet,2026-03-31
Ae1b92f,A2d789a,Quarterly Unrealized Gain/Loss,accounting_entry,2026-03-31
A97e381,A2d789a,ASC 740-10 Accrual,accounting_entry,2026-03-31
A97e381,A2d789a,Non-Investment Assets - Cash,balance_sheet,2026-03-31
A97e381,A2d789a,Non-Investment Liabilities - Other Liabilities,balance_sheet,2026-03-31
A97e381,A2d789a,Quarterly Unrealized Gain/Loss,accounting_entry,2026-03-31
Ade1748,A2d789a,ASC 740-10 Accrual,accounting_entry,2026-03-31
Ade1748,A2d789a,Non-Investment Assets - Cash,balance_sheet,2026-03-31
Ade1748,A2d789a,Non-Investment Liabilities - Other Liabilities,balance_sheet,2026-03-31
Ade1748,A2d789a,Quarterly Unrealized Gain/Loss,accounting_entry,2026-03-31
A8cdb70,A2d789a,ASC 740-10 Accrual,accounting_entry,2026-03-31
A8cdb70,A2d789a,Non-Investment Assets - Cash,balance_sheet,2026-03-31
A8cdb70,A2d789a,Non-Investment Liabilities - Other Liabilities,balance_sheet,2026-03-31
A8cdb70,A2d789a,Quarterly Unrealized Gain/Loss,accounting_entry,2026-03-31
A1f001f,A2d789a,Non-Investment Assets - Cash,balance_sheet,2026-03-31
A1f001f,A2d789a,Non-Investment Liabilities - Other Liabilities,balance_sheet,2026-03-31
A1f001f,A2d789a,Quarterly Unrealized Gain/Loss,accounting_entry,2026-03-31
Acd9669,A2d789a,ASC 740-10 Accrual,accounting_entry,2026-03-31
Acd9669,A2d789a,Non-Investment Assets - Cash,balance_sheet,2026-03-31
Acd9669,A2d789a,Non-Investment Assets - Other Assets,balance_sheet,2026-03-31
Acd9669,A2d789a,Non-Investment Liabilities - Other Liabilities,balance_sheet,2026-03-31
Acd9669,A2d789a,Quarterly Unrealized Gain/Loss,accounting_entry,2026-03-31
A07e679,A2d789a,ASC 740-10 Accrual,accounting_entry,2026-03-31
A07e679,A2d789a,Non-Investment Assets - Cash,balance_sheet,2026-03-31
A07e679,A2d789a,Non-Investment Assets - Other Assets,balance_sheet,2026-03-31
A07e679,A2d789a,Non-Investment Liabilities - Other Liabilities,balance_sheet,2026-03-31
A07e679,A2d789a,Quarterly Unrealized Gain/Loss,accounting_entry,2026-03-31
Ab2a293,A2d789a,ASC 740-10 Accrual,accounting_entry,2026-03-31
Ab2a293,A2d789a,Non-Investment Assets - Cash,balance_sheet,2026-03-31
Ab2a293,A2d789a,Non-Investment Assets - Other Assets,balance_sheet,2026-03-31
Ab2a293,A2d789a,Non-Investment Liabilities - Other Liabilities,balance_sheet,2026-03-31
Ab2a293,A2d789a,Quarterly Unrealized Gain/Loss,accounting_entry,2026-03-31
Aabfb4f,A2d789a,ASC 740-10 Accrual,accounting_entry,2026-03-31
Aabfb4f,A2d789a,Non-Investment Assets - Cash,balance_sheet,2026-03-31
Aabfb4f,A2d789a,Non-Investment Assets - Other Assets,balance_sheet,2026-03-31
Aabfb4f,A2d789a,Non-Investment Liabilities - Other Liabilities,balance_sheet,2026-03-31
Aabfb4f,A2d789a,Quarterly Unrealized Gain/Loss,accounting_entry,2026-03-31
A159f57,A2d789a,ASC 740-10 Accrual,accounting_entry,2026-03-31
A159f57,A2d789a,Non-Investment Assets - Cash,balance_sheet,2026-03-31
A159f57,A2d789a,Non-Investment Assets - Other Assets,balance_sheet,2026-03-31
A159f57,A2d789a,Non-Investment Liabilities - Other Liabilities,balance_sheet,2026-03-31
A159f57,A2d789a,Quarterly Unrealized Gain/Loss,accounting_entry,2026-03-31
Af38835,A2d789a,ASC 740-10 Accrual,accounting_entry,2026-03-31
Af38835,A2d789a,Non-Investment Assets - Cash,balance_sheet,2026-03-31
Af38835,A2d789a,Non-Investment Assets - Other Assets,balance_sheet,2026-03-31
Af38835,A2d789a,Non-Investment Liabilities - Other Liabilities,balance_sheet,2026-03-31
Af38835,A2d789a,Quarterly Unrealized Gain/Loss,accounting_entry,2026-03-31
Ae1bc14,A2d789a,ASC 740-10 Accrual,accounting_entry,2026-03-31
Ae1bc14,A2d789a,Non-Investment Assets - Cash,balance_sheet,2026-03-31
Ae1bc14,A2d789a,Non-Investment Assets - Other Assets,balance_sheet,2026-03-31
Ae1bc14,A2d789a,Non-Investment Liabilities - Other Liabilities,balance_sheet,2026-03-31
Ae1bc14,A2d789a,Quarterly Unrealized Gain/Loss,accounting_entry,2026-03-31
Ad1697b,A2d789a,ASC 740-10 Accrual,accounting_entry,2026-03-31
Ad1697b,A2d789a,Non-Investment Assets - Cash,balance_sheet,2026-03-31
Ad1697b,A2d789a,Non-Investment Assets - Other Assets,balance_sheet,2026-03-31
Ad1697b,A2d789a,Non-Investment Liabilities - Other Liabilities,balance_sheet,2026-03-31
Ad1697b,A2d789a,Quarterly Unrealized Gain/Loss,accounting_entry,2026-03-31
A84826f,A2d789a,ASC 740-10 Accrual,accounting_entry,2026-03-31
A84826f,A2d789a,Non-Investment Assets - Cash,balance_sheet,2026-03-31
A84826f,A2d789a,Non-Investment Assets - Other Assets,balance_sheet,2026-03-31
A84826f,A2d789a,Non-Investment Liabilities - Other Liabilities,balance_sheet,2026-03-31
A84826f,A2d789a,Quarterly Unrealized Gain/Loss,accounting_entry,2026-03-31
A828a39,A7b259c,Non-Investment Assets - Cash,balance_sheet,2026-03-31
A828a39,A7b259c,Non-Investment Assets - Other Assets,balance_sheet,2026-03-31
A828a39,A7b259c,Non-Investment Liabilities - Other Liabilities,balance_sheet,2026-03-31
A828a39,A7b259c,Non-Investment Liabilities - Subscription Line of Credit,balance_sheet,2026-03-31
A6e113b,A7b259c,Non-Investment Assets - Cash,balance_sheet,2026-03-31
A6e113b,A7b259c,Non-Investment Assets - Other Assets,balance_sheet,2026-03-31
A6e113b,A7b259c,Non-Investment Liabilities - Other Liabilities,balance_sheet,2026-03-31
A6e113b,A7b259c,Non-Investment Liabilities - Subscription Line of Credit,balance_sheet,2026-03-31
Adbd48d,A01041e,Non-Investment Assets - Cash,balance_sheet,2026-03-31
Adbd48d,A01041e,Non-Investment Liabilities - Other Liabilities,balance_sheet,2026-03-31
Ac1eb23,A8e74aa,Non-Investment Assets - Cash,balance_sheet,2026-03-31
Ac1eb23,A8e74aa,Non-Investment Assets - Other Assets,balance_sheet,2026-03-31
Ac1eb23,A8e74aa,Non-Investment Liabilities - Other Liabilities,balance_sheet,2026-03-31
A41fefa,A8d1733,Non-Investment Assets - Cash,balance_sheet,2026-03-31
A41fefa,A8d1733,Non-Investment Assets - Other Assets,balance_sheet,2026-03-31
A41fefa,A8d1733,Non-Investment Liabilities - Other Liabilities,balance_sheet,2026-03-31
A5bb3fe,A8d1733,Non-Investment Assets - Cash,balance_sheet,2026-03-31
A5bb3fe,A8d1733,Non-Investment Assets - Other Assets,balance_sheet,2026-03-31
A5bb3fe,A8d1733,Non-Investment Liabilities - Other Liabilities,balance_sheet,2026-03-31
A80b715,A8d1733,Non-Investment Assets - Cash,balance_sheet,2026-03-31
A80b715,A8d1733,Non-Investment Assets - Other Assets,balance_sheet,2026-03-31
A80b715,A8d1733,Non-Investment Liabilities - Other Liabilities,balance_sheet,2026-03-31
Aa7f6d4,A8d1733,Non-Investment Assets - Cash,balance_sheet,2026-03-31
Aa7f6d4,A8d1733,Non-Investment Assets - Other Assets,balance_sheet,2026-03-31
Aa7f6d4,A8d1733,Non-Investment Liabilities - Other Liabilities,balance_sheet,2026-03-31
A28d8b6,A7b4b7c,Non-Investment Assets - Cash,balance_sheet,2026-03-31
A28d8b6,A7b4b7c,Non-Investment Assets - Other Assets,balance_sheet,2026-03-31
A28d8b6,A7b4b7c,Non-Investment Liabilities - Other Liabilities,balance_sheet,2026-03-31
Aaa2cfe,A7b4b7c,Non-Investment Assets - Cash,balance_sheet,2026-03-31
Aaa2cfe,A7b4b7c,Non-Investment Assets - Other Assets,balance_sheet,2026-03-31
Aaa2cfe,A7b4b7c,Non-Investment Liabilities - Other Liabilities,balance_sheet,2026-03-31
Ab7a076,A7b4b7c,Non-Investment Assets - Cash,balance_sheet,2026-03-31
Ab7a076,A7b4b7c,Non-Investment Assets - Other Assets,balance_sheet,2026-03-31
Ab7a076,A7b4b7c,Non-Investment Liabilities - Other Liabilities,balance_sheet,2026-03-31
A51255c,A7b4b7c,Non-Investment Assets - Cash,balance_sheet,2026-03-31
A51255c,A7b4b7c,Non-Investment Assets - Other Assets,balance_sheet,2026-03-31
A51255c,A7b4b7c,Non-Investment Liabilities - Other Liabilities,balance_sheet,2026-03-31
A06207a,A7b4b7c,Non-Investment Assets - Cash,balance_sheet,2026-03-31
A06207a,A7b4b7c,Non-Investment Assets - Other Assets,balance_sheet,2026-03-31
A06207a,A7b4b7c,Non-Investment Liabilities - Other Liabilities,balance_sheet,2026-03-31
A6bfae0,Aac22ed,Non-Investment Assets - Cash,balance_sheet,2026-03-31
A6bfae0,Aac22ed,Non-Investment Assets - Other Assets,balance_sheet,2026-03-31
A6bfae0,Aac22ed,Non-Investment Liabilities - Other Liabilities,balance_sheet,2026-03-31
A6bfae0,Aac22ed,Realized Proceeds Applied to Loan Repayment,accounting_entry,2026-03-31
A8ff6ae,Ab9d621,Non-Investment Assets - Cash,balance_sheet,2026-03-31
A8ff6ae,Ab9d621,Non-Investment Assets - Other Assets,balance_sheet,2026-03-31
A8ff6ae,Ab9d621,Non-Investment Liabilities - Other Liabilities,balance_sheet,2026-03-31
Abacebf,Ab9d621,Non-Investment Assets - Cash,balance_sheet,2026-03-31
Abacebf,Ab9d621,Non-Investment Assets - Other Assets,balance_sheet,2026-03-31
Abacebf,Ab9d621,Non-Investment Liabilities - Other Liabilities,balance_sheet,2026-03-31
Ad880d6,Ab9d621,Non-Investment Assets - Cash,balance_sheet,2026-03-31
Ad880d6,Ab9d621,Non-Investment Assets - Other Assets,balance_sheet,2026-03-31
Ad880d6,Ab9d621,Non-Investment Liabilities - Other Liabilities,balance_sheet,2026-03-31
A40c919,A4a1f26,Non-Investment Assets - Cash,balance_sheet,2026-03-31
A40c919,A4a1f26,Non-Investment Assets - Other Assets,balance_sheet,2026-03-31
A40c919,A4a1f26,Non-Investment Liabilities - Subscription Line of Credit,balance_sheet,2026-03-31
A86b250,A4a1f26,Non-Investment Assets - Cash,balance_sheet,2026-03-31
A86b250,A4a1f26,Non-Investment Assets - Other Assets,balance_sheet,2026-03-31
A86b250,A4a1f26,Non-Investment Liabilities - Other Liabilities,balance_sheet,2026-03-31
A7906e8,A4a1f26,Non-Investment Assets - Cash,balance_sheet,2026-03-31
A7906e8,A4a1f26,Non-Investment Assets - Other Assets,balance_sheet,2026-03-31
A7906e8,A4a1f26,Non-Investment Liabilities - Other Liabilities,balance_sheet,2026-03-31
A72c0d9,A4a1f26,Non-Investment Assets - Cash,balance_sheet,2026-03-31
A72c0d9,A4a1f26,Non-Investment Assets - Other Assets,balance_sheet,2026-03-31
A4081d6,A4a1f26,Non-Investment Assets - Cash,balance_sheet,2026-03-31
A4081d6,A4a1f26,Non-Investment Assets - Other Assets,balance_sheet,2026-03-31
A4081d6,A4a1f26,Non-Investment Liabilities - Other Liabilities,balance_sheet,2026-03-31
A4081d6,A4a1f26,Non-Investment Liabilities - Subscription Line of Credit,balance_sheet,2026-03-31
A2cf5a1,A4a1f26,Non-Investment Assets - Cash,balance_sheet,2026-03-31
A2cf5a1,A4a1f26,Non-Investment Assets - Other Assets,balance_sheet,2026-03-31
A2cf5a1,A4a1f26,Non-Investment Liabilities - Other Liabilities,balance_sheet,2026-03-31
A471573,A4a1f26,Non-Investment Assets - Cash,balance_sheet,2026-03-31
A471573,A4a1f26,Non-Investment Assets - Other Assets,balance_sheet,2026-03-31
A471573,A4a1f26,Non-Investment Liabilities - Other Liabilities,balance_sheet,2026-03-31
Aa98e63,Aa130ea,Non-Investment Assets - Cash,balance_sheet,2026-03-31
Aa98e63,Aa130ea,Non-Investment Assets - Other Assets,balance_sheet,2026-03-31
Aa98e63,Aa130ea,Non-Investment Liabilities - Other Liabilities,balance_sheet,2026-03-31
Af5fed4,Aa130ea,Non-Investment Assets - Cash,balance_sheet,2026-03-31
Af5fed4,Aa130ea,Non-Investment Assets - Other Assets,balance_sheet,2026-03-31
Af5fed4,Aa130ea,Non-Investment Liabilities - Other Liabilities,balance_sheet,2026-03-31
A86e0b1,Aa130ea,Non-Investment Assets - Cash,balance_sheet,2026-03-31
A86e0b1,Aa130ea,Non-Investment Assets - Other Assets,balance_sheet,2026-03-31
A86e0b1,Aa130ea,Non-Investment Liabilities - Other Liabilities,balance_sheet,2026-03-31
A096a41,Aa130ea,Non-Investment Assets - Cash,balance_sheet,2026-03-31
A096a41,Aa130ea,Non-Investment Assets - Other Assets,balance_sheet,2026-03-31
A096a41,Aa130ea,Non-Investment Liabilities - Other Liabilities,balance_sheet,2026-03-31
Accb8dc,A128c7a,Non-Investment Assets - Cash,balance_sheet,2026-03-31
Accb8dc,A128c7a,Non-Investment Assets - Other Assets,balance_sheet,2026-03-31
Accb8dc,A128c7a,Non-Investment Liabilities - Other Liabilities,balance_sheet,2026-03-31
A60210b,A128c7a,Non-Investment Assets - Cash,balance_sheet,2026-03-31
A60210b,A128c7a,Non-Investment Assets - Other Assets,balance_sheet,2026-03-31
A60210b,A128c7a,Non-Investment Liabilities - Other Liabilities,balance_sheet,2026-03-31
Aeccf59,Af0082f,Non-Investment Assets - Cash,balance_sheet,2026-03-31
Aeccf59,Af0082f,Non-Investment Assets - Other Assets,balance_sheet,2026-03-31
Aeccf59,Af0082f,Non-Investment Liabilities - Other Liabilities,balance_sheet,2026-03-31
A65fb68,Af0082f,Non-Investment Assets - Cash,balance_sheet,2026-03-31
A65fb68,Af0082f,Non-Investment Assets - Other Assets,balance_sheet,2026-03-31
A65fb68,Af0082f,Non-Investment Liabilities - Other Liabilities,balance_sheet,2026-03-31
A9859d3,Af0082f,Non-Investment Assets - Cash,balance_sheet,2026-03-31
A9859d3,Af0082f,Non-Investment Assets - Other Assets,balance_sheet,2026-03-31
A9859d3,Af0082f,Non-Investment Liabilities - Other Liabilities,balance_sheet,2026-03-31
A80ede9,Af0082f,Non-Investment Assets - Cash,balance_sheet,2026-03-31
A80ede9,Af0082f,Non-Investment Assets - Other Assets,balance_sheet,2026-03-31
A80ede9,Af0082f,Non-Investment Liabilities - Other Liabilities,balance_sheet,2026-03-31
A72f874,Af0082f,Non-Investment Assets - Cash,balance_sheet,2026-03-31
A72f874,Af0082f,Non-Investment Assets - Other Assets,balance_sheet,2026-03-31
A72f874,Af0082f,Non-Investment Liabilities - Other Liabilities,balance_sheet,2026-03-31
A2234f1,A12c595,Non-Investment Assets - Cash,balance_sheet,2026-03-31
A2234f1,A12c595,Non-Investment Assets - Other Assets,balance_sheet,2026-03-31
A2234f1,A12c595,Non-Investment Liabilities - Other Liabilities,balance_sheet,2026-03-31
A2234f1,A12c595,Pending Escrow,accounting_entry,2026-03-31
Aab52e1,Acc91f3,Cumulative unrealized loss from foreign currency translation,accounting_entry,2026-03-31
Aab52e1,Acc91f3,Non-Investment Assets - Cash,balance_sheet,2026-03-31
Aab52e1,Acc91f3,Non-Investment Assets - Other Assets,balance_sheet,2026-03-31
Aab52e1,Acc91f3,Non-Investment Liabilities - Other Liabilities,balance_sheet,2026-03-31
A3d41c0,Acc91f3,Cumulative unrealized loss from foreign currency translation,accounting_entry,2026-03-31
A3d41c0,Acc91f3,Non-Investment Assets - Cash,balance_sheet,2026-03-31
A3d41c0,Acc91f3,Non-Investment Assets - Other Assets,balance_sheet,2026-03-31
A3d41c0,Acc91f3,Non-Investment Liabilities - Other Liabilities,balance_sheet,2026-03-31
A2f629e,Acc91f3,Cumulative unrealized loss from foreign currency translation,accounting_entry,2026-03-31
A2f629e,Acc91f3,Non-Investment Assets - Cash,balance_sheet,2026-03-31
A2f629e,Acc91f3,Non-Investment Assets - Other Assets,balance_sheet,2026-03-31
A2f629e,Acc91f3,Non-Investment Liabilities - Other Liabilities,balance_sheet,2026-03-31
A51914b,Acc91f3,Foreign Currency Translation,accounting_entry,2026-03-31
A51914b,Acc91f3,Non-Investment Assets - Cash,balance_sheet,2026-03-31
A51914b,Acc91f3,Non-Investment Assets - Other Assets,balance_sheet,2026-03-31
A51914b,Acc91f3,Non-Investment Liabilities - Other Liabilities,balance_sheet,2026-03-31
Aef37a9,A12c595,Non-Investment Assets - Cash,balance_sheet,2026-03-31
Aef37a9,A12c595,Non-Investment Assets - Other Assets,balance_sheet,2026-03-31
Aef37a9,A12c595,Non-Investment Liabilities - Other Liabilities,balance_sheet,2026-03-31
A77a5f6,A12c595,Non-Investment Assets - Cash,balance_sheet,2026-03-31
A77a5f6,A12c595,Non-Investment Assets - Other Assets,balance_sheet,2026-03-31
A77a5f6,A12c595,Non-Investment Liabilities - Other Liabilities,balance_sheet,2026-03-31
A23025c,A12c595,Non-Investment Assets - Cash,balance_sheet,2026-03-31
A23025c,A12c595,Non-Investment Assets - Other Assets,balance_sheet,2026-03-31
A23025c,A12c595,Non-Investment Liabilities - Other Liabilities,balance_sheet,2026-03-31
A23025c,A12c595,Pending Escrow,accounting_entry,2026-03-31
Ab1beeb,A6a2191,Non-Investment Assets - Cash,balance_sheet,2026-03-31
Ab1beeb,A6a2191,Non-Investment Assets - Other Assets,balance_sheet,2026-03-31
Ab1beeb,A6a2191,Non-Investment Liabilities - Other Liabilities,balance_sheet,2026-03-31
A6e9d21,A899074,Non-Investment Assets - Cash,balance_sheet,2026-03-31
A6e9d21,A899074,Non-Investment Assets - Other Assets,balance_sheet,2026-03-31
A6e9d21,A899074,Non-Investment Liabilities - Other Liabilities,balance_sheet,2026-03-31
A8b6332,A899074,Non-Investment Assets - Cash,balance_sheet,2026-03-31
A8b6332,A899074,Non-Investment Assets - Other Assets,balance_sheet,2026-03-31
A8b6332,A899074,Non-Investment Liabilities - Other Liabilities,balance_sheet,2026-03-31
Ab781b9,A899074,Non-Investment Assets - Cash,balance_sheet,2026-03-31
Ab781b9,A899074,Non-Investment Assets - Other Assets,balance_sheet,2026-03-31
Ab781b9,A899074,Non-Investment Liabilities - Other Liabilities,balance_sheet,2026-03-31
A19d854,A899074,Non-Investment Assets - Cash,balance_sheet,2026-03-31
A19d854,A899074,Non-Investment Assets - Other Assets,balance_sheet,2026-03-31
A19d854,A899074,Non-Investment Liabilities - Other Liabilities,balance_sheet,2026-03-31
Afed02f,A899074,Non-Investment Assets - Cash,balance_sheet,2026-03-31
Afed02f,A899074,Non-Investment Assets - Other Assets,balance_sheet,2026-03-31
Afed02f,A899074,Non-Investment Liabilities - Other Liabilities,balance_sheet,2026-03-31
Af75e33,A4d29bc,Non-Investment Assets - Cash,balance_sheet,2026-03-31
Af75e33,A4d29bc,Non-Investment Assets - Other Assets,balance_sheet,2026-03-31
Af75e33,A4d29bc,Non-Investment Liabilities - Other Liabilities,balance_sheet,2026-03-31
A1cecbf,A372a3f,Non-Investment Assets - Cash,balance_sheet,2026-03-31
A1cecbf,A372a3f,Non-Investment Liabilities - Other Liabilities,balance_sheet,2026-03-31
A4ff743,A372a3f,Non-Investment Assets - Cash,balance_sheet,2026-03-31
A4ff743,A372a3f,Non-Investment Liabilities - Other Liabilities,balance_sheet,2026-03-31
A32ca97,Ac1f496,Non-Investment Assets - Cash,balance_sheet,2026-03-31
A32ca97,Ac1f496,Non-Investment Assets - Other Assets,balance_sheet,2026-03-31
A32ca97,Ac1f496,Non-Investment Liabilities - Other Liabilities,balance_sheet,2026-03-31
A7d911d,A3d16f4,Non-Investment Assets - Cash,balance_sheet,2026-03-31
A7d911d,A3d16f4,Non-Investment Assets - Other Assets,balance_sheet,2026-03-31
A7d911d,A3d16f4,Non-Investment Liabilities - Other Liabilities,balance_sheet,2026-03-31
A7dba47,A3d16f4,Non-Investment Assets - Cash,balance_sheet,2026-03-31
A7dba47,A3d16f4,Non-Investment Assets - Other Assets,balance_sheet,2026-03-31
A7dba47,A3d16f4,Non-Investment Liabilities - Other Liabilities,balance_sheet,2026-03-31
A7e6207,A3d16f4,Non-Investment Assets - Cash,balance_sheet,2026-03-31
A7e6207,A3d16f4,Non-Investment Assets - Other Assets,balance_sheet,2026-03-31
A7e6207,A3d16f4,Non-Investment Liabilities - Other Liabilities,balance_sheet,2026-03-31
A8cbf09,A3d16f4,Non-Investment Assets - Cash,balance_sheet,2026-03-31
A8cbf09,A3d16f4,Non-Investment Assets - Other Assets,balance_sheet,2026-03-31
A8cbf09,A3d16f4,Non-Investment Liabilities - Other Liabilities,balance_sheet,2026-03-31
A4923d3,A3d16f4,Non-Investment Assets - Cash,balance_sheet,2026-03-31
A4923d3,A3d16f4,Non-Investment Assets - Other Assets,balance_sheet,2026-03-31
A4923d3,A3d16f4,Non-Investment Liabilities - Other Liabilities,balance_sheet,2026-03-31
A1f3d5e,A4f8dbc,Non-Investment Assets - Cash,balance_sheet,2026-03-31
A1f3d5e,A4f8dbc,Non-Investment Assets - Other Assets,balance_sheet,2026-03-31
A1f3d5e,A4f8dbc,Non-Investment Liabilities - Other Liabilities,balance_sheet,2026-03-31
Afd067a,A945638,Non-Investment Assets - Cash,balance_sheet,2026-03-31
Afd067a,A945638,Non-Investment Assets - Other Assets,balance_sheet,2026-03-31
Afd067a,A945638,Non-Investment Liabilities - Other Liabilities,balance_sheet,2026-03-31
Afd067a,A945638,Quarterly Unrealized Gain/Loss,accounting_entry,2026-03-31
Ad8891c,A945638,Non-Investment Assets - Cash,balance_sheet,2026-03-31
Ad8891c,A945638,Non-Investment Assets - Other Assets,balance_sheet,2026-03-31
Ad8891c,A945638,Non-Investment Liabilities - Other Liabilities,balance_sheet,2026-03-31
Ad8891c,A945638,Quarterly Unrealized Gain/Loss,accounting_entry,2026-03-31
A7b4ffd,A945638,Non-Investment Assets - Cash,balance_sheet,2026-03-31
A7b4ffd,A945638,Non-Investment Liabilities - Other Liabilities,balance_sheet,2026-03-31
A7b4ffd,A945638,Quarterly Unrealized Gain/Loss,accounting_entry,2026-03-31
A557ea2,A945638,Non-Investment Assets - Cash,balance_sheet,2026-03-31
A557ea2,A945638,Non-Investment Liabilities - Other Liabilities,balance_sheet,2026-03-31
A557ea2,A945638,Quarterly Unrealized Gain/Loss,accounting_entry,2026-03-31
A83c2dd,A945638,Non-Investment Assets - Cash,balance_sheet,2026-03-31
A83c2dd,A945638,Non-Investment Assets - Other Assets,balance_sheet,2026-03-31
A83c2dd,A945638,Non-Investment Liabilities - Other Liabilities,balance_sheet,2026-03-31
A83c2dd,A945638,Quarterly Unrealized Gain/Loss,accounting_entry,2026-03-31
A51d5e4,A945638,Non-Investment Assets - Cash,balance_sheet,2026-03-31
A51d5e4,A945638,Non-Investment Assets - Other Assets,balance_sheet,2026-03-31
A51d5e4,A945638,Non-Investment Liabilities - Other Liabilities,balance_sheet,2026-03-31
A51d5e4,A945638,Quarterly Unrealized Gain/Loss,accounting_entry,2026-03-31
A16c87d,A945638,Non-Investment Assets - Cash,balance_sheet,2026-03-31
A16c87d,A945638,Non-Investment Assets - Other Assets,balance_sheet,2026-03-31
A16c87d,A945638,Non-Investment Liabilities - Other Liabilities,balance_sheet,2026-03-31
A16c87d,A945638,Quarterly Unrealized Gain/Loss,accounting_entry,2026-03-31
A5a0710,A945638,Non-Investment Assets - Cash,balance_sheet,2026-03-31
A5a0710,A945638,Non-Investment Assets - Other Assets,balance_sheet,2026-03-31
A5a0710,A945638,Non-Investment Liabilities - Other Liabilities,balance_sheet,2026-03-31
A5a0710,A945638,Quarterly Unrealized Gain/Loss,accounting_entry,2026-03-31
A479270,A945638,Non-Investment Assets - Cash,balance_sheet,2026-03-31
A479270,A945638,Non-Investment Liabilities - Other Liabilities,balance_sheet,2026-03-31
A479270,A945638,Quarterly Unrealized Gain/Loss,accounting_entry,2026-03-31
A6019fe,A945638,Non-Investment Assets - Cash,balance_sheet,2026-03-31
A6019fe,A945638,Non-Investment Liabilities - Other Liabilities,balance_sheet,2026-03-31
A6019fe,A945638,Quarterly Unrealized Gain/Loss,accounting_entry,2026-03-31
A43c056,A945638,Non-Investment Assets - Cash,balance_sheet,2026-03-31
A43c056,A945638,Non-Investment Assets - Other Assets,balance_sheet,2026-03-31
A43c056,A945638,Non-Investment Liabilities - Other Liabilities,balance_sheet,2026-03-31
A43c056,A945638,Quarterly Unrealized Gain/Loss,accounting_entry,2026-03-31
Ae1ec02,A945638,Non-Investment Assets - Cash,balance_sheet,2026-03-31
Ae1ec02,A945638,Non-Investment Assets - Other Assets,balance_sheet,2026-03-31
Ae1ec02,A945638,Non-Investment Liabilities - Other Liabilities,balance_sheet,2026-03-31
Ae1ec02,A945638,Quarterly Unrealized Gain/Loss,accounting_entry,2026-03-31
A8244d8,Ab02df9,Non-Investment Assets - Cash,balance_sheet,2026-03-31
A8244d8,Ab02df9,Non-Investment Assets - Other Assets,balance_sheet,2026-03-31
A8244d8,Ab02df9,Non-Investment Liabilities - Other Liabilities,balance_sheet,2026-03-31
Ad6bb64,Ab02df9,Non-Investment Assets - Cash,balance_sheet,2026-03-31
Ad6bb64,Ab02df9,Non-Investment Assets - Other assets,balance_sheet,2026-03-31
Ad6bb64,Ab02df9,Non-Investment Liabilities - Other Liabilities,balance_sheet,2026-03-31
Abb96b2,Ab02df9,Non-Investment Assets - Cash and cash equivalents,balance_sheet,2026-03-31
Abb96b2,Ab02df9,Non-Investment Assets - Other assets,balance_sheet,2026-03-31
Abb96b2,Ab02df9,Non-Investment Liabilities - Accounts payable,balance_sheet,2026-03-31
Afb294f,A4a62c2,Non-Investment Assets - Cash,balance_sheet,2026-03-31
Afb294f,A4a62c2,Non-Investment Assets - Other Assets,balance_sheet,2026-03-31
Afb294f,A4a62c2,Non-Investment Liabilities - Other Liabilities,balance_sheet,2026-03-31
Ac01bd2,A4a62c2,Non-Investment Assets - Cash,balance_sheet,2026-03-31
Ac01bd2,A4a62c2,Non-Investment Assets - Other Assets,balance_sheet,2026-03-31
Ac01bd2,A4a62c2,Non-Investment Liabilities - Other Liabilities,balance_sheet,2026-03-31
A13f39c,A4a62c2,Non-Investment Assets - Cash,balance_sheet,2026-03-31
A13f39c,A4a62c2,Non-Investment Assets - Other Assets,balance_sheet,2026-03-31
A13f39c,A4a62c2,Non-Investment Liabilities - Other Liabilities,balance_sheet,2026-03-31
A13f39c,A4a62c2,Non-Investment Liabilities - Subscription Line of Credit,balance_sheet,2026-03-31
A729d8b,A4a62c2,Non-Investment Assets - Cash,balance_sheet,2026-03-31
A729d8b,A4a62c2,Non-Investment Assets - Other Assets,balance_sheet,2026-03-31
A729d8b,A4a62c2,Non-Investment Liabilities - Other Liabilities,balance_sheet,2026-03-31
Ac33ef9,A0f94cb,Non-Investment Assets - Cash,balance_sheet,2026-03-31
Ac33ef9,A0f94cb,Non-Investment Assets - Other Assets,balance_sheet,2026-03-31
Ac33ef9,A0f94cb,Non-Investment Liabilities - Other Liabilities,balance_sheet,2026-03-31
Ab0a5da,A7dd292,Non-Investment Assets - Cash,balance_sheet,2026-03-31
Ab0a5da,A7dd292,Non-Investment Assets - Other Assets,balance_sheet,2026-03-31
Ab0a5da,A7dd292,Non-Investment Liabilities - Other Liabilities,balance_sheet,2026-03-31
Affdff0,A7dd292,Non-Investment Assets - Cash,balance_sheet,2026-03-31
Affdff0,A7dd292,Non-Investment Assets - Other Assets,balance_sheet,2026-03-31
Affdff0,A7dd292,Non-Investment Liabilities - Other Liabilities,balance_sheet,2026-03-31
A2799f7,A9b5f84,Non-Investment Assets - Cash,balance_sheet,2026-03-31
A2799f7,A9b5f84,Non-Investment Assets - Other Assets,balance_sheet,2026-03-31
A2799f7,A9b5f84,Non-Investment Liabilities - Other Liabilities,balance_sheet,2026-03-31
A9b3aeb,A9b5f84,Non-Investment Assets - Cash,balance_sheet,2026-03-31
A9b3aeb,A9b5f84,Non-Investment Assets - Other Assets,balance_sheet,2026-03-31
A9b3aeb,A9b5f84,Non-Investment Liabilities - Other Liabilities,balance_sheet,2026-03-31
A3fdcff,A8bd477,Non-Investment Liabilities - Other Liabilities,balance_sheet,2026-03-31
Aff00c9,A02306d,Non-Investment Assets - Cash,balance_sheet,2026-03-31
Aff00c9,A02306d,Non-Investment Assets - Other assets,balance_sheet,2026-03-31
Aff00c9,A02306d,Non-Investment Liabilities - Other Liabilities,balance_sheet,2026-03-31
A0af6ce,A02306d,Non-Investment Assets - Cash,balance_sheet,2026-03-31
A0af6ce,A02306d,Non-Investment Assets - Other Assets,balance_sheet,2026-03-31
A0af6ce,A02306d,Non-Investment Liabilities - Other Liabilities,balance_sheet,2026-03-31
A1d6a44,A02306d,Non-Investment Assets - Cash,balance_sheet,2026-03-31
A1d6a44,A02306d,Non-Investment Assets - Other Assets,balance_sheet,2026-03-31
A1d6a44,A02306d,Non-Investment Liabilities - Other Liabilities,balance_sheet,2026-03-31
A5bfee3,A6a28da,Non-Investment Assets - Cash,balance_sheet,2026-03-31
A5bfee3,A6a28da,Non-Investment Assets - Other Assets,balance_sheet,2026-03-31
A5bfee3,A6a28da,Non-Investment Liabilities - Other Liabilities,balance_sheet,2026-03-31
A4d752f,A6a28da,Non-Investment Assets - Cash,balance_sheet,2026-03-31
A4d752f,A6a28da,Non-Investment Assets - Other Assets,balance_sheet,2026-03-31
A4d752f,A6a28da,Non-Investment Liabilities - Other Liabilities,balance_sheet,2026-03-31
A4d752f,A6a28da,Non-Investment Liabilities - Subscription Line of Credit,balance_sheet,2026-03-31
A3cde4b,Aeedbe6,Non-Investment Assets - Cash,balance_sheet,2026-03-31
A3cde4b,Aeedbe6,Non-Investment Assets - Other Assets,balance_sheet,2026-03-31
A3cde4b,Aeedbe6,Non-Investment Liabilities - Other Liabilities,balance_sheet,2026-03-31
Ae3893b,A02306d,Non-Investment Assets - Cash,balance_sheet,2026-03-31
Ae3893b,A02306d,Non-Investment Assets - Other Assets,balance_sheet,2026-03-31
Ae3893b,A02306d,Non-Investment Liabilities - Other Liabilities,balance_sheet,2026-03-31
Aac1486,A3ecea4,Non-Investment Assets - Cash,balance_sheet,2026-03-31
Aac1486,A3ecea4,Non-Investment Assets - Other Assets,balance_sheet,2026-03-31
Aac1486,A3ecea4,Non-Investment Liabilities - Other Liabilities,balance_sheet,2026-03-31
A6a2745,A3ecea4,Non-Investment Assets - Cash,balance_sheet,2026-03-31
A6a2745,A3ecea4,Non-Investment Assets - Other Assets,balance_sheet,2026-03-31
A6a2745,A3ecea4,Non-Investment Liabilities - Other Liabilities,balance_sheet,2026-03-31
A6a2745,A3ecea4,Non-Investment Liabilities - Subscription Line of Credit,balance_sheet,2026-03-31
Af6593f,A8bd477,Non-Investment Assets - Cash,balance_sheet,2026-03-31
Af6593f,A8bd477,Non-Investment Liabilities - Other Liabilities,balance_sheet,2026-03-31
A99e32e,A8bd477,Non-Investment Assets - Cash,balance_sheet,2026-03-31
A99e32e,A8bd477,Non-Investment Liabilities - Other Liabilities,balance_sheet,2026-03-31
A996a8a,A8bd477,Non-Investment Assets - Cash,balance_sheet,2026-03-31
A996a8a,A8bd477,Non-Investment Liabilities - Other Liabilities,balance_sheet,2026-03-31
Ace087b,A8bd477,Non-Investment Assets - Cash,balance_sheet,2026-03-31
Ace087b,A8bd477,Non-Investment Liabilities - Other Liabilities,balance_sheet,2026-03-31
Ace087b,A8bd477,Non-Investment Liabilities - Subscription Line of Credit,balance_sheet,2026-03-31
Aadd548,A8bd477,Non-Investment Assets - Cash,balance_sheet,2026-03-31
Aadd548,A8bd477,Non-Investment Liabilities - Other Liabilities,balance_sheet,2026-03-31
Aadd548,A8bd477,Non-Investment Liabilities - Subscription Line of Credit,balance_sheet,2026-03-31
A073c3d,A8bd477,Non-Investment Assets - Cash,balance_sheet,2026-03-31
A073c3d,A8bd477,Non-Investment Liabilities - Other Liabilities,balance_sheet,2026-03-31
A4d85cc,A6a0407,Non-Investment Assets - Cash,balance_sheet,2026-03-31
A4d85cc,A6a0407,Non-Investment Liabilities - Other Liabilities,balance_sheet,2026-03-31
A0d2a71,A6a0407,Non-Investment Assets - Cash,balance_sheet,2026-03-31
A0d2a71,A6a0407,Non-Investment Assets - Other Assets,balance_sheet,2026-03-31
A0d2a71,A6a0407,Non-Investment Liabilities - Other Liabilities,balance_sheet,2026-03-31
A1e03e2,A6a0407,Non-Investment Assets - Cash,balance_sheet,2026-03-31
A1e03e2,A6a0407,Non-Investment Assets - Other Assets,balance_sheet,2026-03-31
A1e03e2,A6a0407,Non-Investment Liabilities - Other Liabilities,balance_sheet,2026-03-31
A1e03e2,A6a0407,Non-Investment Liabilities - Subscription Line of Credit,balance_sheet,2026-03-31
A26a0d1,A6a0407,Non-Investment Assets - Cash,balance_sheet,2026-03-31
A26a0d1,A6a0407,Non-Investment Assets - Other Assets,balance_sheet,2026-03-31
A26a0d1,A6a0407,Non-Investment Liabilities - Other Liabilities,balance_sheet,2026-03-31
Aeedb32,A6a0407,Non-Investment Assets - Cash,balance_sheet,2026-03-31
Aeedb32,A6a0407,Non-Investment Assets - Other Assets,balance_sheet,2026-03-31
Aeedb32,A6a0407,Non-Investment Liabilities - Other Liabilities,balance_sheet,2026-03-31
A4e3f9d,A7970a7,Non-Investment Assets - Cash,balance_sheet,2026-03-31
A4e3f9d,A7970a7,Non-Investment Liabilities - Other Liabilities,balance_sheet,2026-03-31
Aa82eac,A7970a7,Non-Investment Assets - Cash,balance_sheet,2026-03-31
Aa82eac,A7970a7,Non-Investment Assets - Other Assets,balance_sheet,2026-03-31
Aa82eac,A7970a7,Non-Investment Liabilities - Other Liabilities,balance_sheet,2026-03-31
A67395e,A7970a7,Non-Investment Liabilities - Other Liabilities,balance_sheet,2026-03-31
A2b1837,A7970a7,Non-Investment Liabilities - Other Liabilities,balance_sheet,2026-03-31
A8d4882,A026529,Non-Investment Assets - Cash,balance_sheet,2026-03-31
A8d4882,A026529,Non-Investment Assets - Other Assets,balance_sheet,2026-03-31
A8d4882,A026529,Non-Investment Liabilities - Other Liabilities,balance_sheet,2026-03-31
A8d4882,A026529,Quarterly Unrealized Gain/Loss,accounting_entry,2026-03-31
A84711b,A026529,ASC 740-10 Accrual,accounting_entry,2026-03-31
A84711b,A026529,Non-Investment Assets - Cash,balance_sheet,2026-03-31
A84711b,A026529,Non-Investment Assets - Other Assets,balance_sheet,2026-03-31
A84711b,A026529,Non-Investment Liabilities - Other Liabilities,balance_sheet,2026-03-31
A84711b,A026529,Quarterly Unrealized Gain/Loss,accounting_entry,2026-03-31
Afa85c1,A026529,ASC 740-10 Accrual,accounting_entry,2026-03-31
Afa85c1,A026529,Non-Investment Assets - Cash,balance_sheet,2026-03-31
Afa85c1,A026529,Non-Investment Assets - Other Assets,balance_sheet,2026-03-31
Afa85c1,A026529,Non-Investment Liabilities - Other Liabilities,balance_sheet,2026-03-31
Afa85c1,A026529,Quarterly Unrealized Gain/Loss,accounting_entry,2026-03-31
A4e71f3,A026529,ASC 740-10 Accrual,accounting_entry,2026-03-31
A4e71f3,A026529,Non-Investment Assets - Cash,balance_sheet,2026-03-31
A4e71f3,A026529,Non-Investment Assets - Other Assets,balance_sheet,2026-03-31
A4e71f3,A026529,Non-Investment Liabilities - Other Liabilities,balance_sheet,2026-03-31
A4e71f3,A026529,Quarterly Unrealized Gain/Loss,accounting_entry,2026-03-31
Ac16b86,A026529,ASC 740-10 Accrual,accounting_entry,2026-03-31
Ac16b86,A026529,Non-Investment Assets - Cash,balance_sheet,2026-03-31
Ac16b86,A026529,Non-Investment Assets - Other Assets,balance_sheet,2026-03-31
Ac16b86,A026529,Non-Investment Liabilities - Other Liabilities,balance_sheet,2026-03-31
Ac16b86,A026529,Quarterly Unrealized Gain/Loss,accounting_entry,2026-03-31
A31bf6d,A026529,ASC 740-10 Accrual,accounting_entry,2026-03-31
A31bf6d,A026529,Idle Cash,accounting_entry,2026-03-31
A31bf6d,A026529,Non-Investment Assets - Cash,balance_sheet,2026-03-31
A31bf6d,A026529,Non-Investment Assets - Other Assets,balance_sheet,2026-03-31
A31bf6d,A026529,Non-Investment Liabilities - Other Liabilities,balance_sheet,2026-03-31
A31bf6d,A026529,Quarterly Unrealized Gain/Loss,accounting_entry,2026-03-31
A666ff0,A026529,Non-Investment Assets - Cash,balance_sheet,2026-03-31
A666ff0,A026529,Non-Investment Assets - Other Assets,balance_sheet,2026-03-31
A666ff0,A026529,Non-Investment Liabilities - Other Liabilities,balance_sheet,2026-03-31
A666ff0,A026529,Quarterly Unrealized Gain/Loss,accounting_entry,2026-03-31
A1e32ac,A026529,Non-Investment Assets - Cash,balance_sheet,2026-03-31
A1e32ac,A026529,Non-Investment Assets - Other Assets,balance_sheet,2026-03-31
A1e32ac,A026529,Non-Investment Liabilities - Other Liabilities,balance_sheet,2026-03-31
A1e32ac,A026529,Quarterly Unrealized Gain/Loss,accounting_entry,2026-03-31
Ae2a183,A026529,Non-Investment Assets - Cash,balance_sheet,2026-03-31
Ae2a183,A026529,Non-Investment Assets - Other Assets,balance_sheet,2026-03-31
Ae2a183,A026529,Non-Investment Liabilities - Other Liabilities,balance_sheet,2026-03-31
Ae2a183,A026529,Quarterly Unrealized Gain/Loss,accounting_entry,2026-03-31
A000c43,A026529,Non-Investment Assets - Cash,balance_sheet,2026-03-31
A000c43,A026529,Non-Investment Assets - Other Assets,balance_sheet,2026-03-31
A000c43,A026529,Non-Investment Liabilities - Other Liabilities,balance_sheet,2026-03-31
A000c43,A026529,Quarterly Unrealized Gain/Loss,accounting_entry,2026-03-31
Abac9c0,A026529,Non-Investment Assets - Cash,balance_sheet,2026-03-31
Abac9c0,A026529,Non-Investment Assets - Other Assets,balance_sheet,2026-03-31
Abac9c0,A026529,Non-Investment Liabilities - Other Liabilities,balance_sheet,2026-03-31
Abac9c0,A026529,Quarterly Unrealized Gain/Loss,accounting_entry,2026-03-31
A8567d1,A026529,Non-Investment Assets - Cash,balance_sheet,2026-03-31
A8567d1,A026529,Non-Investment Assets - Other Assets,balance_sheet,2026-03-31
A8567d1,A026529,Non-Investment Liabilities - Other Liabilities,balance_sheet,2026-03-31
A8567d1,A026529,Quarterly Unrealized Gain/Loss,accounting_entry,2026-03-31
A64ed3d,A026529,Non-Investment Assets - Cash,balance_sheet,2026-03-31
A64ed3d,A026529,Non-Investment Assets - Other Assets,balance_sheet,2026-03-31
A64ed3d,A026529,Non-Investment Liabilities - Other Liabilities,balance_sheet,2026-03-31
A64ed3d,A026529,Quarterly Unrealized Gain/Loss,accounting_entry,2026-03-31
Adeb96a,A026529,ASC 740-10 Accrual,accounting_entry,2026-03-31
Adeb96a,A026529,Idle Cash,accounting_entry,2026-03-31
Adeb96a,A026529,Non-Investment Assets - Cash,balance_sheet,2026-03-31
Adeb96a,A026529,Non-Investment Assets - Other Assets,balance_sheet,2026-03-31
Adeb96a,A026529,Non-Investment Liabilities - Other Liabilities,balance_sheet,2026-03-31
Adeb96a,A026529,Quarterly Unrealized Gain/Loss,accounting_entry,2026-03-31
Af8d59f,A026529,Non-Investment Assets - Cash,balance_sheet,2026-03-31
Af8d59f,A026529,Non-Investment Assets - Other Assets,balance_sheet,2026-03-31
Af8d59f,A026529,Non-Investment Liabilities - Other Liabilities,balance_sheet,2026-03-31
Af8d59f,A026529,Quarterly Unrealized Gain/Loss,accounting_entry,2026-03-31
A7bc2d3,A026529,Idle Cash,accounting_entry,2026-03-31
A7bc2d3,A026529,Non-Investment Assets - Cash,balance_sheet,2026-03-31
A7bc2d3,A026529,Non-Investment Assets - Other Assets,balance_sheet,2026-03-31
A7bc2d3,A026529,Non-Investment Liabilities - Other Liabilities,balance_sheet,2026-03-31
A7bc2d3,A026529,Quarterly Unrealized Gain/Loss,accounting_entry,2026-03-31
Aa5a4bb,A026529,Non-Investment Assets - Cash,balance_sheet,2026-03-31
Aa5a4bb,A026529,Non-Investment Assets - Other Assets,balance_sheet,2026-03-31
Aa5a4bb,A026529,Non-Investment Liabilities - Other Liabilities,balance_sheet,2026-03-31
Aa5a4bb,A026529,Quarterly Unrealized Gain/Loss,accounting_entry,2026-03-31
A758776,A026529,Non-Investment Assets - Cash,balance_sheet,2026-03-31
A758776,A026529,Non-Investment Assets - Other Assets,balance_sheet,2026-03-31
A758776,A026529,Non-Investment Liabilities - Other Liabilities,balance_sheet,2026-03-31
A758776,A026529,Quarterly Unrealized Gain/Loss,accounting_entry,2026-03-31
A780765,A026529,Non-Investment Assets - Cash,balance_sheet,2026-03-31
A780765,A026529,Non-Investment Assets - Other Assets,balance_sheet,2026-03-31
A780765,A026529,Non-Investment Liabilities - Other Liabilities,balance_sheet,2026-03-31
A780765,A026529,Quarterly Unrealized Gain/Loss,accounting_entry,2026-03-31
A6b418c,A026529,Non-Investment Assets - Cash,balance_sheet,2026-03-31
A6b418c,A026529,Non-Investment Assets - Other Assets,balance_sheet,2026-03-31
A6b418c,A026529,Non-Investment Liabilities - Other Liabilities,balance_sheet,2026-03-31
A6b418c,A026529,Subtotal Private Investments,subtotal,2026-03-31
A8bb104,A026529,ASC 740-10 Accrual,accounting_entry,2026-03-31
A8bb104,A026529,Non-Investment Assets - Cash,balance_sheet,2026-03-31
A8bb104,A026529,Non-Investment Assets - Other Assets,balance_sheet,2026-03-31
A8bb104,A026529,Non-Investment Liabilities - Other Liabilities,balance_sheet,2026-03-31
A8bb104,A026529,Quarterly Unrealized Gain/Loss,accounting_entry,2026-03-31
A2d1148,A026529,Non-Investment Assets - Cash,balance_sheet,2026-03-31
A2d1148,A026529,Non-Investment Assets - Other Assets,balance_sheet,2026-03-31
A2d1148,A026529,Non-Investment Liabilities - Other Liabilities,balance_sheet,2026-03-31
A2d1148,A026529,Quarterly Unrealized Gain/Loss,accounting_entry,2026-03-31
A6e6143,A026529,Non-Investment Assets - Cash,balance_sheet,2026-03-31
A6e6143,A026529,Non-Investment Assets - Other Assets,balance_sheet,2026-03-31
A6e6143,A026529,Non-Investment Liabilities - Other Liabilities,balance_sheet,2026-03-31
A6e6143,A026529,Quarterly Unrealized Gain/Loss,accounting_entry,2026-03-31
Aff6f98,A026529,Non-Investment Assets - Cash,balance_sheet,2026-03-31
Aff6f98,A026529,Non-Investment Assets - Other Assets,balance_sheet,2026-03-31
Aff6f98,A026529,Non-Investment Liabilities - Other Liabilities,balance_sheet,2026-03-31
Aff6f98,A026529,Quarterly Unrealized Gain/Loss,accounting_entry,2026-03-31
Ae6e0df,A026529,Non-Investment Assets - Cash,balance_sheet,2026-03-31
Ae6e0df,A026529,Non-Investment Liabilities - Other Liabilities,balance_sheet,2026-03-31
Ae6e0df,A026529,Quarterly Unrealized Gain/Loss,accounting_entry,2026-03-31
A124f9d,A026529,Non-Investment Assets - Cash,balance_sheet,2026-03-31
A124f9d,A026529,Non-Investment Assets - Other Assets,balance_sheet,2026-03-31
A124f9d,A026529,Non-Investment Liabilities - Other Liabilities,balance_sheet,2026-03-31
A124f9d,A026529,Quarterly Unrealized Gain/Loss,accounting_entry,2026-03-31
A577ed1,A026529,Non-Investment Assets - Cash,balance_sheet,2026-03-31
A577ed1,A026529,Non-Investment Assets - Other Assets,balance_sheet,2026-03-31
A577ed1,A026529,Non-Investment Liabilities - Other Liabilities,balance_sheet,2026-03-31
A577ed1,A026529,Quarterly Unrealized Gain/Loss,accounting_entry,2026-03-31
A4ce2f8,A026529,Non-Investment Assets - Cash,balance_sheet,2026-03-31
A4ce2f8,A026529,Non-Investment Assets - Other Assets,balance_sheet,2026-03-31
A4ce2f8,A026529,Non-Investment Liabilities - Other Liabilities,balance_sheet,2026-03-31
A4ce2f8,A026529,Quarterly Unrealized Gain/Loss,accounting_entry,2026-03-31
A2ac41e,A026529,Non-Investment Assets - Cash,balance_sheet,2026-03-31
A2ac41e,A026529,Non-Investment Assets - Other Assets,balance_sheet,2026-03-31
A2ac41e,A026529,Non-Investment Liabilities - Other Liabilities,balance_sheet,2026-03-31
A2ac41e,A026529,Quarterly Unrealized Gain/Loss,accounting_entry,2026-03-31
A4c5dcd,A026529,ASC 740-10 Accrual,accounting_entry,2026-03-31
A4c5dcd,A026529,Non-Investment Assets - Cash,balance_sheet,2026-03-31
A4c5dcd,A026529,Non-Investment Assets - Other Assets,balance_sheet,2026-03-31
A4c5dcd,A026529,Non-Investment Liabilities - Other Liabilities,balance_sheet,2026-03-31
A4c5dcd,A026529,Quarterly Unrealized Gain/Loss,accounting_entry,2026-03-31
Aba96b1,A026529,Non-Investment Assets - Cash,balance_sheet,2026-03-31
Aba96b1,A026529,Non-Investment Assets - Other Assets,balance_sheet,2026-03-31
Aba96b1,A026529,Non-Investment Liabilities - Other Liabilities,balance_sheet,2026-03-31
Aba96b1,A026529,Quarterly Unrealized Gain/Loss,accounting_entry,2026-03-31
A115be1,A026529,Non-Investment Assets - Cash,balance_sheet,2026-03-31
A115be1,A026529,Non-Investment Assets - Other Assets,balance_sheet,2026-03-31
A115be1,A026529,Non-Investment Liabilities - Other Liabilities,balance_sheet,2026-03-31
A2989df,A86463a,Non-Investment Assets - Cash,balance_sheet,2026-03-31
A2989df,A86463a,Non-Investment Assets - Other Assets,balance_sheet,2026-03-31
A2989df,A86463a,Non-Investment Liabilities - Other Liabilities,balance_sheet,2026-03-31
Ac58438,Ad647a1,Non-Investment Assets - Cash,balance_sheet,2026-03-31
Ac58438,Ad647a1,Non-Investment Assets - Other Assets,balance_sheet,2026-03-31
Ac58438,Ad647a1,Non-Investment Liabilities - Other Liabilities,balance_sheet,2026-03-31
Ae2ca7f,Aa8e77d,Non-Investment Assets - Cash,balance_sheet,2026-03-31
Ae2ca7f,Aa8e77d,Non-Investment Liabilities - Other Liabilities,balance_sheet,2026-03-31
A13b1e6,Aa8e77d,Non-Investment Assets - Cash,balance_sheet,2026-03-31
A13b1e6,Aa8e77d,Non-Investment Liabilities - Other Liabilities,balance_sheet,2026-03-31
Aa76711,Aa8e77d,Non-Investment Assets - Cash,balance_sheet,2026-03-31
Aa76711,Aa8e77d,Non-Investment Liabilities - Other Liabilities,balance_sheet,2026-03-31
A6557da,Aa8e77d,Non-Investment Assets - Cash,balance_sheet,2026-03-31
A6557da,Aa8e77d,Non-Investment Assets - Other Assets,balance_sheet,2026-03-31
A6557da,Aa8e77d,Non-Investment Liabilities - Other Liabilities,balance_sheet,2026-03-31
Af3dbec,Aa8e77d,Non-Investment Assets - Cash,balance_sheet,2026-03-31
Af3dbec,Aa8e77d,Non-Investment Assets - Other Assets,balance_sheet,2026-03-31
Af3dbec,Aa8e77d,Non-Investment Liabilities - Other Liabilities,balance_sheet,2026-03-31
A6f42ff,Aa8e77d,Non-Investment Assets - Cash,balance_sheet,2026-03-31
A6f42ff,Aa8e77d,Non-Investment Assets - Other Assets,balance_sheet,2026-03-31
A6f42ff,Aa8e77d,Non-Investment Liabilities - Other Liabilities,balance_sheet,2026-03-31
Aa0a993,Aa8e77d,Non-Investment Assets - Cash,balance_sheet,2026-03-31
Aa0a993,Aa8e77d,Non-Investment Assets - Other Assets,balance_sheet,2026-03-31
Aa0a993,Aa8e77d,Non-Investment Liabilities - Other Liabilities,balance_sheet,2026-03-31
Aa0a993,Aa8e77d,Non-Investment Liabilities - Subscription Line of Credit,balance_sheet,2026-03-31
A4fec46,Aa8e77d,Non-Investment Assets - Cash,balance_sheet,2026-03-31
A4fec46,Aa8e77d,Non-Investment Assets - Other Assets,balance_sheet,2026-03-31
A4fec46,Aa8e77d,Non-Investment Liabilities - Other Liabilities,balance_sheet,2026-03-31
A2a4d74,Aa8e77d,Non-Investment Assets - Cash,balance_sheet,2026-03-31
A2a4d74,Aa8e77d,Non-Investment Assets - Other Assets,balance_sheet,2026-03-31
A2a4d74,Aa8e77d,Non-Investment Liabilities - Other Liabilities,balance_sheet,2026-03-31
A2a4d74,Aa8e77d,Non-Investment Liabilities - Subscription Line of Credit,balance_sheet,2026-03-31
Ac71115,Ab27df1,Non-Investment Assets - Cash,balance_sheet,2026-03-31
Ac71115,Ab27df1,Non-Investment Assets - Other Assets,balance_sheet,2026-03-31
Ac71115,Ab27df1,Non-Investment Liabilities - Other Liabilities,balance_sheet,2026-03-31
Af4e6f7,A026fe6,Non-Investment Assets - Cash,balance_sheet,2026-03-31
Af4e6f7,A026fe6,Non-Investment Assets - Other Assets,balance_sheet,2026-03-31
Af4e6f7,A026fe6,Non-Investment Liabilities - Other Liabilities,balance_sheet,2026-03-31
A56bafa,Ab27df1,Non-Investment Assets - Cash,balance_sheet,2026-03-31
A56bafa,Ab27df1,Non-Investment Assets - Other Assets,balance_sheet,2026-03-31
A56bafa,Ab27df1,Non-Investment Liabilities - Other Liabilities,balance_sheet,2026-03-31
A56bafa,Ab27df1,Non-Investment Liabilities - Subscription Line of Credit,balance_sheet,2026-03-31
A28fbd7,A24f078,Non-Investment Assets - Cash,balance_sheet,2026-03-31
A28fbd7,A24f078,Non-Investment Assets - Other Assets,balance_sheet,2026-03-31
A28fbd7,A24f078,Non-Investment Liabilities - Other Liabilities,balance_sheet,2026-03-31
A28fbd7,A24f078,Non-Investment Liabilities - Subscription Line of Credit,balance_sheet,2026-03-31
Ad893bb,A775492,Non-Investment Assets - Cash,balance_sheet,2026-03-31
Ad893bb,A775492,Non-Investment Assets - Other Assets,balance_sheet,2026-03-31
Ad893bb,A775492,Non-Investment Liabilities - Other Liabilities,balance_sheet,2026-03-31
Ad893bb,A775492,Non-Investment Liabilities - Subscription Line of Credit,balance_sheet,2026-03-31
A48791b,A775492,Non-Investment Assets - Cash,balance_sheet,2026-03-31
A48791b,A775492,Non-Investment Liabilities - Other Liabilities,balance_sheet,2026-03-31
A355e2c,A775492,Non-Investment Assets - Cash,balance_sheet,2026-03-31
A355e2c,A775492,Non-Investment Liabilities - Other Liabilities,balance_sheet,2026-03-31
A1cae97,A775492,Non-Investment Assets - Cash,balance_sheet,2026-03-31
A1cae97,A775492,Non-Investment Assets - Other Assets,balance_sheet,2026-03-31
A1cae97,A775492,Non-Investment Liabilities - Other Liabilities,balance_sheet,2026-03-31
A67b879,A775492,Non-Investment Assets - Cash,balance_sheet,2026-03-31
A67b879,A775492,Non-Investment Assets - Other Assets,balance_sheet,2026-03-31
A67b879,A775492,Non-Investment Liabilities - Other Liabilities,balance_sheet,2026-03-31
A20f76b,A775492,Non-Investment Assets - Cash,balance_sheet,2026-03-31
A20f76b,A775492,Non-Investment Assets - Other Assets,balance_sheet,2026-03-31
A20f76b,A775492,Non-Investment Liabilities - Other Liabilities,balance_sheet,2026-03-31
A2ce6c1,Ac17925,Non-Investment Assets - Cash,balance_sheet,2026-03-31
A2ce6c1,Ac17925,Non-Investment Assets - Other Assets,balance_sheet,2026-03-31
A2ce6c1,Ac17925,Non-Investment Liabilities - Other Liabilities,balance_sheet,2026-03-31
A145642,Ac17925,Non-Investment Assets - Cash,balance_sheet,2026-03-31
A145642,Ac17925,Non-Investment Assets - Other Assets,balance_sheet,2026-03-31
A145642,Ac17925,Non-Investment Liabilities - Other Liabilities,balance_sheet,2026-03-31
Aebcab9,Ac17925,Non-Investment Assets - Cash,balance_sheet,2026-03-31
Aebcab9,Ac17925,Non-Investment Assets - Other Assets,balance_sheet,2026-03-31
Aebcab9,Ac17925,Non-Investment Liabilities - Other Liabilities,balance_sheet,2026-03-31
Aa967c0,Afc0dbf,Non-Investment Assets - Cash,balance_sheet,2025-12-31
Aa967c0,Afc0dbf,Non-Investment Assets - Other Assets,balance_sheet,2025-12-31
Aa967c0,Afc0dbf,Non-Investment Liabilities - Other Liabilities,balance_sheet,2025-12-31
Ad52755,A664a6a,Non-Investment Assets - Cash,balance_sheet,2025-12-31
Ad52755,A664a6a,Non-Investment Assets - Other Assets,balance_sheet,2025-12-31
Ad52755,A664a6a,Non-Investment Liabilities - Other Liabilities,balance_sheet,2025-12-31
Ab73bb9,A664a6a,Non-Investment Assets - Cash *,balance_sheet,2025-12-31
Ab73bb9,A664a6a,Non-Investment Assets - Other Assets,balance_sheet,2025-12-31
Ab73bb9,A664a6a,Non-Investment Liabilities - Other Liabilities,balance_sheet,2025-12-31
Aa874b3,Afc0dbf,Non-Investment Assets - Cash,balance_sheet,2025-12-31
Aa874b3,Afc0dbf,Non-Investment Assets - Other Assets,balance_sheet,2025-12-31
Aa874b3,Afc0dbf,Non-Investment Liabilities - Other Liabilities,balance_sheet,2025-12-31
A87187f,Afc0dbf,Non-Investment Assets - Cash,balance_sheet,2025-12-31
A87187f,Afc0dbf,Non-Investment Assets - Other Assets,balance_sheet,2025-12-31
A87187f,Afc0dbf,Non-Investment Liabilities - Other Liabilities,balance_sheet,2025-12-31
Ae8bf4c,Afc0dbf,Non-Investment Assets - Cash,balance_sheet,2025-12-31
Ae8bf4c,Afc0dbf,Non-Investment Liabilities - Other Liabilities,balance_sheet,2025-12-31
Ad0fa4d,Aa3bbc4,Non-Investment Assets - Cash,balance_sheet,2025-12-31
Ad0fa4d,Aa3bbc4,Non-Investment Liabilities - Other Liabilities,balance_sheet,2025-12-31
Abeff42,Afbe003,Non-Investment Assets - Other Assets,balance_sheet,2025-12-31
Abeff42,Afbe003,Non-Investment Liabilities - Subscription Line of Credit,balance_sheet,2025-12-31
A1fd1d1,Afbe003,Non-Investment Assets - Cash,balance_sheet,2025-12-31
A1fd1d1,Afbe003,Non-Investment Assets - Other Assets,balance_sheet,2025-12-31
A1fd1d1,Afbe003,Non-Investment Liabilities - Other Liabilities,balance_sheet,2025-12-31
A1ea2a3,A041a39,Non-Investment Assets - Cash,balance_sheet,2025-12-31
A1ea2a3,A041a39,Non-Investment Assets - Other Assets,balance_sheet,2025-12-31
A1ea2a3,A041a39,Non-Investment Liabilities - Other Liabilities,balance_sheet,2025-12-31
A825f85,A041a39,Non-Investment Assets - Cash,balance_sheet,2025-12-31
A825f85,A041a39,Non-Investment Assets - Other Assets,balance_sheet,2025-12-31
A825f85,A041a39,Non-Investment Liabilities - Other Liabilities,balance_sheet,2025-12-31
Af08fa6,A041a39,Non-Investment Assets - Cash,balance_sheet,2025-12-31
Af08fa6,A041a39,Non-Investment Assets - Other Assets,balance_sheet,2025-12-31
Af08fa6,A041a39,Non-Investment Liabilities - Other Liabilities,balance_sheet,2025-12-31
A9d1e8c,A041a39,Non-Investment Assets - Cash,balance_sheet,2025-12-31
A9d1e8c,A041a39,Non-Investment Liabilities - Other Liabilities,balance_sheet,2025-12-31
A9d1e8c,A041a39,Non-Investment Liabilities - Subscription Line of Credit,balance_sheet,2025-12-31
Ac0dd42,A041a39,Non-Investment Assets - Cash,balance_sheet,2025-12-31
Ac0dd42,A041a39,Non-Investment Assets - Other Assets,balance_sheet,2025-12-31
Ac0dd42,A041a39,Non-Investment Liabilities - Other Liabilities,balance_sheet,2025-12-31
Afc4e50,A041a39,Non-Investment Assets - Cash,balance_sheet,2025-12-31
Afc4e50,A041a39,Non-Investment Assets - Other Assets,balance_sheet,2025-12-31
Afc4e50,A041a39,Non-Investment Liabilities - Other Liabilities,balance_sheet,2025-12-31
Ae561e7,A041a39,Non-Investment Assets - Cash,balance_sheet,2025-12-31
Ae561e7,A041a39,Non-Investment Assets - Other Assets,balance_sheet,2025-12-31
Ae561e7,A041a39,Non-Investment Liabilities - Other Liabilities,balance_sheet,2025-12-31
A681b8b,A041a39,Non-Investment Assets - Cash,balance_sheet,2025-12-31
A681b8b,A041a39,Non-Investment Liabilities - Other Liabilities,balance_sheet,2025-12-31
A2a9ea5,A041a39,Non-Investment Assets - Cash,balance_sheet,2025-12-31
A2a9ea5,A041a39,Non-Investment Assets - Other Assets,balance_sheet,2025-12-31
A2a9ea5,A041a39,Non-Investment Liabilities - Other Liabilities,balance_sheet,2025-12-31
A43502d,A041a39,Non-Investment Assets - Cash,balance_sheet,2025-12-31
A43502d,A041a39,Non-Investment Assets - Other Assets,balance_sheet,2025-12-31
A43502d,A041a39,Non-Investment Liabilities - Other Liabilities,balance_sheet,2025-12-31
A4656cb,A041a39,Non-Investment Assets - Cash,balance_sheet,2025-12-31
A4656cb,A041a39,Non-Investment Assets - Other Assets,balance_sheet,2025-12-31
A4656cb,A041a39,Non-Investment Liabilities - Other Liabilities,balance_sheet,2025-12-31
A51cf14,A041a39,Non-Investment Assets - Cash,balance_sheet,2025-12-31
A51cf14,A041a39,Non-Investment Assets - Other Assets,balance_sheet,2025-12-31
A51cf14,A041a39,Non-Investment Liabilities - Other Liabilities,balance_sheet,2025-12-31
A64d20c,A041a39,Non-Investment Assets - Cash,balance_sheet,2025-12-31
A64d20c,A041a39,Non-Investment Liabilities - Other Liabilities,balance_sheet,2025-12-31
Ae4d75e,A041a39,Non-Investment Assets - Cash,balance_sheet,2025-12-31
Ae4d75e,A041a39,Non-Investment Assets - Other Assets,balance_sheet,2025-12-31
Ae4d75e,A041a39,Non-Investment Liabilities - Other Liabilities,balance_sheet,2025-12-31
A85406a,A041a39,Non-Investment Assets - Cash,balance_sheet,2025-12-31
A85406a,A041a39,Non-Investment Assets - Other Assets,balance_sheet,2025-12-31
A85406a,A041a39,Non-Investment Liabilities - Other Liabilities,balance_sheet,2025-12-31
A0a0599,A041a39,Non-Investment Assets - Cash,balance_sheet,2025-12-31
A0a0599,A041a39,Non-Investment Assets - Other Assets,balance_sheet,2025-12-31
A0a0599,A041a39,Non-Investment Liabilities - Other Liabilities,balance_sheet,2025-12-31
Acc9329,A041a39,Non-Investment Assets - Cash,balance_sheet,2025-12-31
Acc9329,A041a39,Non-Investment Liabilities - Other Liabilities,balance_sheet,2025-12-31
Ac6e10f,A96d213,Non-Investment Assets - Cash,balance_sheet,2025-12-31
Ac6e10f,A96d213,Non-Investment Assets - Other Assets,balance_sheet,2025-12-31
Ac6e10f,A96d213,Non-Investment Liabilities - Other Liabilities,balance_sheet,2025-12-31
Ac6e10f,A96d213,Non-Investment Liabilities - Subscription Line of Credit,balance_sheet,2025-12-31
A1554e9,A664a6a,Non-Investment Assets - Cash,balance_sheet,2025-12-31
A1554e9,A664a6a,Non-Investment Assets - Other Assets,balance_sheet,2025-12-31
A1554e9,A664a6a,Non-Investment Liabilities - Other Liabilities,balance_sheet,2025-12-31
A1554e9,A664a6a,Non-Investment Liabilities - Subscription Line of Credit,balance_sheet,2025-12-31
A3e929e,A664a6a,Non-Investment Assets - Cash,balance_sheet,2025-12-31
A3e929e,A664a6a,Non-Investment Assets - Other Assets,balance_sheet,2025-12-31
A3e929e,A664a6a,Non-Investment Liabilities - Other Liabilities,balance_sheet,2025-12-31
Ab3ea87,A5d1a01,Non-Investment Assets - Cash,balance_sheet,2025-12-31
Ab3ea87,A5d1a01,Non-Investment Assets - Other Assets,balance_sheet,2025-12-31
Ab3ea87,A5d1a01,Non-Investment Liabilities - Other Liabilities,balance_sheet,2025-12-31
Ae7bb35,A5d1a01,Non-Investment Assets - Cash,balance_sheet,2025-12-31
Ae7bb35,A5d1a01,Non-Investment Assets - Other Assets,balance_sheet,2025-12-31
Ae7bb35,A5d1a01,Non-Investment Liabilities - Other Liabilities,balance_sheet,2025-12-31
Acff5f3,A619a99,Non-Investment Assets - Cash,balance_sheet,2025-12-31
Acff5f3,A619a99,Non-Investment Assets - Other Assets,balance_sheet,2025-12-31
Acff5f3,A619a99,Non-Investment Liabilities - Other Liabilities,balance_sheet,2025-12-31
Ad6af15,A619a99,Non-Investment Assets - Cash,balance_sheet,2025-12-31
Ab89eda,A619a99,Non-Investment Assets - Cash,balance_sheet,2025-12-31
Ab89eda,A619a99,Non-Investment Assets - Other Assets,balance_sheet,2025-12-31
Ab89eda,A619a99,Non-Investment Liabilities - Other Liabilities,balance_sheet,2025-12-31
A394dd9,Ac758cf,Non-Investment Assets - Cash,balance_sheet,2025-12-31
A394dd9,Ac758cf,Non-Investment Liabilities - Other Liabilities,balance_sheet,2025-12-31
A394dd9,Ac758cf,Non-Investment Liabilities - Subscription Line of Credit,balance_sheet,2025-12-31
A63aa12,Ac758cf,Non-Investment Assets - Cash,balance_sheet,2025-12-31
A63aa12,Ac758cf,Non-Investment Assets - Other Assets,balance_sheet,2025-12-31
A63aa12,Ac758cf,Non-Investment Liabilities - Other Liabilities,balance_sheet,2025-12-31
A6fcde0,A6f625f,Non-Investment Assets - Cash,balance_sheet,2025-12-31
A6fcde0,A6f625f,Non-Investment Assets - Other Assets,balance_sheet,2025-12-31
A6fcde0,A6f625f,Non-Investment Liabilities - Other Liabilities,balance_sheet,2025-12-31
A6fcde0,A6f625f,Non-Investment Liabilities - Subscription Line of Credit,balance_sheet,2025-12-31
A229eeb,A15464a,Non-Investment Assets - Cash,balance_sheet,2025-12-31
A229eeb,A15464a,Non-Investment Assets - Other Assets,balance_sheet,2025-12-31
A229eeb,A15464a,Non-Investment Liabilities - Other Liabilities,balance_sheet,2025-12-31
A80d33a,Ad15ca3,Non-Investment Assets - Cash,balance_sheet,2025-12-31
A80d33a,Ad15ca3,Non-Investment Assets - Other Assets,balance_sheet,2025-12-31
A80d33a,Ad15ca3,Non-Investment Liabilities - Other Liabilities,balance_sheet,2025-12-31
A3cb5c7,A109e0f,Non-Investment Assets - Cash,balance_sheet,2025-12-31
A3cb5c7,A109e0f,Non-Investment Assets - Other Assets,balance_sheet,2025-12-31
A3cb5c7,A109e0f,Non-Investment Liabilities - Other Liabilities,balance_sheet,2025-12-31
A3cb5c7,A109e0f,Non-Investment Liabilities - Subscription Line of Credit,balance_sheet,2025-12-31
A75eb76,A109e0f,Non-Investment Assets - Cash,balance_sheet,2025-12-31
A75eb76,A109e0f,Non-Investment Assets - Other Assets,balance_sheet,2025-12-31
A75eb76,A109e0f,Non-Investment Liabilities - Other Liabilities,balance_sheet,2025-12-31
A75eb76,A109e0f,Non-Investment Liabilities - Subscription Line of Credit,balance_sheet,2025-12-31
A930514,A109e0f,Non-Investment Assets - Cash,balance_sheet,2025-12-31
A930514,A109e0f,Non-Investment Assets - Other Assets,balance_sheet,2025-12-31
A930514,A109e0f,Non-Investment Liabilities - Other Liabilities,balance_sheet,2025-12-31
A930514,A109e0f,Non-Investment Liabilities - Subscription Line of Credit,balance_sheet,2025-12-31
Afc9d9d,A109e0f,Non-Investment Assets - Cash,balance_sheet,2025-12-31
Afc9d9d,A109e0f,Non-Investment Liabilities - Other Liabilities,balance_sheet,2025-12-31
A6514b0,A109e0f,Non-Investment Assets - Cash,balance_sheet,2025-12-31
A6514b0,A109e0f,Non-Investment Assets - Other Assets,balance_sheet,2025-12-31
A6514b0,A109e0f,Non-Investment Liabilities - Other Liabilities,balance_sheet,2025-12-31
A0e8f48,Aa3bbc4,Non-Investment Assets - Cash,balance_sheet,2025-12-31
A0e8f48,Aa3bbc4,Non-Investment Assets - Other Assets,balance_sheet,2025-12-31
A0e8f48,Aa3bbc4,Non-Investment Liabilities - Other Liabilities,balance_sheet,2025-12-31
A2ac14e,Aa3bbc4,Non-Investment Assets - Cash,balance_sheet,2025-12-31
A2ac14e,Aa3bbc4,Non-Investment Assets - Other Assets,balance_sheet,2025-12-31
A2ac14e,Aa3bbc4,Non-Investment Liabilities - Other Liabilities,balance_sheet,2025-12-31
Acc4ce2,Afc0dbf,Non-Investment Assets - Cash,balance_sheet,2025-12-31
Acc4ce2,Afc0dbf,Non-Investment Assets - Other Assets,balance_sheet,2025-12-31
Acc4ce2,Afc0dbf,Non-Investment Liabilities - Other Liabilities,balance_sheet,2025-12-31
Acc4ce2,Afc0dbf,Non-Investment Liabilities - Subscription Line of Credit,balance_sheet,2025-12-31
A466539,Afc0dbf,Non-Investment Assets - Cash,balance_sheet,2025-12-31
A466539,Afc0dbf,Non-Investment Assets - Other Assets,balance_sheet,2025-12-31
A466539,Afc0dbf,Non-Investment Liabilities - Other Liabilities,balance_sheet,2025-12-31
A466539,Afc0dbf,Non-Investment Liabilities - Subscription Line of Credit,balance_sheet,2025-12-31
Ab0ee02,A670146,Non-Investment Assets - Cash,balance_sheet,2025-12-31
Ab0ee02,A670146,Non-Investment Liabilities - Other Liabilities,balance_sheet,2025-12-31
A36cf78,A670146,Non-Investment Assets - Cash,balance_sheet,2025-12-31
A36cf78,A670146,Non-Investment Liabilities - Other Liabilities,balance_sheet,2025-12-31
Af16116,A670146,Non-Investment Assets - Cash,balance_sheet,2025-12-31
Af16116,A670146,Non-Investment Liabilities - Other Liabilities,balance_sheet,2025-12-31
A4350ff,A99a662,Non-Investment Assets - Cash,balance_sheet,2025-12-31
A4350ff,A99a662,Non-Investment Assets - Other Assets,balance_sheet,2025-12-31
A4350ff,A99a662,Non-Investment Liabilities - Other Liabilities,balance_sheet,2025-12-31
A4f6e3c,A99a662,Non-Investment Assets - Cash,balance_sheet,2025-12-31
A4f6e3c,A99a662,Non-Investment Assets - Other Assets,balance_sheet,2025-12-31
A4f6e3c,A99a662,Non-Investment Liabilities - Other Liabilities,balance_sheet,2025-12-31
A74c64f,A8be668,"Net Non-Investment Assets - BCV Crypto Fund I Master, L.P.",balance_sheet,2025-12-31
A74c64f,A8be668,Non-Investment Assets - Cash,balance_sheet,2025-12-31
A74c64f,A8be668,Non-Investment Assets - Other Assets,balance_sheet,2025-12-31
A74c64f,A8be668,Non-Investment Liabilities - Other Liabilities,balance_sheet,2025-12-31
A723435,A8be668,"Net Non-Investment Assets - Bain Capital Crypto Fund II Master, L.P.",balance_sheet,2025-12-31
A723435,A8be668,Non-Investment Assets - Cash,balance_sheet,2025-12-31
A723435,A8be668,Non-Investment Liabilities - Other Liabilities,balance_sheet,2025-12-31
A208478,A8be668,Non-Investment Assets - Cash,balance_sheet,2025-12-31
A208478,A8be668,Non-Investment Assets - Other Assets,balance_sheet,2025-12-31
A208478,A8be668,Non-Investment Liabilities - Other Liabilities,balance_sheet,2025-12-31
A0d0dd8,A8be668,Non-Investment Assets - Cash,balance_sheet,2025-12-31
A0d0dd8,A8be668,Non-Investment Assets - Other Assets,balance_sheet,2025-12-31
A0d0dd8,A8be668,Non-Investment Liabilities - Other Liabilities,balance_sheet,2025-12-31
A1137b9,A8be668,Non-Investment Assets - Cash,balance_sheet,2025-12-31
A1137b9,A8be668,Non-Investment Assets - Other Assets,balance_sheet,2025-12-31
A1137b9,A8be668,Non-Investment Liabilities - Other Liabilities,balance_sheet,2025-12-31
Ab5e21c,A8be668,Non-Investment Assets - Cash,balance_sheet,2025-12-31
Ab5e21c,A8be668,Non-Investment Assets - Other Assets,balance_sheet,2025-12-31
Ab5e21c,A8be668,Non-Investment Liabilities - Other Liabilities,balance_sheet,2025-12-31
Ab5e21c,A8be668,Non-Investment Liabilities - Subscription Line of Credit,balance_sheet,2025-12-31
Af289f4,A8be668,Non-Investment Assets - Cash,balance_sheet,2025-12-31
Af289f4,A8be668,Non-Investment Assets - Other Assets,balance_sheet,2025-12-31
Af289f4,A8be668,Non-Investment Liabilities - Other Liabilities,balance_sheet,2025-12-31
Af289f4,A8be668,Non-Investment Liabilities - Subscription Line of Credit,balance_sheet,2025-12-31
A279d4f,A586fd2,AO Football Transfer Receivable,accounting_entry,2025-12-31
A67c3e6,A02cb18,Non-Investment Assets - Cash,balance_sheet,2025-12-31
A67c3e6,A02cb18,Non-Investment Assets - Other Assets,balance_sheet,2025-12-31
A67c3e6,A02cb18,Non-Investment Liabilities - Other Liabilities,balance_sheet,2025-12-31
Af8dafa,A02cb18,Non-Investment Assets - Cash,balance_sheet,2025-12-31
Af8dafa,A02cb18,Non-Investment Assets - Other Assets,balance_sheet,2025-12-31
Af8dafa,A02cb18,Non-Investment Liabilities - Other Liabilities,balance_sheet,2025-12-31
Acd9cbe,A02cb18,Non-Investment Assets - Cash,balance_sheet,2025-12-31
Acd9cbe,A02cb18,Non-Investment Assets - Other Assets,balance_sheet,2025-12-31
Acd9cbe,A02cb18,Non-Investment Liabilities - Other Liabilities,balance_sheet,2025-12-31
A31289e,Acbde3b,Non-Investment Assets - Other Assets,balance_sheet,2025-12-31
A31289e,Acbde3b,Non-Investment Liabilities - Other Liabilities,balance_sheet,2025-12-31
Ace7356,Acbde3b,Non Investment Liabilities - Other Liabilities,balance_sheet,2025-12-31
A7ed594,A61c681,Non-Investment Assets - Cash,balance_sheet,2025-12-31
A7ed594,A61c681,Non-Investment Assets - Other Assets,balance_sheet,2025-12-31
A7ed594,A61c681,Non-Investment Liabilities - Other Liabilities,balance_sheet,2025-12-31
A7ed594,A61c681,Non-Investment Liabilities - Subscription Line of Credit,balance_sheet,2025-12-31
Ada12ca,A61c681,Non-Investment Assets - Cash,balance_sheet,2025-12-31
Ada12ca,A61c681,Non-Investment Assets - Other Assets,balance_sheet,2025-12-31
Ada12ca,A61c681,Non-Investment Liabilities - Other Liabilities,balance_sheet,2025-12-31
A5479e2,A61c681,Non-Investment Assets - Cash,balance_sheet,2025-12-31
A5479e2,A61c681,Non-Investment Assets - Other Assets,balance_sheet,2025-12-31
A5479e2,A61c681,Non-Investment Liabilities - Other Liabilities,balance_sheet,2025-12-31
Aa56f0f,A99a662,Non-Investment Assets - Cash,balance_sheet,2025-12-31
Aa56f0f,A99a662,Non-Investment Liabilities - Other Liabilities,balance_sheet,2025-12-31
A433d90,A44e6c2,Non-Investment Assets - Cash,balance_sheet,2025-12-31
A433d90,A44e6c2,Non-Investment Liabilities - Other Liabilities,balance_sheet,2025-12-31
A4ff5ec,Af8f7a9,Non-Investment Assets - Cash,balance_sheet,2025-12-31
A4ff5ec,Af8f7a9,Non-Investment Assets - Other Assets,balance_sheet,2025-12-31
A4ff5ec,Af8f7a9,Non-Investment Liabilities - Other Liabilities,balance_sheet,2025-12-31
Acc4dee,Af8f7a9,Non-Investment Assets - Cash,balance_sheet,2025-12-31
Acc4dee,Af8f7a9,Non-Investment Assets - Other Assets,balance_sheet,2025-12-31
Acc4dee,Af8f7a9,Non-Investment Liabilities - Other Liabilities,balance_sheet,2025-12-31
A44702b,Af8f7a9,Non-Investment Assets - Cash,balance_sheet,2025-12-31
A44702b,Af8f7a9,Non-Investment Assets - Other Assets,balance_sheet,2025-12-31
A44702b,Af8f7a9,Non-Investment Liabilities - Other Liabilities,balance_sheet,2025-12-31
Aba6caa,Af8f7a9,Non-Investment Assets - Cash,balance_sheet,2025-12-31
Aba6caa,Af8f7a9,Non-Investment Assets - Other Assets,balance_sheet,2025-12-31
Aba6caa,Af8f7a9,Non-Investment Liabilities - Other Liabilities,balance_sheet,2025-12-31
Af390f9,Af8f7a9,Non-Investment Assets - Cash,balance_sheet,2025-12-31
Af390f9,Af8f7a9,Non-Investment Assets - Other Assets,balance_sheet,2025-12-31
Af390f9,Af8f7a9,Non-Investment Liabilities - Other Liabilities,balance_sheet,2025-12-31
Aae6df0,Af8f7a9,Non-Investment Assets - Cash,balance_sheet,2025-12-31
Aae6df0,Af8f7a9,Non-Investment Assets - Other Assets,balance_sheet,2025-12-31
Aae6df0,Af8f7a9,Non-Investment Liabilities - Other Liabilities,balance_sheet,2025-12-31
A73be2a,18be12,Net Non-Investment Assets from Canyon Laurell II Master Fund,balance_sheet,2025-12-31
A73be2a,18be12,Non-Investment Assets - Cash,balance_sheet,2025-12-31
A73be2a,18be12,Non-Investment Assets - Other Assets,balance_sheet,2025-12-31
Aa71003,18be12,Non-Investment Assets - Cash,balance_sheet,2025-12-31
Aa71003,18be12,Non-Investment Assets - Other Assets,balance_sheet,2025-12-31
Aa71003,18be12,Non-Investment Liabilities - Other Liabilities,balance_sheet,2025-12-31
Aa71003,18be12,Non-Investment Liabilities - Subscription Line of Credit,balance_sheet,2025-12-31
A153d68,A08aac2,Non-Investment Assets - Cash,balance_sheet,2025-12-31
A153d68,A08aac2,Non-Investment Assets - Other Assets,balance_sheet,2025-12-31
A153d68,A08aac2,Non-Investment Liabilities - Other Liabilities,balance_sheet,2025-12-31
A103ce5,A348789,Non-Investment Assets - Cash,balance_sheet,2025-12-31
A103ce5,A348789,Non-Investment Liabilities - Other Liabilities,balance_sheet,2025-12-31
Ab4033d,A91b7d0,Non-Investment Assets - Cash,balance_sheet,2025-12-31
Ab4033d,A91b7d0,Non-Investment Assets - Other Assets,balance_sheet,2025-12-31
Ab4033d,A91b7d0,Non-Investment Liabilities - Other Liabilities,balance_sheet,2025-12-31
Ab4033d,A91b7d0,Non-Investment Liabilities - Subscription Line of Credit,balance_sheet,2025-12-31
Aa5bde6,A91b7d0,Non-Investment Assets - Cash,balance_sheet,2025-12-31
Aa5bde6,A91b7d0,Non-Investment Assets - Other Assets,balance_sheet,2025-12-31
Aa5bde6,A91b7d0,Non-Investment Liabilities - Other Liabilities,balance_sheet,2025-12-31
Aa5bde6,A91b7d0,Non-Investment Liabilities - Subscription Line of Credit,balance_sheet,2025-12-31
A73775f,Af8f7a9,Non-Investment Assets - Cash,balance_sheet,2025-12-31
A73775f,Af8f7a9,Non-Investment Liabilities - Other Liabilities,balance_sheet,2025-12-31
A73775f,Af8f7a9,Tax Distributions,accounting_entry,2025-12-31
A40cc93,A49a079,Non-Investment Assets - Cash,balance_sheet,2025-12-31
A40cc93,A49a079,Non-Investment Assets - Other Assets,balance_sheet,2025-12-31
A40cc93,A49a079,Non-Investment Liabilities - Other Liabilities,balance_sheet,2025-12-31
A40cc93,A49a079,Non-Investment Liabilities - Subscription Line of Credit,balance_sheet,2025-12-31
Ac15ed6,A2f186b,Non-Investment Assets - Cash,balance_sheet,2025-12-31
Ac15ed6,A2f186b,Non-Investment Assets - Other Assets,balance_sheet,2025-12-31
Ac15ed6,A2f186b,Non-Investment Liabilities - Other Liabilities,balance_sheet,2025-12-31
A2a38e9,A2f186b,Non-Investment Assets - Cash,balance_sheet,2025-12-31
A2a38e9,A2f186b,Non-Investment Assets - Other Assets,balance_sheet,2025-12-31
A2a38e9,A2f186b,Non-Investment Liabilities - Other Liabilities,balance_sheet,2025-12-31
A23dda7,A2f186b,Non-Investment Assets - Cash,balance_sheet,2025-12-31
A23dda7,A2f186b,Non-Investment Assets - Other Assets,balance_sheet,2025-12-31
A23dda7,A2f186b,Non-Investment Liabilities - Other Liabilities,balance_sheet,2025-12-31
Ad1a396,Ad70035,Non-investments Assets - Cash,balance_sheet,2025-12-31
Ae67360,Ad70035,Non-Investment Assets - Cash,balance_sheet,2025-12-31
Ae67360,Ad70035,Non-Investment Assets - Other Assets,balance_sheet,2025-12-31
Ae67360,Ad70035,Non-Investment Liabilities - Other Liabilities,balance_sheet,2025-12-31
Ae4f50d,Ad70035,Non-Investment Assets - Cash,balance_sheet,2025-12-31
Ae4f50d,Ad70035,Non-Investment Assets - Other Assets,balance_sheet,2025-12-31
Ae4f50d,Ad70035,Non-Investment Liabilities - Other Liabilities,balance_sheet,2025-12-31
Ad10bcf,Ad70035,Non-Investment Assets - Cash,balance_sheet,2025-12-31
Ad10bcf,Ad70035,Non-Investment Assets - Other Assets,balance_sheet,2025-12-31
Ad10bcf,Ad70035,Non-Investment Liabilities - Other Liabilities,balance_sheet,2025-12-31
A23ee88,Ad70035,Non-Investment Assets - Cash,balance_sheet,2025-12-31
A23ee88,Ad70035,Non-Investment Assets - Other Assets,balance_sheet,2025-12-31
A23ee88,Ad70035,Non-Investment Liabilities - Other Liabilities,balance_sheet,2025-12-31
A11f7a2,A2e3873,Non-Investment Assets - Cash,balance_sheet,2025-12-31
A11f7a2,A2e3873,Non-Investment Assets - Other Assets,balance_sheet,2025-12-31
A11f7a2,A2e3873,Non-Investment Liabilities - Other Liabilities,balance_sheet,2025-12-31
A11f7a2,A2e3873,Non-Investment Liabilities - Subscription Line of Credit,balance_sheet,2025-12-31
A1e8a7e,Ac37569,Non-Investment Assets - Cash,balance_sheet,2025-12-31
A1e8a7e,Ac37569,Non-Investment Assets - Other Assets,balance_sheet,2025-12-31
A1e8a7e,Ac37569,Non-Investment Liabilities - Other Liabilities,balance_sheet,2025-12-31
Af5ff4f,Ac37569,Non-Investment Assets - Cash,balance_sheet,2025-12-31
Af5ff4f,Ac37569,Non-Investment Assets - Other Assets,balance_sheet,2025-12-31
Af5ff4f,Ac37569,Non-Investment Liabilities - Other Liabilities,balance_sheet,2025-12-31
Aa12a53,A8bd477,Non-Investment Liabilities - Other Liabilities,balance_sheet,2025-12-31
A9ffbf3,Ad7e703,Non-Investment Assets - Cash,balance_sheet,2025-12-31
A9ffbf3,Ad7e703,Non-Investment Assets - Other Assets,balance_sheet,2025-12-31
A9ffbf3,Ad7e703,Non-Investment Liabilities - Other Liabilities,balance_sheet,2025-12-31
A9ffbf3,Ad7e703,Non-Investment Liabilities - Subscription Line of Credit,balance_sheet,2025-12-31
A9c9bb9,A0c2722,Non-Investmentsa Assets - Cash and cash equivalents,balance_sheet,2025-12-31
A9c9bb9,A0c2722,Non-Investmentsa Assets - Other Assets,balance_sheet,2025-12-31
A9c9bb9,A0c2722,Non-Investmentsa Liabilities- Other Liabilities,balance_sheet,2025-12-31
Adf56a5,A6299d5,Non-Investment Assets - Cash,balance_sheet,2025-12-31
Adf56a5,A6299d5,Non-Investment Assets - Other Assets,balance_sheet,2025-12-31
A5466bf,Acdb9df,Non-Investment Assets - Cash,balance_sheet,2025-12-31
A5466bf,Acdb9df,Non-Investment Assets - Other Assets,balance_sheet,2025-12-31
A5466bf,Acdb9df,Non-Investment Liabilities - Other Liabilities,balance_sheet,2025-12-31
Af14abd,Acdb9df,Non-Investment Assets - Cash,balance_sheet,2025-12-31
Af14abd,Acdb9df,Non-Investment Assets - Other Assets,balance_sheet,2025-12-31
Af14abd,Acdb9df,Non-Investment Liabilities - Other Liabilities,balance_sheet,2025-12-31
A29c2b9,Aed3782,Non-Investment Assets - Cash,balance_sheet,2025-12-31
A29c2b9,Aed3782,Non-Investment Assets - Other Assets,balance_sheet,2025-12-31
A29c2b9,Aed3782,Non-Investment Liabilities - Other Liabilities,balance_sheet,2025-12-31
Af017ce,3.95E+42,Non-Investment Assets - Cash,balance_sheet,2025-12-31
Af017ce,3.95E+42,Non-Investment Assets - Other Assets,balance_sheet,2025-12-31
Af017ce,3.95E+42,Non-Investment Liabilities - Other Liabilities,balance_sheet,2025-12-31
Af017ce,3.95E+42,Quarterly Unrealized Gains/Losses,accounting_entry,2025-12-31
A6d0e2b,3.95E+42,Non-Investment Assets - Cash,balance_sheet,2025-12-31
A6d0e2b,3.95E+42,Non-Investment Assets - Other Assets,balance_sheet,2025-12-31
A6d0e2b,3.95E+42,Non-Investment Liabilities - Other Liabilities,balance_sheet,2025-12-31
A21e474,3.95E+42,Non-Investment Assets - Cash,balance_sheet,2025-12-31
A21e474,3.95E+42,Non-Investment Assets - Other Assets,balance_sheet,2025-12-31
A21e474,3.95E+42,Non-Investment Liabilities - Other Liabilities,balance_sheet,2025-12-31
A82f5de,3.95E+42,Non-Investment Assets - Cash,balance_sheet,2025-12-31
A82f5de,3.95E+42,Non-Investment Assets - Other Assets,balance_sheet,2025-12-31
A82f5de,3.95E+42,Non-Investment Liabilities - Other Liabilities,balance_sheet,2025-12-31
A82f5de,3.95E+42,Non-Investment Liabilities - Subscription Line of Credit,balance_sheet,2025-12-31
A82f5de,3.95E+42,Quarterly Unrealized Gains/Losses,accounting_entry,2025-12-31
A3bbfd6,3.95E+42,Non-Investment Assets - Cash,balance_sheet,2025-12-31
A3bbfd6,3.95E+42,Non-Investment Assets - Other Assets,balance_sheet,2025-12-31
A3bbfd6,3.95E+42,Non-Investment Liabilities - Other Liabilities,balance_sheet,2025-12-31
A3bbfd6,3.95E+42,Quarterly Unrealized Gains/Losses,accounting_entry,2025-12-31
Adfb13d,3.95E+42,Non-Investment Assets - Cash,balance_sheet,2025-12-31
Adfb13d,3.95E+42,Non-Investment Assets - Other Assets,balance_sheet,2025-12-31
Adfb13d,3.95E+42,Non-Investment Liabilities - Other Liabilities,balance_sheet,2025-12-31
A0841e0,3.95E+42,Non-Investment Assets - Cash,balance_sheet,2025-12-31
A0841e0,3.95E+42,Non-Investment Assets - Other Assets,balance_sheet,2025-12-31
A0841e0,3.95E+42,Non-Investment Liabilities - Other Liabilities,balance_sheet,2025-12-31
A7199bc,A96d1b3,Non-Investment Assets - Cash,balance_sheet,2025-12-31
A7199bc,A96d1b3,Non-Investment Assets - Other Assets,balance_sheet,2025-12-31
A7199bc,A96d1b3,Non-Investment Liabilities - Other Liabilities,balance_sheet,2025-12-31
A3c99e8,A9fbabf,Non-Investment Assets - Cash,balance_sheet,2025-12-31
A3c99e8,A9fbabf,Non-Investment Assets - Other Assets,balance_sheet,2025-12-31
A3c99e8,A9fbabf,Non-Investment Liabilities - Other Liabilities,balance_sheet,2025-12-31
A3c99e8,A9fbabf,Non-Investment Liabilities - Subscription Line of Credit,balance_sheet,2025-12-31
A162a33,A9fbabf,Non-Investment Assets - Cash,balance_sheet,2025-12-31
A162a33,A9fbabf,Non-Investment Assets - Other Assets,balance_sheet,2025-12-31
A162a33,A9fbabf,Non-Investment Liabilities - Other Liabilities,balance_sheet,2025-12-31
A162a33,A9fbabf,Non-Investment Liabilities - Subscription Line of Credit,balance_sheet,2025-12-31
A87a21d,A9fbabf,Non-Investment Assets - Cash,balance_sheet,2025-12-31
A87a21d,A9fbabf,Non-Investment Assets - Other assets,balance_sheet,2025-12-31
A87a21d,A9fbabf,Non-Investment Liabilities - Other Liabilities,balance_sheet,2025-12-31
A11730c,A3e342a,Non-Investment Assets - Cash,balance_sheet,2025-12-31
A11730c,A3e342a,Non-Investment Assets - Other Assets,balance_sheet,2025-12-31
A11730c,A3e342a,Non-Investment Liabilities - Other Liabilities,balance_sheet,2025-12-31
A9e2889,A3e342a,Non-Investment Assets - Cash,balance_sheet,2025-12-31
A9e2889,A3e342a,Non-Investment Assets - Other Assets,balance_sheet,2025-12-31
A9e2889,A3e342a,Non-Investment Liabilities - Other Liabilities,balance_sheet,2025-12-31
A583186,A3e342a,Non-Investment Assets - Cash,balance_sheet,2025-12-31
A583186,A3e342a,Non-Investment Assets - Other Assets,balance_sheet,2025-12-31
A583186,A3e342a,Non-Investment Liabilities - Other Liabilities,balance_sheet,2025-12-31
A7ead5b,A65900b,Non-Investment Assets - Cash,balance_sheet,2025-12-31
A7ead5b,A65900b,Non-Investment Assets - Other Assets,balance_sheet,2025-12-31
A7ead5b,A65900b,Non-Investment Liabilities - Other Liabilities,balance_sheet,2025-12-31
A1c6bfc,A65900b,Non-Investment Assets - Cash,balance_sheet,2025-12-31
A1c6bfc,A65900b,Non-Investment Assets - Other Assets,balance_sheet,2025-12-31
A1c6bfc,A65900b,Non-Investment Liabilities - Other Liabilities,balance_sheet,2025-12-31
Afb9c3e,A65900b,Non-Investment Assets - Cash,balance_sheet,2025-12-31
Afb9c3e,A65900b,Non-Investment Assets - Other Assets,balance_sheet,2025-12-31
Afb9c3e,A65900b,Non-Investment Liabilities - Other Liabilities,balance_sheet,2025-12-31
A1ecf04,A65900b,Non-Investment Assets - Cash,balance_sheet,2025-12-31
A1ecf04,A65900b,Non-Investment Assets - Other Assets,balance_sheet,2025-12-31
A1ecf04,A65900b,Non-Investment Liabilities - Other Liabilities,balance_sheet,2025-12-31
A2257c0,A65900b,Non-Investment Assets - Cash,balance_sheet,2025-12-31
A2257c0,A65900b,Non-Investment Assets - Other Assets,balance_sheet,2025-12-31
A2257c0,A65900b,Non-Investment Liabilities - Other Liabilities,balance_sheet,2025-12-31
A2257c0,A65900b,Non-Investment Liabilities - Subscription Line of Credit,balance_sheet,2025-12-31
Abbf14a,A69ce65,Non-Investment Assets - Cash,balance_sheet,2025-12-31
Abd887e,A69ce65,Non-Investment Liabilities - Other Liabilities,balance_sheet,2025-12-31
Abd887e,A69ce65,Non-Investment Liabilities - Subscription Line of Credit,balance_sheet,2025-12-31
Aaab069,A69ce65,Non-Investment Assets - Cash,balance_sheet,2025-12-31
Aaab069,A69ce65,Non-Investment Assets - Other Assets,balance_sheet,2025-12-31
Aaab069,A69ce65,Non-Investment Liabilities - Other Liabilities,balance_sheet,2025-12-31
Ad2d94c,A69ce65,Non-Investment Assets - Cash,balance_sheet,2025-12-31
Ad2d94c,A69ce65,Non-Investment Assets - Other Assets,balance_sheet,2025-12-31
Ad2d94c,A69ce65,Non-Investment Liabilities - Other Liabilities,balance_sheet,2025-12-31
Ad2d94c,A69ce65,Non-Investment Liabilities - Subscription Line of Credit,balance_sheet,2025-12-31
A7eee3e,A69ce65,Non-Investment Assets - Other Assets,balance_sheet,2025-12-31
A7eee3e,A69ce65,Non-Investment Liabilities - Other Liabilities,balance_sheet,2025-12-31
A7eee3e,A69ce65,Non-Investment Liabilities - Subscription Line of Credit,balance_sheet,2025-12-31
Afa36f2,A6941fe,Non-Investment Assets - Cash.,balance_sheet,2025-12-31
Afa36f2,A6941fe,Non-Investment Assets - Other Assets.,balance_sheet,2025-12-31
Afa36f2,A6941fe,Non-Investment Liabilities - Other Liabilities.,balance_sheet,2025-12-31
Af7f070,A6941fe,Non-Investment Assets - Cash.,balance_sheet,2025-12-31
Af7f070,A6941fe,Non-Investment Assets - Other Assets.,balance_sheet,2025-12-31
Af7f070,A6941fe,Non-Investment Liabilities - Other Liabilities.,balance_sheet,2025-12-31
A4e4547,A6941fe,Non-Investment Assets - Cash,balance_sheet,2025-12-31
A4e4547,A6941fe,Non-Investment Liabilities - Other Liabilities,balance_sheet,2025-12-31
A1f6229,A6941fe,Non-Investment Assets - Cash,balance_sheet,2025-12-31
A1f6229,A6941fe,Non-Investment Liabilities - Other Liabilities,balance_sheet,2025-12-31
Ab408e9,A6941fe,Non-Investment Assets - Cash,balance_sheet,2025-12-31
Ab408e9,A6941fe,Non-Investment Liabilities - Other Liabilities,balance_sheet,2025-12-31
A583f8f,A6941fe,Non-Investment Assets - Cash,balance_sheet,2025-12-31
A583f8f,A6941fe,Non-Investment Assets - Other Assets,balance_sheet,2025-12-31
A583f8f,A6941fe,Non-Investment Liabilities - Other Liabilities,balance_sheet,2025-12-31
A4974ad,A6941fe,Non-Investment Assets - Cash.,balance_sheet,2025-12-31
A4974ad,A6941fe,Non-Investment Assets - Other Assets.,balance_sheet,2025-12-31
A4974ad,A6941fe,Non-Investment Liabilities - Other Liabilities.,balance_sheet,2025-12-31
A775233,A6c1ccf,Non-Investment Assets - Cash,balance_sheet,2025-12-31
A775233,A6c1ccf,Non-Investment Liabilities - Other Liabilities,balance_sheet,2025-12-31
Aa2c385,A6c1ccf,Non-Investment Assets - Cash,balance_sheet,2025-12-31
Aa2c385,A6c1ccf,Non-Investment Liabilities - Other Liabilities,balance_sheet,2025-12-31
Ace52ab,A6c1ccf,Non-Investment Assets - Cash,balance_sheet,2025-12-31
Ace52ab,A6c1ccf,Non-Investment Liabilities - Other Liabilities,balance_sheet,2025-12-31
A092704,A6c1ccf,Non-Investment Asset - Cash,balance_sheet,2025-12-31
A092704,A6c1ccf,Non-Investment Liabilities - Other Liabilities,balance_sheet,2025-12-31
A191419,A6c1ccf,Non-Investment Assets - Cash,balance_sheet,2025-12-31
A191419,A6c1ccf,Non-Investment Liabilities - Other Liabilities,balance_sheet,2025-12-31
A27adfb,A6c1ccf,Non-Investment Assets - Cash,balance_sheet,2025-12-31
A27adfb,A6c1ccf,Non-Investment Liabilities - Other Liabilities,balance_sheet,2025-12-31
Af3e452,A6c1ccf,Non-Investment Assets - Cash,balance_sheet,2025-12-31
Af3e452,A6c1ccf,Non-Investment Assets - Other Assets,balance_sheet,2025-12-31
Af3e452,A6c1ccf,Non-Investment Liabilities - Other Liabilities,balance_sheet,2025-12-31
A44bd87,A6c1ccf,Non-Investment Assets - Cash,balance_sheet,2025-12-31
A44bd87,A6c1ccf,Non-Investment Assets - Other Liabilities,balance_sheet,2025-12-31
A3e5704,Aded344,Non-Investment Assets - Cash,balance_sheet,2025-12-31
A3e5704,Aded344,Non-Investment Assets - Other Assets,balance_sheet,2025-12-31
A3e5704,Aded344,Non-Investment Liabilities - Other Liabilities,balance_sheet,2025-12-31
Aabdf3f,Aded344,Non-Investment Assets - Cash,balance_sheet,2025-12-31
Aabdf3f,Aded344,Non-Investment Liabilities - Other Liabilities,balance_sheet,2025-12-31
A639c17,Aded344,Non-Investment Assets - Cash,balance_sheet,2025-12-31
A639c17,Aded344,Non-Investment Liabilities - Other Liabilities,balance_sheet,2025-12-31
A555d5f,Aded344,Non-Investment Assets - Cash,balance_sheet,2025-12-31
A555d5f,Aded344,Non-Investment Liabilities - Other Liabilities,balance_sheet,2025-12-31
Abc54d3,Aded344,Non-Investment Assets - Cash,balance_sheet,2025-12-31
Abc54d3,Aded344,Non-Investment Liabilities - Other Liabilities,balance_sheet,2025-12-31
A7804fe,Aded344,Non-Investment Assets - Cash,balance_sheet,2025-12-31
A7804fe,Aded344,Non-Investments Liabilities - Other liabilities,balance_sheet,2025-12-31
A56ea14,A44e6c2,Non-Investment Assets - Cash,balance_sheet,2025-12-31
A56ea14,A44e6c2,Non-Investment Assets - Other Assets,balance_sheet,2025-12-31
A56ea14,A44e6c2,Non-Investment Liabilities - Other Liabilities,balance_sheet,2025-12-31
A680edc,Aded344,Non-Investment Assets - Cash,balance_sheet,2025-12-31
A680edc,Aded344,Non-Investment Assets - Other Assets,balance_sheet,2025-12-31
A680edc,Aded344,Non-Investment Liabilities - Other Liabilities,balance_sheet,2025-12-31
A79043d,Aded344,Non-Investment Assets - Cash,balance_sheet,2025-12-31
A79043d,Aded344,Non-Investment Assets - Other Assets,balance_sheet,2025-12-31
A79043d,Aded344,Non-Investment Liabilities - Other Liabilities,balance_sheet,2025-12-31
A396ea8,Aded344,Non-Investment Assets - Cash,balance_sheet,2025-12-31
A396ea8,Aded344,Non-Investment Assets - Other Assets,balance_sheet,2025-12-31
A396ea8,Aded344,Non-Investment Liabilities - Other Liabilities,balance_sheet,2025-12-31
Ad18ba4,Aded344,Non-Investment Assets - Cash,balance_sheet,2025-12-31
Ad18ba4,Aded344,Non-Investment Assets - Other Assets,balance_sheet,2025-12-31
Ad18ba4,Aded344,Non-Investment Liabilities - Other Liabilities,balance_sheet,2025-12-31
Ab7dccf,Aded344,Non-Investment Assets - Cash,balance_sheet,2025-12-31
Ab7dccf,Aded344,Non-Investment Assets - Other Assets,balance_sheet,2025-12-31
Ab7dccf,Aded344,Non-Investment Liabilities - Other Liabilities,balance_sheet,2025-12-31
Ae27857,Aded344,Non-Investment Assets - Cash,balance_sheet,2025-12-31
Ae27857,Aded344,Non-Investment Assets - Other Assets,balance_sheet,2025-12-31
Ae27857,Aded344,Non-Investment Liabilities - Other Liabilities,balance_sheet,2025-12-31
Ae27857,Aded344,Non-Investment Liabilities - Subscription Line of Credit,balance_sheet,2025-12-31
Ae5aac1,Aded344,Non-Investment Assets - Cash,balance_sheet,2025-12-31
Ae5aac1,Aded344,Non-Investment Assets - Other Assets,balance_sheet,2025-12-31
Ae5aac1,Aded344,Non-Investment Liabilities - Other Liabilities,balance_sheet,2025-12-31
A4f0eca,A2d789a,Non-Investment Assets - Cash,balance_sheet,2025-12-31
A4f0eca,A2d789a,Non-Investment Assets - Other Assets,balance_sheet,2025-12-31
A4f0eca,A2d789a,Non-Investment Liabilities - Other Liabilities,balance_sheet,2025-12-31
A21846d,A2d789a,ASC 740-10 Accrual,accounting_entry,2025-12-31
A21846d,A2d789a,Non-Investment Assets - Cash,balance_sheet,2025-12-31
A21846d,A2d789a,Non-Investment Assets - Other Assets,balance_sheet,2025-12-31
A21846d,A2d789a,Non-Investment Liabilities - Other Liabilities,balance_sheet,2025-12-31
A21846d,A2d789a,Quarterly Unrealized Gain/Loss,accounting_entry,2025-12-31
Ae848ec,A2d789a,ASC 740-10 Accrual,accounting_entry,2025-12-31
Ae848ec,A2d789a,Non-Investment Assets - Cash,balance_sheet,2025-12-31
Ae848ec,A2d789a,Non-Investment Assets - Other Assets,balance_sheet,2025-12-31
Ae848ec,A2d789a,Non-Investment Liabilities - Other Liabilities,balance_sheet,2025-12-31
Ae848ec,A2d789a,Quarterly Unrealized Gain/Loss,accounting_entry,2025-12-31
A1e1987,A2d789a,ASC 740-10 Accrual,accounting_entry,2025-12-31
A1e1987,A2d789a,Non-Investment Assets - Cash,balance_sheet,2025-12-31
A1e1987,A2d789a,Non-Investment Assets - Other Assets,balance_sheet,2025-12-31
A1e1987,A2d789a,Non-Investment Liabilities - Other Liabilities,balance_sheet,2025-12-31
A1e1987,A2d789a,Quarterly Unrealized Gain/Loss,accounting_entry,2025-12-31
A14ab79,A2d789a,ASC 740-10 Accrual,accounting_entry,2025-12-31
A14ab79,A2d789a,Non-Investment Assets - Cash,balance_sheet,2025-12-31
A14ab79,A2d789a,Non-Investment Assets - Other Assets,balance_sheet,2025-12-31
A14ab79,A2d789a,Non-Investment Liabilities - Other Liabilities,balance_sheet,2025-12-31
A14ab79,A2d789a,Quarterly Unrealized Gain/Loss,accounting_entry,2025-12-31
Ae1b92f,A2d789a,Non-Investment Assets - Cash,balance_sheet,2025-12-31
Ae1b92f,A2d789a,Non-Investment Assets - Other Assets,balance_sheet,2025-12-31
Ae1b92f,A2d789a,Non-Investment Liabilities - Other Liabilities,balance_sheet,2025-12-31
Ae1b92f,A2d789a,Quarterly Unrealized Gain/Loss,accounting_entry,2025-12-31
A97e381,A2d789a,ASC 740-10 Accrual,accounting_entry,2025-12-31
A97e381,A2d789a,Non-Investment Assets - Cash,balance_sheet,2025-12-31
A97e381,A2d789a,Non-Investment Liabilities - Other Liabilities,balance_sheet,2025-12-31
A97e381,A2d789a,Quarterly Unrealized Gain/Loss,accounting_entry,2025-12-31
Ade1748,A2d789a,ASC 740-10 Accrual,accounting_entry,2025-12-31
Ade1748,A2d789a,Non-Investment Assets - Cash,balance_sheet,2025-12-31
Ade1748,A2d789a,Non-Investment Liabilities - Other Liabilities,balance_sheet,2025-12-31
Ade1748,A2d789a,Quarterly Unrealized Gain/Loss,accounting_entry,2025-12-31
A8cdb70,A2d789a,ASC 740-10 Accrual,accounting_entry,2025-12-31
A8cdb70,A2d789a,Non-Investment Assets - Cash,balance_sheet,2025-12-31
A8cdb70,A2d789a,Non-Investment Liabilities - Other Liabilities,balance_sheet,2025-12-31
A8cdb70,A2d789a,Quarterly Unrealized Gain/Loss,accounting_entry,2025-12-31
A1f001f,A2d789a,ASC 740-10 Accrual,accounting_entry,2025-12-31
A1f001f,A2d789a,Non-Investment Assets - Cash,balance_sheet,2025-12-31
A1f001f,A2d789a,Non-Investment Liabilities - Other Liabilities,balance_sheet,2025-12-31
A1f001f,A2d789a,Quarterly Unrealized Gain/Loss,accounting_entry,2025-12-31
Acd9669,A2d789a,ASC 740-10 Accrual,accounting_entry,2025-12-31
Acd9669,A2d789a,Non-Investment Assets - Cash,balance_sheet,2025-12-31
Acd9669,A2d789a,Non-Investment Assets - Other Assets,balance_sheet,2025-12-31
Acd9669,A2d789a,Non-Investment Liabilities - Other Liabilities,balance_sheet,2025-12-31
Acd9669,A2d789a,Quarterly Unrealized Gain/Loss,accounting_entry,2025-12-31
A07e679,A2d789a,ASC 740-10 Accrual,accounting_entry,2025-12-31
A07e679,A2d789a,Non-Investment Assets - Cash,balance_sheet,2025-12-31
A07e679,A2d789a,Non-Investment Assets - Other Assets,balance_sheet,2025-12-31
A07e679,A2d789a,Non-Investment Liabilities - Other Liabilities,balance_sheet,2025-12-31
A07e679,A2d789a,Quarterly Unrealized Gain/Loss,accounting_entry,2025-12-31
Ab2a293,A2d789a,ASC 740-10 Accrual,accounting_entry,2025-12-31
Ab2a293,A2d789a,Non-Investment Assets - Cash,balance_sheet,2025-12-31
Ab2a293,A2d789a,Non-Investment Assets - Other Assets,balance_sheet,2025-12-31
Ab2a293,A2d789a,Non-Investment Liabilities - Other Liabilities,balance_sheet,2025-12-31
Ab2a293,A2d789a,Quarterly Unrealized Gain/Loss,accounting_entry,2025-12-31
Aabfb4f,A2d789a,ASC 740-10 Accrual,accounting_entry,2025-12-31
Aabfb4f,A2d789a,Non-Investment Assets - Cash,balance_sheet,2025-12-31
Aabfb4f,A2d789a,Non-Investment Assets - Other Assets,balance_sheet,2025-12-31
Aabfb4f,A2d789a,Non-Investment Liabilities - Other Liabilities,balance_sheet,2025-12-31
Aabfb4f,A2d789a,Quarterly Unrealized Gain/Loss,accounting_entry,2025-12-31
A159f57,A2d789a,ASC 740-10 Accrual,accounting_entry,2025-12-31
A159f57,A2d789a,Non-Investment Assets - Cash,balance_sheet,2025-12-31
A159f57,A2d789a,Non-Investment Assets - Other Assets,balance_sheet,2025-12-31
A159f57,A2d789a,Non-Investment Liabilities - Other Liabilities,balance_sheet,2025-12-31
A159f57,A2d789a,Quarterly Unrealized Gain/Loss,accounting_entry,2025-12-31
Af38835,A2d789a,ASC 740-10 Accrual,accounting_entry,2025-12-31
Af38835,A2d789a,Non-Investment Assets - Cash,balance_sheet,2025-12-31
Af38835,A2d789a,Non-Investment Assets - Other Assets,balance_sheet,2025-12-31
Af38835,A2d789a,Non-Investment Liabilities - Other Liabilities,balance_sheet,2025-12-31
Af38835,A2d789a,Quarterly Unrealized Gain/Loss,accounting_entry,2025-12-31
Ae1bc14,A2d789a,ASC 740-10 Accrual,accounting_entry,2025-12-31
Ae1bc14,A2d789a,Non-Investment Assets - Cash,balance_sheet,2025-12-31
Ae1bc14,A2d789a,Non-Investment Assets - Other Assets,balance_sheet,2025-12-31
Ae1bc14,A2d789a,Non-Investment Liabilities - Other Liabilities,balance_sheet,2025-12-31
Ae1bc14,A2d789a,Quarterly Unrealized Gain/Loss,accounting_entry,2025-12-31
Ad1697b,A2d789a,ASC 740-10 Accrual,accounting_entry,2025-12-31
Ad1697b,A2d789a,Non-Investment Assets - Cash,balance_sheet,2025-12-31
Ad1697b,A2d789a,Non-Investment Assets - Other Assets,balance_sheet,2025-12-31
Ad1697b,A2d789a,Non-Investment Liabilities - Other Liabilities,balance_sheet,2025-12-31
Ad1697b,A2d789a,Quarterly Unrealized Gain/Loss,accounting_entry,2025-12-31
A84826f,A2d789a,Non-Investment Assets - Cash,balance_sheet,2025-12-31
A84826f,A2d789a,Non-Investment Assets - Other Assets,balance_sheet,2025-12-31
A84826f,A2d789a,Non-Investment Liabilities - Other Liabilities,balance_sheet,2025-12-31
A84826f,A2d789a,Quarterly Unrealized Gain/Loss,accounting_entry,2025-12-31
A828a39,A7b259c,Non-Investment Assets - Cash,balance_sheet,2025-12-31
A828a39,A7b259c,Non-Investment Assets - Other Assets,balance_sheet,2025-12-31
A828a39,A7b259c,Non-Investment Liabilities - Other Liabilities,balance_sheet,2025-12-31
A828a39,A7b259c,Non-Investment Liabilities - Subscription Line of Credit,balance_sheet,2025-12-31
A6e113b,A7b259c,Non-Investment Assets - Cash,balance_sheet,2025-12-31
A6e113b,A7b259c,Non-Investment Assets - Other Assets,balance_sheet,2025-12-31
A6e113b,A7b259c,Non-Investment Liabilities - Other Liabilities,balance_sheet,2025-12-31
A6e113b,A7b259c,Non-Investment Liabilities - Subscription Line of Credit,balance_sheet,2025-12-31
Adbd48d,A01041e,Non-Investment Assets - Cash,balance_sheet,2025-12-31
Adbd48d,A01041e,Non-Investment Assets - Other Assets,balance_sheet,2025-12-31
Adbd48d,A01041e,Non-Investment Liabilities - Other Liabilities,balance_sheet,2025-12-31
Ac1eb23,A8e74aa,Non-Investment Assets - Cash,balance_sheet,2025-12-31
Ac1eb23,A8e74aa,Non-Investment Assets - Other Assets,balance_sheet,2025-12-31
Ac1eb23,A8e74aa,Non-Investment Liabilities - Other Liabilities,balance_sheet,2025-12-31
A2c973b,A8d1733,Non-Investment Assets - Cash,balance_sheet,2025-12-31
A2c973b,A8d1733,Non-Investment Assets - Other Assets,balance_sheet,2025-12-31
A2c973b,A8d1733,Non-Investment liabilities - Other liabilities,balance_sheet,2025-12-31
A41fefa,A8d1733,Non-Investment Assets - Cash,balance_sheet,2025-12-31
A41fefa,A8d1733,Non-Investment Assets - Other Assets,balance_sheet,2025-12-31
A41fefa,A8d1733,Non-Investment Liabilities - Other Liabilities,balance_sheet,2025-12-31
A5bb3fe,A8d1733,Non-Investment Assets - Cash,balance_sheet,2025-12-31
A5bb3fe,A8d1733,Non-Investment Assets - Other Assets,balance_sheet,2025-12-31
A5bb3fe,A8d1733,Non-Investment Liabilities - Other Liabilities,balance_sheet,2025-12-31
A80b715,A8d1733,Non-Investment Assets - Cash,balance_sheet,2025-12-31
A80b715,A8d1733,Non-Investment Assets - Other Assets,balance_sheet,2025-12-31
A80b715,A8d1733,Non-Investment Liabilities - Other Liabilities,balance_sheet,2025-12-31
Ae4c498,A8d1733,Non-Investment Assets - Cash,balance_sheet,2025-12-31
Ae4c498,A8d1733,Non-Investment Assets - Other Assets,balance_sheet,2025-12-31
Ae4c498,A8d1733,Non-Investment Liabilities - Other Liabilities,balance_sheet,2025-12-31
A28d8b6,A7b4b7c,Non-Investment Assets - Cash,balance_sheet,2025-12-31
A28d8b6,A7b4b7c,Non-Investment Assets - Other Assets,balance_sheet,2025-12-31
A28d8b6,A7b4b7c,Non-Investment Liabilities - Other Liabilities,balance_sheet,2025-12-31
Aaa2cfe,A7b4b7c,Non-Investment Assets - Cash,balance_sheet,2025-12-31
Aaa2cfe,A7b4b7c,Non-Investment Assets - Other Assets,balance_sheet,2025-12-31
Aaa2cfe,A7b4b7c,Non-Investment Liabilities - Other Liabilities,balance_sheet,2025-12-31
Ab7a076,A7b4b7c,Non-Investment Assets - Cash,balance_sheet,2025-12-31
Ab7a076,A7b4b7c,Non-Investment Assets - Other Assets,balance_sheet,2025-12-31
Ab7a076,A7b4b7c,Non-Investment Liabilities - Other Liabilities,balance_sheet,2025-12-31
A51255c,A7b4b7c,Non-Investment Assets - Cash,balance_sheet,2025-12-31
A51255c,A7b4b7c,Non-Investment Assets - Other Assets,balance_sheet,2025-12-31
A51255c,A7b4b7c,Non-Investment Liabilities - Other Liabilities,balance_sheet,2025-12-31
A06207a,A7b4b7c,Non-Investment Assets - Cash,balance_sheet,2025-12-31
A06207a,A7b4b7c,Non-Investment Assets - Other Assets,balance_sheet,2025-12-31
A06207a,A7b4b7c,Non-Investment Liabilities - Other Liabilities,balance_sheet,2025-12-31
A6a1271,Ab9d621,Non-Investment Assets - Cash,balance_sheet,2025-12-31
A6a1271,Ab9d621,Non-Investment Assets - Other Assets,balance_sheet,2025-12-31
Ab560d4,Aac22ed,Non-Investment Assets - Cash,balance_sheet,2025-12-31
Ab560d4,Aac22ed,Non-Investment Assets - Other Assets,balance_sheet,2025-12-31
Ab560d4,Aac22ed,Non-Investment Liabilities - Other Liabilities,balance_sheet,2025-12-31
A6bfae0,Aac22ed,Non-Investment Assets - Cash,balance_sheet,2025-12-31
A6bfae0,Aac22ed,Non-Investment Assets - Other Assets,balance_sheet,2025-12-31
A6bfae0,Aac22ed,Non-Investment Liabilities - Other Liabilities,balance_sheet,2025-12-31
A6bfae0,Aac22ed,Realized Proceeds Applied to Loan Repayment,accounting_entry,2025-12-31
A8ff6ae,Ab9d621,Non-Investment Assets - Cash,balance_sheet,2025-12-31
A8ff6ae,Ab9d621,Non-Investment Assets - Other Assets,balance_sheet,2025-12-31
A8ff6ae,Ab9d621,Non-Investment Liabilities - Other Liabilities,balance_sheet,2025-12-31
Abacebf,Ab9d621,Non-Investment Assets - Cash,balance_sheet,2025-12-31
Abacebf,Ab9d621,Non-Investment Assets - Other Assets,balance_sheet,2025-12-31
Abacebf,Ab9d621,Non-Investment Liabilities - Other Liabilities,balance_sheet,2025-12-31
Ad880d6,Ab9d621,Non-Investment Assets - Cash,balance_sheet,2025-12-31
Ad880d6,Ab9d621,Non-Investment Assets - Other Assets,balance_sheet,2025-12-31
Ad880d6,Ab9d621,Non-Investment Liabilities - Other Liabilities,balance_sheet,2025-12-31
A40c919,A4a1f26,Non-Investment Assets - Cash,balance_sheet,2025-12-31
A40c919,A4a1f26,Non-Investment Assets - Other Assets,balance_sheet,2025-12-31
A40c919,A4a1f26,Non-Investment Liabilities - Other Liabilities,balance_sheet,2025-12-31
A40c919,A4a1f26,Non-Investment Liabilities - Subscription Line of Credit,balance_sheet,2025-12-31
A86b250,A4a1f26,Non-Investment Assets - Cash,balance_sheet,2025-12-31
A86b250,A4a1f26,Non-Investment Assets - Other Assets,balance_sheet,2025-12-31
A86b250,A4a1f26,Non-Investment Liabilities - Other Liabilities,balance_sheet,2025-12-31
A7906e8,A4a1f26,Non-Investment Assets - Cash,balance_sheet,2025-12-31
A7906e8,A4a1f26,Non-Investment Assets - Other Assets,balance_sheet,2025-12-31
A7906e8,A4a1f26,Non-Investment Liabilities - Other Liabilities,balance_sheet,2025-12-31
A7906e8,A4a1f26,Non-Investment Liabilities - Subscription Line of Credit,balance_sheet,2025-12-31
A72c0d9,A4a1f26,Non-Investment Assets - Cash,balance_sheet,2025-12-31
A72c0d9,A4a1f26,Non-Investment Assets - Other Assets,balance_sheet,2025-12-31
A72c0d9,A4a1f26,Non-Investment Liabilities - Other Liabilities,balance_sheet,2025-12-31
A4081d6,A4a1f26,Non-Investment Assets - Cash,balance_sheet,2025-12-31
A4081d6,A4a1f26,Non-Investment Assets - Other Assets,balance_sheet,2025-12-31
A4081d6,A4a1f26,Non-Investment Liabilities - Other Liabilities,balance_sheet,2025-12-31
A4081d6,A4a1f26,Non-Investment Liabilities - Subscription Line of Credit,balance_sheet,2025-12-31
A2cf5a1,A4a1f26,Non-Investment Assets - Cash,balance_sheet,2025-12-31
A2cf5a1,A4a1f26,Non-Investment Assets - Other Assets,balance_sheet,2025-12-31
A2cf5a1,A4a1f26,Non-Investment Liabilities - Other Liabilities,balance_sheet,2025-12-31
A471573,A4a1f26,Non-Investment Assets - Cash,balance_sheet,2025-12-31
A471573,A4a1f26,Non-Investment Assets - Other Assets,balance_sheet,2025-12-31
A471573,A4a1f26,Non-Investment Liabilities - Other Liabilities,balance_sheet,2025-12-31
Aa98e63,Aa130ea,Non-Investment Assets - Cash,balance_sheet,2025-12-31
Aa98e63,Aa130ea,Non-Investment Assets - Other Assets,balance_sheet,2025-12-31
Aa98e63,Aa130ea,Non-Investment Liabilities - Other Liabilities,balance_sheet,2025-12-31
Af5fed4,Aa130ea,Non-Investment Assets - Cash,balance_sheet,2025-12-31
Af5fed4,Aa130ea,Non-Investment Assets - Other Assets,balance_sheet,2025-12-31
Af5fed4,Aa130ea,Non-Investment Liabilities - Other Liabilities,balance_sheet,2025-12-31
A86e0b1,Aa130ea,Non-Investment Assets - Cash,balance_sheet,2025-12-31
A86e0b1,Aa130ea,Non-Investment Assets - Other Assets,balance_sheet,2025-12-31
A86e0b1,Aa130ea,Non-Investment Liabilities - Other Liabilities,balance_sheet,2025-12-31
A096a41,Aa130ea,Non-Investment Assets - Cash,balance_sheet,2025-12-31
A096a41,Aa130ea,Non-Investment Assets - Other Assets,balance_sheet,2025-12-31
A096a41,Aa130ea,Non-Investment Liabilities - Other Liabilities,balance_sheet,2025-12-31
Accb8dc,A128c7a,Non-Investment Assets - Cash,balance_sheet,2025-12-31
Accb8dc,A128c7a,Non-Investment Assets - Other Assets,balance_sheet,2025-12-31
Accb8dc,A128c7a,Non-Investment Liabilities - Other Liabilities,balance_sheet,2025-12-31
A60210b,A128c7a,Non-Investment Assets - Cash,balance_sheet,2025-12-31
A60210b,A128c7a,Non-Investment Assets - Other Assets,balance_sheet,2025-12-31
A60210b,A128c7a,Non-Investment Liabilities - Other Liabilities,balance_sheet,2025-12-31
A60210b,A128c7a,Non-Investment Liabilities - Subscription Line of Credit,balance_sheet,2025-12-31
A80d406,A15f96f,Non-Investment Assets - Cash,balance_sheet,2025-12-31
A80d406,A15f96f,Non-Investment Assets - Other Assets,balance_sheet,2025-12-31
A80d406,A15f96f,Non-Investment Liabilities - Other Liabilities,balance_sheet,2025-12-31
Aeccf59,Af0082f,Non-Investment Assets - Cash,balance_sheet,2025-12-31
Aeccf59,Af0082f,Non-Investment Liabilities - Other Liabilities,balance_sheet,2025-12-31
A65fb68,Af0082f,Non-Investment Assets - Cash,balance_sheet,2025-12-31
A65fb68,Af0082f,Non-Investment Assets - Other Assets,balance_sheet,2025-12-31
A65fb68,Af0082f,Non-Investment Liabilities - Other Liabilities,balance_sheet,2025-12-31
A9859d3,Af0082f,Non-Investment Assets - Cash,balance_sheet,2025-12-31
A9859d3,Af0082f,Non-Investment Liabilities - Other Liabilities,balance_sheet,2025-12-31
A80ede9,Af0082f,Non-Investment Assets - Cash,balance_sheet,2025-12-31
A80ede9,Af0082f,Non-Investment Assets - Other Assets,balance_sheet,2025-12-31
A80ede9,Af0082f,Non-Investment Liabilities - Other Liabilities,balance_sheet,2025-12-31
A72f874,Af0082f,Non-Investment Assets - Cash,balance_sheet,2025-12-31
A72f874,Af0082f,Non-Investment Assets - Other Assets,balance_sheet,2025-12-31
A72f874,Af0082f,Non-Investment Liabilities - Other Liabilities,balance_sheet,2025-12-31
A2234f1,A12c595,Non-Investment Assets - Cash,balance_sheet,2025-12-31
A2234f1,A12c595,Non-Investment Assets - Other Assets,balance_sheet,2025-12-31
A2234f1,A12c595,Non-Investment Liabilities - Other Liabilities,balance_sheet,2025-12-31
A2234f1,A12c595,Pending Escrow,accounting_entry,2025-12-31
Aab52e1,Acc91f3,Cumulative unrealized loss from foreign currency translation,accounting_entry,2025-12-31
Aab52e1,Acc91f3,Non-Investment Assets - Cash,balance_sheet,2025-12-31
Aab52e1,Acc91f3,Non-Investment Assets - Other Assets,balance_sheet,2025-12-31
Aab52e1,Acc91f3,Non-Investment Liabilities - Other Liabilities,balance_sheet,2025-12-31
A3d41c0,Acc91f3,Cumulative unrealized loss from foreign currency translation,accounting_entry,2025-12-31
A3d41c0,Acc91f3,Non-Investment Assets - Cash,balance_sheet,2025-12-31
A3d41c0,Acc91f3,Non-Investment Assets - Other Assets,balance_sheet,2025-12-31
A3d41c0,Acc91f3,Non-Investment Liabilities - Other Liabilities,balance_sheet,2025-12-31
A2f629e,Acc91f3,Cumulative unrealized loss from foreign currency translation,accounting_entry,2025-12-31
A2f629e,Acc91f3,Non-Investment Assets - Cash,balance_sheet,2025-12-31
A2f629e,Acc91f3,Non-Investment Assets - Other Assets,balance_sheet,2025-12-31
A2f629e,Acc91f3,Non-Investment Liabilities - Other Liabilities,balance_sheet,2025-12-31
A51914b,Acc91f3,Foreign Currency Translation,accounting_entry,2025-12-31
A51914b,Acc91f3,Non-Investment Assets - Cash,balance_sheet,2025-12-31
A51914b,Acc91f3,Non-Investment Liabilities - Other Liabilities,balance_sheet,2025-12-31
Aef37a9,A12c595,Non-Investment Assets - Cash,balance_sheet,2025-12-31
Aef37a9,A12c595,Non-Investment Assets - Other Assets,balance_sheet,2025-12-31
Aef37a9,A12c595,Non-Investment Liabilities - Other Liabilities,balance_sheet,2025-12-31
A77a5f6,A12c595,Non-Investment Assets - Cash,balance_sheet,2025-12-31
A77a5f6,A12c595,Non-Investment Assets - Other Assets,balance_sheet,2025-12-31
A77a5f6,A12c595,Non-Investment Liabilities - Other Liabilities,balance_sheet,2025-12-31
A23025c,A12c595,Non-Investment Assets - Cash,balance_sheet,2025-12-31
A23025c,A12c595,Non-Investment Assets - Other Assets,balance_sheet,2025-12-31
A23025c,A12c595,Non-Investment Liabilities - Other Liabilities,balance_sheet,2025-12-31
A23025c,A12c595,Pending Escrow,accounting_entry,2025-12-31
A6f76d1,khepcn,Non-Investment Assets - Cash,balance_sheet,2025-12-31
A6f76d1,khepcn,Non-Investment Assets - Other Assets,balance_sheet,2025-12-31
A6f76d1,khepcn,Non-Investment Liabilities - Other Liabilities,balance_sheet,2025-12-31
A6f76d1,khepcn,Non-Investment Liabilities - Subscription Line of Credit,balance_sheet,2025-12-31
Ab1beeb,A6a2191,Non-Investment Assets - Cash,balance_sheet,2025-12-31
Ab1beeb,A6a2191,Non-Investment Assets - Other Assets,balance_sheet,2025-12-31
Ab1beeb,A6a2191,Non-Investment Liabilities - Other Liabilities,balance_sheet,2025-12-31
A6e9d21,A899074,Non-Investment Assets - Cash,balance_sheet,2025-12-31
A6e9d21,A899074,Non-Investment Assets - Other Assets,balance_sheet,2025-12-31
A6e9d21,A899074,Non-Investment Liabilities - Other Liabilities,balance_sheet,2025-12-31
A8b6332,A899074,Non-Investment Assets - Cash,balance_sheet,2025-12-31
A8b6332,A899074,Non-Investment Assets - Other Assets,balance_sheet,2025-12-31
A8b6332,A899074,Non-Investment Liabilities - Other Liabilities,balance_sheet,2025-12-31
Ab781b9,A899074,Non-Investment Assets - Cash,balance_sheet,2025-12-31
Ab781b9,A899074,Non-Investment Assets - Other Assets,balance_sheet,2025-12-31
Ab781b9,A899074,Non-Investment Liabilities - Other Liabilities,balance_sheet,2025-12-31
A19d854,A899074,Non-Investment Assets - Cash,balance_sheet,2025-12-31
A19d854,A899074,Non-Investment Assets - Other Assets,balance_sheet,2025-12-31
A19d854,A899074,Non-Investment Liabilities - Other Liabilities,balance_sheet,2025-12-31
Afed02f,A899074,Non-Investment Assets - Cash,balance_sheet,2025-12-31
Afed02f,A899074,Non-Investment Assets - Other Assets,balance_sheet,2025-12-31
Afed02f,A899074,Non-Investment Liabilities - Other Liabilities,balance_sheet,2025-12-31
Af75e33,A4d29bc,Non-Investment Assets - Cash,balance_sheet,2025-12-31
Af75e33,A4d29bc,Non-Investment Assets - Other Assets,balance_sheet,2025-12-31
Af75e33,A4d29bc,Non-Investment Liabilities - Other Liabilities,balance_sheet,2025-12-31
A1cecbf,A372a3f,Non-Investment Assets - Cash,balance_sheet,2025-12-31
A1cecbf,A372a3f,Non-Investment Liabilities - Other Liabilities,balance_sheet,2025-12-31
A4ff743,A372a3f,Non-Investment Assets - Cash,balance_sheet,2025-12-31
A4ff743,A372a3f,Non-Investment Liabilities - Other Liabilities,balance_sheet,2025-12-31
A32ca97,Ac1f496,Non-Investment Assets - Cash,balance_sheet,2025-12-31
A32ca97,Ac1f496,Non-Investment Assets - Other Assets,balance_sheet,2025-12-31
A32ca97,Ac1f496,Non-Investment Liabilities - Other Liabilities,balance_sheet,2025-12-31
A32ca97,Ac1f496,Non-Investment Liabilities - Subscription Line of Credit,balance_sheet,2025-12-31
A7d911d,A3d16f4,Non-Investment Assets - Cash,balance_sheet,2025-12-31
A7d911d,A3d16f4,Non-Investment Assets - Other Assets,balance_sheet,2025-12-31
A7d911d,A3d16f4,Non-Investment Liabilities - Other Liabilities,balance_sheet,2025-12-31
A7dba47,A3d16f4,Non-Investment Assets - Cash,balance_sheet,2025-12-31
A7dba47,A3d16f4,Non-Investment Assets - Other Assets,balance_sheet,2025-12-31
A7dba47,A3d16f4,Non-Investment Liabilities - Other Liabilities,balance_sheet,2025-12-31
A7e6207,A3d16f4,Non-Investment Assets - Cash,balance_sheet,2025-12-31
A7e6207,A3d16f4,Non-Investment Assets - Other Assets,balance_sheet,2025-12-31
A7e6207,A3d16f4,Non-Investment Liabilities - Other Liabilities,balance_sheet,2025-12-31
A8cbf09,A3d16f4,Non-Investment Assets - Cash,balance_sheet,2025-12-31
A8cbf09,A3d16f4,Non-Investment Assets - Other Assets,balance_sheet,2025-12-31
A8cbf09,A3d16f4,Non-Investment Liabilities - Other Liabilities,balance_sheet,2025-12-31
A4923d3,A3d16f4,Non-Investment Assets - Cash,balance_sheet,2025-12-31
A4923d3,A3d16f4,Non-Investment Assets - Other Assets,balance_sheet,2025-12-31
A4923d3,A3d16f4,Non-Investment Liabilities - Other Liabilities,balance_sheet,2025-12-31
A1f3d5e,A4f8dbc,Non-Investment Assets - Cash,balance_sheet,2025-12-31
A1f3d5e,A4f8dbc,Non-Investment Assets - Other Assets,balance_sheet,2025-12-31
A1f3d5e,A4f8dbc,Non-Investment Liabilities - Other Liabilities,balance_sheet,2025-12-31
A8b56b9,Af8a639,AFS Gain/Loss,accounting_entry,2025-12-31
A8b56b9,Af8a639,Non-Investment Assets - Cash,balance_sheet,2025-12-31
A8b56b9,Af8a639,Non-Investment Assets - Other Assets,balance_sheet,2025-12-31
A8b56b9,Af8a639,Non-Investment Liabilities - Other Liabilities,balance_sheet,2025-12-31
A429e54,Af8a639,AFS Gain/Loss,accounting_entry,2025-12-31
A429e54,Af8a639,Non-Investment Assets - Cash,balance_sheet,2025-12-31
A429e54,Af8a639,Non-Investment Assets - Other Assets,balance_sheet,2025-12-31
A429e54,Af8a639,Non-Investment Liabilities - Other Liabilities,balance_sheet,2025-12-31
Ae10016,Af8a639,AFS Gain/Loss,accounting_entry,2025-12-31
Ae10016,Af8a639,Non-Investment Assets - Cash,balance_sheet,2025-12-31
Ae10016,Af8a639,Non-Investment Assets - Other Assets,balance_sheet,2025-12-31
Ae10016,Af8a639,Non-Investment Liabilities - Other Liabilities,balance_sheet,2025-12-31
Ae10016,Af8a639,Non-Investment Liabilities - Subscription Line of Credit,balance_sheet,2025-12-31
Afd067a,A945638,Annual Current Cost Gain/Loss,accounting_entry,2025-12-31
Afd067a,A945638,Non-Investment Assets - Cash,balance_sheet,2025-12-31
Afd067a,A945638,Non-Investment Assets - Other Assets,balance_sheet,2025-12-31
Afd067a,A945638,Non-Investment Liabilities - Other Liabilities,balance_sheet,2025-12-31
Afd067a,A945638,Quarterly Unrealized Gain/Loss,accounting_entry,2025-12-31
Ad8891c,A945638,Annual Current Cost Gain/Loss,accounting_entry,2025-12-31
Ad8891c,A945638,Non-Investment Assets - Cash,balance_sheet,2025-12-31
Ad8891c,A945638,Non-Investment Liabilities - Other Liabilities,balance_sheet,2025-12-31
Ad8891c,A945638,Quarterly Unrealized Gain/Loss,accounting_entry,2025-12-31
A7b4ffd,A945638,Annual Current Cost Gain/Loss,accounting_entry,2025-12-31
A7b4ffd,A945638,Non-Investment Assets - Cash,balance_sheet,2025-12-31
A7b4ffd,A945638,Non-Investment Assets - Other Assets,balance_sheet,2025-12-31
A7b4ffd,A945638,Non-Investment Liabilities - Other Liabilities,balance_sheet,2025-12-31
A7b4ffd,A945638,Quarterly Unrealized Gain/Loss,accounting_entry,2025-12-31
A557ea2,A945638,Annual Current Cost Gain/Loss,accounting_entry,2025-12-31
A557ea2,A945638,Non-Investment Assets - Cash,balance_sheet,2025-12-31
A557ea2,A945638,Non-Investment Assets - Other Assets,balance_sheet,2025-12-31
A557ea2,A945638,Non-Investment Liabilities - Other Liabilities,balance_sheet,2025-12-31
A557ea2,A945638,Quarterly Unrealized Gain/Loss,accounting_entry,2025-12-31
A83c2dd,A945638,Annual Current Cost Gain/Loss,accounting_entry,2025-12-31
A83c2dd,A945638,Non-Investment Assets - Cash,balance_sheet,2025-12-31
A83c2dd,A945638,Non-Investment Assets - Other Assets,balance_sheet,2025-12-31
A83c2dd,A945638,Non-Investment Liabilities - Other Liabilities,balance_sheet,2025-12-31
A83c2dd,A945638,Quarterly Unrealized Gain/Loss,accounting_entry,2025-12-31
A51d5e4,A945638,Annual Current Cost Gain/Loss,accounting_entry,2025-12-31
A51d5e4,A945638,Non-Investment Assets - Cash,balance_sheet,2025-12-31
A51d5e4,A945638,Non-Investment Assets - Other Assets,balance_sheet,2025-12-31
A51d5e4,A945638,Non-Investment Liabilities - Other Liabilities,balance_sheet,2025-12-31
A51d5e4,A945638,Quarterly Unrealized Gain/Loss,accounting_entry,2025-12-31
A16c87d,A945638,Non-Investment Assets - Cash,balance_sheet,2025-12-31
A16c87d,A945638,Non-Investment Liabilities - Other Liabilities,balance_sheet,2025-12-31
A16c87d,A945638,Quarterly Unrealized Gain/Loss,accounting_entry,2025-12-31
A5a0710,A945638,Non-Investment Assets - Cash,balance_sheet,2025-12-31
A5a0710,A945638,Non-Investment Assets - Other Assets,balance_sheet,2025-12-31
A5a0710,A945638,Non-Investment Liabilities - Other Liabilities,balance_sheet,2025-12-31
A5a0710,A945638,Quarterly Unrealized Gain/Loss,accounting_entry,2025-12-31
A479270,A945638,Annual Current Cost Gain/Loss,accounting_entry,2025-12-31
A479270,A945638,Non-Investment Assets - Cash,balance_sheet,2025-12-31
A479270,A945638,Non-Investment Assets - Other Assets,balance_sheet,2025-12-31
A479270,A945638,Non-Investment Liabilities - Other Liabilities,balance_sheet,2025-12-31
A479270,A945638,Quarterly Unrealized Gain/Loss,accounting_entry,2025-12-31
A6019fe,A945638,Annual Current Cost Gain/loss,accounting_entry,2025-12-31
A6019fe,A945638,Non-Investment Assets - Cash,balance_sheet,2025-12-31
A6019fe,A945638,Non-Investment Assets - Other Assets,balance_sheet,2025-12-31
A6019fe,A945638,Non-Investment Liabilities - Other Liabilities,balance_sheet,2025-12-31
A6019fe,A945638,Quarterly Unrealized Gain/Loss,accounting_entry,2025-12-31
A43c056,A945638,Annual Current Cost Gain/loss,accounting_entry,2025-12-31
A43c056,A945638,Non-Investment Assets - Cash,balance_sheet,2025-12-31
A43c056,A945638,Non-Investment Assets - Other Assets,balance_sheet,2025-12-31
A43c056,A945638,Non-Investment Liabilities - Other Liabilities,balance_sheet,2025-12-31
A43c056,A945638,Quarterly Unrealized Gain/Loss,accounting_entry,2025-12-31
Ae1ec02,A945638,Annual Current Cost Gain/loss,accounting_entry,2025-12-31
Ae1ec02,A945638,Non-Investment Assets - Cash,balance_sheet,2025-12-31
Ae1ec02,A945638,Non-Investment Assets - Other Assets,balance_sheet,2025-12-31
Ae1ec02,A945638,Non-Investment Liabilities - Other Liabilities,balance_sheet,2025-12-31
Ae1ec02,A945638,Quarterly Unrealized Gain/Loss,accounting_entry,2025-12-31
A8244d8,Ab02df9,Non-Investment Assets - Cash,balance_sheet,2025-12-31
A8244d8,Ab02df9,Non-Investment Assets - Other Assets,balance_sheet,2025-12-31
A8244d8,Ab02df9,Non-Investment Liabilities - Other Liabilities,balance_sheet,2025-12-31
Ad6bb64,Ab02df9,Non-Investment Assets - Cash,balance_sheet,2025-12-31
Ad6bb64,Ab02df9,Non-Investment Assets - Other assets,balance_sheet,2025-12-31
Abb96b2,Ab02df9,Non-Investment Assets - Cash and cash equivalents,balance_sheet,2025-12-31
Abb96b2,Ab02df9,Non-Investment Assets - Other assets,balance_sheet,2025-12-31
Afb294f,A4a62c2,Non-Investment Assets - Cash,balance_sheet,2025-12-31
Afb294f,A4a62c2,Non-Investment Assets - Other Assets,balance_sheet,2025-12-31
Afb294f,A4a62c2,Non-Investment Liabilities - Other Liabilities,balance_sheet,2025-12-31
Ac01bd2,A4a62c2,Non-Investment Assets - Cash,balance_sheet,2025-12-31
Ac01bd2,A4a62c2,Non-Investment Assets - Other Assets,balance_sheet,2025-12-31
Ac01bd2,A4a62c2,Non-Investment Liabilities - Other Liabilities,balance_sheet,2025-12-31
A13f39c,A4a62c2,Non-Investment Assets - Cash,balance_sheet,2025-12-31
A13f39c,A4a62c2,Non-Investment Assets - Other Assets,balance_sheet,2025-12-31
A13f39c,A4a62c2,Non-Investment Liabilities - Other Liabilities,balance_sheet,2025-12-31
A13f39c,A4a62c2,Non-Investment Liabilities - Subscription Line of Credit,balance_sheet,2025-12-31
A729d8b,A4a62c2,Non-Investment Assets - Cash,balance_sheet,2025-12-31
A729d8b,A4a62c2,Non-Investment Assets - Other Assets,balance_sheet,2025-12-31
A729d8b,A4a62c2,Non-Investment Liabilities - Other Liabilities,balance_sheet,2025-12-31
Ac33ef9,A0f94cb,Non-Investment Assets - Cash,balance_sheet,2025-12-31
Ac33ef9,A0f94cb,Non-Investment Assets - Other Assets,balance_sheet,2025-12-31
Ac33ef9,A0f94cb,Non-Investment Liabilities - Other Liabilities,balance_sheet,2025-12-31
Ab0a5da,A7dd292,Non-Investment Assets - Cash,balance_sheet,2025-12-31
Ab0a5da,A7dd292,Non-Investment Assets - Other Assets,balance_sheet,2025-12-31
Ab0a5da,A7dd292,Non-Investment Liabilities - Other Liabilities,balance_sheet,2025-12-31
Affdff0,A7dd292,Non-Investment Assets - Cash,balance_sheet,2025-12-31
Affdff0,A7dd292,Non-Investment Assets - Other Assets,balance_sheet,2025-12-31
Affdff0,A7dd292,Non-Investment Liabilities - Other Liabilities,balance_sheet,2025-12-31
A2799f7,A9b5f84,Non-Investment Assets - Cash,balance_sheet,2025-12-31
A2799f7,A9b5f84,Non-Investment Assets - Other Assets,balance_sheet,2025-12-31
A2799f7,A9b5f84,Non-Investment Liabilities - Other Liabilities,balance_sheet,2025-12-31
A9b3aeb,A9b5f84,Non-Investment Assets - Cash,balance_sheet,2025-12-31
A9b3aeb,A9b5f84,Non-Investment Assets - Other Assets,balance_sheet,2025-12-31
A9b3aeb,A9b5f84,Non-Investment Liabilities - Other Liabilities,balance_sheet,2025-12-31
A3fdcff,A8bd477,Non-Investment Liabilities - Other Liabilities,balance_sheet,2025-12-31
Aff00c9,A02306d,Non-Investment Assets - Cash,balance_sheet,2025-12-31
Aff00c9,A02306d,Non-Investment Assets - Other assets,balance_sheet,2025-12-31
Aff00c9,A02306d,Non-Investment Liabilities - Other Liabilities,balance_sheet,2025-12-31
A0af6ce,A02306d,Non-Investment Assets - Cash,balance_sheet,2025-12-31
A0af6ce,A02306d,Non-Investment Assets - Other Assets,balance_sheet,2025-12-31
A0af6ce,A02306d,Non-Investment Liabilities - Other Liabilities,balance_sheet,2025-12-31
A1d6a44,A02306d,Non-Investment Assets - Cash,balance_sheet,2025-12-31
A1d6a44,A02306d,Non-Investment Liabilities - Other Liabilities,balance_sheet,2025-12-31
A5bfee3,A6a28da,Non-Investment Assets - Cash,balance_sheet,2025-12-31
A5bfee3,A6a28da,Non-Investment Assets - Other Assets,balance_sheet,2025-12-31
A5bfee3,A6a28da,Non-Investment Liabilities - Other Liabilities,balance_sheet,2025-12-31
A5bfee3,A6a28da,Non-Investment Liabilities - Subscription Line of Credit,balance_sheet,2025-12-31
A4d752f,A6a28da,Non-Investment Assets - Cash,balance_sheet,2025-12-31
A4d752f,A6a28da,Non-Investment Assets - Other Assets,balance_sheet,2025-12-31
A4d752f,A6a28da,Non-Investment Liabilities - Other Liabilities,balance_sheet,2025-12-31
A4d752f,A6a28da,Non-Investment Liabilities - Subscription Line of Credit,balance_sheet,2025-12-31
Aec91fb,Aeedbe6,Non-Investment Assets - Cash,balance_sheet,2025-12-31
Aec91fb,Aeedbe6,Non-Investment Liabilities - Other Liabilities,balance_sheet,2025-12-31
A3cde4b,Aeedbe6,Non-Investment Assets - Cash,balance_sheet,2025-12-31
A3cde4b,Aeedbe6,Non-Investment Assets - Other Assets,balance_sheet,2025-12-31
A3cde4b,Aeedbe6,Non-Investment Liabilities - Other Liabilities,balance_sheet,2025-12-31
Ae3893b,A02306d,Non-Investment Assets - Cash,balance_sheet,2025-12-31
Ae3893b,A02306d,Non-Investment Assets - Other Assets,balance_sheet,2025-12-31
Ae3893b,A02306d,Non-Investment Liabilities - Other Liabilities,balance_sheet,2025-12-31
Aac1486,A3ecea4,Non-Investment Assets - Cash,balance_sheet,2025-12-31
Aac1486,A3ecea4,Non-Investment Assets - Other Assets,balance_sheet,2025-12-31
Aac1486,A3ecea4,Non-Investment Liabilities - Other Liabilities,balance_sheet,2025-12-31
A6a2745,A3ecea4,Non-Investment Assets - Cash,balance_sheet,2025-12-31
A6a2745,A3ecea4,Non-Investment Assets - Other Assets,balance_sheet,2025-12-31
A6a2745,A3ecea4,Non-Investment Liabilities - Other Liabilities,balance_sheet,2025-12-31
A6a2745,A3ecea4,Non-Investment Liabilities - Subscription Line of Credit,balance_sheet,2025-12-31
Af6593f,A8bd477,Non-Investment Assets - Cash,balance_sheet,2025-12-31
Af6593f,A8bd477,Non-Investment Liabilities - Other Liabilities,balance_sheet,2025-12-31
Afd1cbe,A8bd477,Non-Investment Assets - Cash,balance_sheet,2025-12-31
Afd1cbe,A8bd477,Non-Investment Liabilities - Other Liabilities,balance_sheet,2025-12-31
A99e32e,A8bd477,Non-Investment Assets - Cash,balance_sheet,2025-12-31
A99e32e,A8bd477,Non-Investment Liabilities - Other Liabilities,balance_sheet,2025-12-31
A996a8a,A8bd477,Non-Investment Assets - Cash,balance_sheet,2025-12-31
A996a8a,A8bd477,Non-Investment Liabilities - Other Liabilities,balance_sheet,2025-12-31
Ace087b,A8bd477,Non-Investment Assets - Cash,balance_sheet,2025-12-31
Ace087b,A8bd477,Non-Investment Liabilities - Other Liabilities,balance_sheet,2025-12-31
Ace087b,A8bd477,Non-Investment Liabilities - Subscription Line of Credit,balance_sheet,2025-12-31
Aadd548,A8bd477,Non-Investment Assets - Cash,balance_sheet,2025-12-31
Aadd548,A8bd477,Non-Investment Liabilities - Other Liabilities,balance_sheet,2025-12-31
Aadd548,A8bd477,Non-Investment Liabilities - Subscription Line of Credit,balance_sheet,2025-12-31
A073c3d,A8bd477,Non-Investment Assets - Cash,balance_sheet,2025-12-31
A073c3d,A8bd477,Non-Investment Liabilities - Other Liabilities,balance_sheet,2025-12-31
A048b87,Adad2f2,Non-Investment Assets - Cash,balance_sheet,2025-12-31
A4d85cc,A6a0407,Non-Investment Assets - Cash,balance_sheet,2025-12-31
A4d85cc,A6a0407,Non-Investment Liabilities - Other Liabilities,balance_sheet,2025-12-31
A0d2a71,A6a0407,Non-Investment Assets - Cash,balance_sheet,2025-12-31
A0d2a71,A6a0407,Non-Investment Assets - Other Assets,balance_sheet,2025-12-31
A0d2a71,A6a0407,Non-Investment Liabilities - Other Liabilities,balance_sheet,2025-12-31
A0d2a71,A6a0407,Non-Investment Liabilities - Subscription Line of Credit,balance_sheet,2025-12-31
A26a0d1,A6a0407,Non-Investment Assets - Cash,balance_sheet,2025-12-31
A26a0d1,A6a0407,Non-Investment Assets - Other Assets,balance_sheet,2025-12-31
A26a0d1,A6a0407,Non-Investment Liabilities - Other Liabilities,balance_sheet,2025-12-31
Aeedb32,A6a0407,Non-Investment Assets - Cash,balance_sheet,2025-12-31
Aeedb32,A6a0407,Non-Investment Assets - Other Assets,balance_sheet,2025-12-31
Aeedb32,A6a0407,Non-Investment Liabilities - Other Liabilities,balance_sheet,2025-12-31
Aeedb32,A6a0407,Non-Investment Liabilities - Subscription Line of Credit,balance_sheet,2025-12-31
A4e3f9d,A7970a7,Non-Investment Assets - Cash,balance_sheet,2025-12-31
A4e3f9d,A7970a7,Non-Investment Assets - Other Assets,balance_sheet,2025-12-31
A4e3f9d,A7970a7,Non-Investment Liabilities - Other Liabilities,balance_sheet,2025-12-31
Aa82eac,A7970a7,Non-Investment Liabilities - Other Liabilities,balance_sheet,2025-12-31
A67395e,A7970a7,Non-Investment Liabilities - Other Liabilities,balance_sheet,2025-12-31
A2b1837,A7970a7,Non-Investment Liabilities - Other Liabilities,balance_sheet,2025-12-31
A8d4882,A026529,Non-Investment Assets - Cash,balance_sheet,2025-12-31
A8d4882,A026529,Non-Investment Assets - Other Assets,balance_sheet,2025-12-31
A8d4882,A026529,Non-Investment Liabilities - Other Liabilities,balance_sheet,2025-12-31
A8d4882,A026529,Quarterly Unrealized Gain/Loss,accounting_entry,2025-12-31
A84711b,A026529,Non-Investment Assets - Cash,balance_sheet,2025-12-31
A84711b,A026529,Non-Investment Assets - Other Assets,balance_sheet,2025-12-31
A84711b,A026529,Non-Investment Liabilities - Other Liabilities,balance_sheet,2025-12-31
A84711b,A026529,Quarterly Unrealized Gain/Loss,accounting_entry,2025-12-31
Afa85c1,A026529,Non-Investment Assets - Cash,balance_sheet,2025-12-31
Afa85c1,A026529,Non-Investment Assets - Other Assets,balance_sheet,2025-12-31
Afa85c1,A026529,Non-Investment Liabilities - Other Liabilities,balance_sheet,2025-12-31
Afa85c1,A026529,Quarterly Unrealized Gain/Loss,accounting_entry,2025-12-31
A4e71f3,A026529,ASC 740-10 Accrual,accounting_entry,2025-12-31
A4e71f3,A026529,Non-Investment Assets - Cash,balance_sheet,2025-12-31
A4e71f3,A026529,Non-Investment Assets - Other Assets,balance_sheet,2025-12-31
A4e71f3,A026529,Non-Investment Liabilities - Other Liabilities,balance_sheet,2025-12-31
A4e71f3,A026529,Quarterly Unrealized Gain/Loss,accounting_entry,2025-12-31
Ac16b86,A026529,ASC 740-10 Accrual,accounting_entry,2025-12-31
Ac16b86,A026529,Non-Investment Assets - Cash,balance_sheet,2025-12-31
Ac16b86,A026529,Non-Investment Assets - Other Assets,balance_sheet,2025-12-31
Ac16b86,A026529,Non-Investment Liabilities - Other Liabilities,balance_sheet,2025-12-31
Ac16b86,A026529,Quarterly Unrealized Gain/Loss,accounting_entry,2025-12-31
A31bf6d,A026529,Idle Cash,accounting_entry,2025-12-31
A31bf6d,A026529,Non-Investment Assets - Cash,balance_sheet,2025-12-31
A31bf6d,A026529,Non-Investment Assets - Other Assets,balance_sheet,2025-12-31
A31bf6d,A026529,Non-Investment Liabilities - Other Liabilities,balance_sheet,2025-12-31
A31bf6d,A026529,Quarterly Unrealized Gain/Loss,accounting_entry,2025-12-31
A666ff0,A026529,Non-Investment Assets - Cash,balance_sheet,2025-12-31
A666ff0,A026529,Non-Investment Assets - Other Assets,balance_sheet,2025-12-31
A666ff0,A026529,Non-Investment Liabilities - Other Liabilities,balance_sheet,2025-12-31
A666ff0,A026529,Quarterly Unrealized Gain/Loss,accounting_entry,2025-12-31
A1e32ac,A026529,Non-Investment Assets - Cash,balance_sheet,2025-12-31
A1e32ac,A026529,Non-Investment Assets - Other Assets,balance_sheet,2025-12-31
A1e32ac,A026529,Non-Investment Liabilities - Other Liabilities,balance_sheet,2025-12-31
A1e32ac,A026529,Quarterly Unrealized Gain/Loss,accounting_entry,2025-12-31
Ae2a183,A026529,Non-Investment Assets - Cash,balance_sheet,2025-12-31
Ae2a183,A026529,Non-Investment Assets - Other Assets,balance_sheet,2025-12-31
Ae2a183,A026529,Quarterly Unrealized Gain/Loss,accounting_entry,2025-12-31
A000c43,A026529,Non-Investment Assets - Cash,balance_sheet,2025-12-31
A000c43,A026529,Non-Investment Assets - Other Assets,balance_sheet,2025-12-31
A000c43,A026529,Non-Investment Liabilities - Other Liabilities,balance_sheet,2025-12-31
A000c43,A026529,Quarterly Unrealized Gain/Loss,accounting_entry,2025-12-31
Abac9c0,A026529,Non-Investment Assets - Cash,balance_sheet,2025-12-31
Abac9c0,A026529,Non-Investment Assets - Other Assets,balance_sheet,2025-12-31
Abac9c0,A026529,Non-Investment Liabilities - Other Liabilities,balance_sheet,2025-12-31
Abac9c0,A026529,Quarterly Unrealized Gain/Loss,accounting_entry,2025-12-31
A8567d1,A026529,Non-Investment Assets - Cash,balance_sheet,2025-12-31
A8567d1,A026529,Non-Investment Assets - Other Assets,balance_sheet,2025-12-31
A8567d1,A026529,Non-Investment Liabilities - Other Liabilities,balance_sheet,2025-12-31
A8567d1,A026529,Quarterly Unrealized Gain/Loss,accounting_entry,2025-12-31
A64ed3d,A026529,Non-Investment Assets - Cash,balance_sheet,2025-12-31
A64ed3d,A026529,Non-Investment Assets - Other Assets,balance_sheet,2025-12-31
A64ed3d,A026529,Non-Investment Liabilities - Other Liabilities,balance_sheet,2025-12-31
A64ed3d,A026529,Quarterly Unrealized Gain/Loss,accounting_entry,2025-12-31
Adeb96a,A026529,ASC 740-10 Accrual,accounting_entry,2025-12-31
Adeb96a,A026529,Idle Cash,accounting_entry,2025-12-31
Adeb96a,A026529,Non-Investment Assets - Cash,balance_sheet,2025-12-31
Adeb96a,A026529,Non-Investment Assets - Other Assets,balance_sheet,2025-12-31
Adeb96a,A026529,Non-Investment Liabilities - Other Liabilities,balance_sheet,2025-12-31
Adeb96a,A026529,Quarterly Unrealized Gain/Loss,accounting_entry,2025-12-31
Af8d59f,A026529,Non-Investment Assets - Cash,balance_sheet,2025-12-31
Af8d59f,A026529,Non-Investment Assets - Other Assets,balance_sheet,2025-12-31
Af8d59f,A026529,Quarterly Unrealized Gain/Loss,accounting_entry,2025-12-31
A7bc2d3,A026529,Idle Cash,accounting_entry,2025-12-31
A7bc2d3,A026529,Non-Investment Assets - Cash,balance_sheet,2025-12-31
A7bc2d3,A026529,Non-Investment Assets - Other Assets,balance_sheet,2025-12-31
A7bc2d3,A026529,Non-Investment Liabilities - Other Liabilities,balance_sheet,2025-12-31
A7bc2d3,A026529,Quarterly Unrealized Gain/Loss,accounting_entry,2025-12-31
Aa5a4bb,A026529,Non-Investment Assets - Cash,balance_sheet,2025-12-31
Aa5a4bb,A026529,Non-Investment Assets - Other Assets,balance_sheet,2025-12-31
Aa5a4bb,A026529,Quarterly Unrealized Gain/Loss,accounting_entry,2025-12-31
A758776,A026529,Non-Investment Assets - Cash,balance_sheet,2025-12-31
A758776,A026529,Non-Investment Assets - Other Assets,balance_sheet,2025-12-31
A758776,A026529,Quarterly Unrealized Gain/Loss,accounting_entry,2025-12-31
A780765,A026529,Non-Investment Assets - Cash,balance_sheet,2025-12-31
A780765,A026529,Non-Investment Assets - Other Assets,balance_sheet,2025-12-31
A780765,A026529,Non-Investment Liabilities - Other Liabilities,balance_sheet,2025-12-31
A780765,A026529,Quarterly Unrealized Gain/Loss,accounting_entry,2025-12-31
A6b418c,A026529,Non-Investment Assets - Cash,balance_sheet,2025-12-31
A6b418c,A026529,Non-Investment Assets - Other Assets,balance_sheet,2025-12-31
A6b418c,A026529,Non-Investment Liabilities - Other Liabilities,balance_sheet,2025-12-31
A6b418c,A026529,Subtotal Private Investments,subtotal,2025-12-31
A8bb104,A026529,ASC 740-10 Accrual,accounting_entry,2025-12-31
A8bb104,A026529,Non-Investment Assets - Cash,balance_sheet,2025-12-31
A8bb104,A026529,Non-Investment Assets - Other Assets,balance_sheet,2025-12-31
A8bb104,A026529,Non-Investment Liabilities - Other Liabilities,balance_sheet,2025-12-31
A8bb104,A026529,Quarterly Unrealized Gain/Loss,accounting_entry,2025-12-31
A2d1148,A026529,Non-Investment Assets - Cash,balance_sheet,2025-12-31
A2d1148,A026529,Non-Investment Assets - Other Assets,balance_sheet,2025-12-31
A2d1148,A026529,Quarterly Unrealized Gain/Loss,accounting_entry,2025-12-31
A6e6143,A026529,Non-Investment Assets - Cash,balance_sheet,2025-12-31
A6e6143,A026529,Non-Investment Assets - Other Assets,balance_sheet,2025-12-31
A6e6143,A026529,Quarterly Unrealized Gain/Loss,accounting_entry,2025-12-31
Aff6f98,A026529,Non-Investment Assets - Cash,balance_sheet,2025-12-31
Aff6f98,A026529,Non-Investment Assets - Other Assets,balance_sheet,2025-12-31
Aff6f98,A026529,Non-Investment Liabilities - Other Liabilities,balance_sheet,2025-12-31
Aff6f98,A026529,Quarterly Unrealized Gain/Loss,accounting_entry,2025-12-31
Ae6e0df,A026529,Non-Investment Assets - Cash,balance_sheet,2025-12-31
Ae6e0df,A026529,Non-Investment Assets - Other Assets,balance_sheet,2025-12-31
Ae6e0df,A026529,Non-Investment Liabilities - Other Liabilities,balance_sheet,2025-12-31
Ae6e0df,A026529,Quarterly Unrealized Gain/Loss,accounting_entry,2025-12-31
A124f9d,A026529,Non-Investment Assets - Cash,balance_sheet,2025-12-31
A124f9d,A026529,Non-Investment Assets - Other Assets,balance_sheet,2025-12-31
A124f9d,A026529,Non-Investment Liabilities - Other Liabilities,balance_sheet,2025-12-31
A124f9d,A026529,Quarterly Unrealized Gain/Loss,accounting_entry,2025-12-31
A577ed1,A026529,Non-Investment Assets - Cash,balance_sheet,2025-12-31
A577ed1,A026529,Non-Investment Assets - Other Assets,balance_sheet,2025-12-31
A577ed1,A026529,Non-Investment Liabilities - Other Liabilities,balance_sheet,2025-12-31
A577ed1,A026529,Quarterly Unrealized Gain/Loss,accounting_entry,2025-12-31
A4ce2f8,A026529,Non-Investment Assets - Cash,balance_sheet,2025-12-31
A4ce2f8,A026529,Non-Investment Assets - Other Assets,balance_sheet,2025-12-31
A4ce2f8,A026529,Non-Investment Liabilities - Other Liabilities,balance_sheet,2025-12-31
A4ce2f8,A026529,Quarterly Unrealized Gain/Loss,accounting_entry,2025-12-31
A2ac41e,A026529,Non-Investment Assets - Cash,balance_sheet,2025-12-31
A2ac41e,A026529,Non-Investment Assets - Other Assets,balance_sheet,2025-12-31
A2ac41e,A026529,Non-Investment Liabilities - Other Liabilities,balance_sheet,2025-12-31
A2ac41e,A026529,Quarterly Unrealized Gain/Loss,accounting_entry,2025-12-31
A4c5dcd,A026529,ASC 740-10 Accrual,accounting_entry,2025-12-31
A4c5dcd,A026529,Non-Investment Assets - Cash,balance_sheet,2025-12-31
A4c5dcd,A026529,Non-Investment Assets - Other Assets,balance_sheet,2025-12-31
A4c5dcd,A026529,Quarterly Unrealized Gain/Loss,accounting_entry,2025-12-31
Aba96b1,A026529,Non-Investment Assets - Cash,balance_sheet,2025-12-31
Aba96b1,A026529,Non-Investment Assets - Other Assets,balance_sheet,2025-12-31
Aba96b1,A026529,Non-Investment Liabilities - Other Liabilities,balance_sheet,2025-12-31
Aba96b1,A026529,Quarterly Unrealized Gain/Loss,accounting_entry,2025-12-31
A2989df,A86463a,Non-Investment Assets - Cash,balance_sheet,2025-12-31
A2989df,A86463a,Non-Investment Assets - Other Assets,balance_sheet,2025-12-31
A2989df,A86463a,Non-Investment Liabilities - Other Liabilities,balance_sheet,2025-12-31
Ac58438,Ad647a1,Non-Investment Assets - Cash,balance_sheet,2025-12-31
Ac58438,Ad647a1,Non-Investment Assets - Other Assets,balance_sheet,2025-12-31
Ac58438,Ad647a1,Non-Investment Liabilities - Other Liabilities,balance_sheet,2025-12-31
A2b73e4,Ad647a1,Non-Investment Assets - Cash,balance_sheet,2025-12-31
A2b73e4,Ad647a1,Non-Investment Assets - Other Assets,balance_sheet,2025-12-31
A2b73e4,Ad647a1,Non-Investment Liabilities - Other Liabilities,balance_sheet,2025-12-31
A2b73e4,Ad647a1,Non-Investment Liabilities - Subscription Line of Credit,balance_sheet,2025-12-31
Ae2ca7f,Aa8e77d,Non-Investment Assets - Cash,balance_sheet,2025-12-31
Ae2ca7f,Aa8e77d,Non-Investment Liabilities - Other Liabilities,balance_sheet,2025-12-31
A13b1e6,Aa8e77d,Non-Investment Assets - Cash,balance_sheet,2025-12-31
A13b1e6,Aa8e77d,Non-Investment Liabilities - Other Liabilities,balance_sheet,2025-12-31
A8282d7,Aa8e77d,Non-Investment Assets - Cash,balance_sheet,2025-12-31
A8282d7,Aa8e77d,Non-Investment Liabilities - Other Liabilities,balance_sheet,2025-12-31
Aa76711,Aa8e77d,Non-Investment Assets - Cash,balance_sheet,2025-12-31
Aa76711,Aa8e77d,Non-Investment Liabilities - Other Liabilities,balance_sheet,2025-12-31
A6557da,Aa8e77d,Non-Investment Assets - Cash,balance_sheet,2025-12-31
A6557da,Aa8e77d,Non-Investment Assets - Other Assets,balance_sheet,2025-12-31
A6557da,Aa8e77d,Non-Investment Liabilities - Other Liabilities,balance_sheet,2025-12-31
Af3dbec,Aa8e77d,Non-Investment Assets - Cash,balance_sheet,2025-12-31
Af3dbec,Aa8e77d,Non-Investment Assets - Other Assets,balance_sheet,2025-12-31
Af3dbec,Aa8e77d,Non-Investment Liabilities - Other Liabilities,balance_sheet,2025-12-31
A6f42ff,Aa8e77d,Non-Investment Assets - Cash,balance_sheet,2025-12-31
A6f42ff,Aa8e77d,Non-Investment Assets - Other Assets,balance_sheet,2025-12-31
A6f42ff,Aa8e77d,Non-Investment Liabilities - Other Liabilities,balance_sheet,2025-12-31
Aa0a993,Aa8e77d,Non-Investment Assets - Cash,balance_sheet,2025-12-31
Aa0a993,Aa8e77d,Non-Investment Assets - Other Assets,balance_sheet,2025-12-31
Aa0a993,Aa8e77d,Non-Investment Liabilities - Other Liabilities,balance_sheet,2025-12-31
Aa0a993,Aa8e77d,Non-Investment Liabilities - Subscription Line of Credit,balance_sheet,2025-12-31
A4fec46,Aa8e77d,Non-Investment Assets - Cash,balance_sheet,2025-12-31
A4fec46,Aa8e77d,Non-Investment Assets - Other Assets,balance_sheet,2025-12-31
A4fec46,Aa8e77d,Non-Investment Liabilities - Other Liabilities,balance_sheet,2025-12-31
A4fec46,Aa8e77d,Non-Investment Liabilities - Subscription Line of Credit,balance_sheet,2025-12-31
A2a4d74,Aa8e77d,Non-Investment Assets - Cash,balance_sheet,2025-12-31
A2a4d74,Aa8e77d,Non-Investment Assets - Other Assets,balance_sheet,2025-12-31
A2a4d74,Aa8e77d,Non-Investment Liabilities - Other Liabilities,balance_sheet,2025-12-31
A2a4d74,Aa8e77d,Non-Investment Liabilities - Subscription Line of Credit,balance_sheet,2025-12-31
Ac71115,Ab27df1,Non-Investment Assets - Cash,balance_sheet,2025-12-31
Ac71115,Ab27df1,Non-Investment Assets - Other Assets,balance_sheet,2025-12-31
Ac71115,Ab27df1,Non-Investment Liabilities - Other Liabilities,balance_sheet,2025-12-31
Af4e6f7,A026fe6,Non-Investment Assets - Cash,balance_sheet,2025-12-31
Af4e6f7,A026fe6,Non-Investment Assets - Other Assets,balance_sheet,2025-12-31
Af4e6f7,A026fe6,Non-Investment Liabilities - Other Liabilities,balance_sheet,2025-12-31
A56bafa,Ab27df1,Non-Investment Assets - Cash,balance_sheet,2025-12-31
A56bafa,Ab27df1,Non-Investment Assets - Other Assets,balance_sheet,2025-12-31
A56bafa,Ab27df1,Non-Investment Liabilities - Other Liabilities,balance_sheet,2025-12-31
A56bafa,Ab27df1,Non-Investment Liabilities - Subscription Line of Credit,balance_sheet,2025-12-31
A28fbd7,A24f078,Non-Investment Assets - Cash,balance_sheet,2025-12-31
A28fbd7,A24f078,Non-Investment Assets - Other Assets,balance_sheet,2025-12-31
A28fbd7,A24f078,Non-Investment Liabilities - Other Liabilities,balance_sheet,2025-12-31
A28fbd7,A24f078,Non-Investment Liabilities - Subscription Line of Credit,balance_sheet,2025-12-31
Ad893bb,A775492,Non-Investment Assets - Cash,balance_sheet,2025-12-31
Ad893bb,A775492,Non-Investment Liabilities - Other Liabilities,balance_sheet,2025-12-31
Ad893bb,A775492,Non-Investment Liabilities - Subscription Line of Credit,balance_sheet,2025-12-31
A48791b,A775492,Non-Investment Assets - Cash,balance_sheet,2025-12-31
A48791b,A775492,Non-Investment Liabilities - Other Liabilities,balance_sheet,2025-12-31
A355e2c,A775492,Non-Investment Assets - Cash,balance_sheet,2025-12-31
A355e2c,A775492,Non-Investment Liabilities - Other Liabilities,balance_sheet,2025-12-31
A1cae97,A775492,Non-Investment Assets - Cash,balance_sheet,2025-12-31
A1cae97,A775492,Non-Investment Assets - Other Assets,balance_sheet,2025-12-31
A1cae97,A775492,Non-Investment Liabilities - Other Liabilities,balance_sheet,2025-12-31
A67b879,A775492,Non-Investment Assets - Cash,balance_sheet,2025-12-31
A67b879,A775492,Non-Investment Assets - Other Assets,balance_sheet,2025-12-31
A67b879,A775492,Non-Investment Liabilities - Other Liabilities,balance_sheet,2025-12-31
A20f76b,A775492,Non-Investment Assets - Cash,balance_sheet,2025-12-31
A20f76b,A775492,Non-Investment Assets - Other Assets,balance_sheet,2025-12-31
A20f76b,A775492,Non-Investment Liabilities - Other Liabilities,balance_sheet,2025-12-31
A2ce6c1,Ac17925,Non-Investment Assets - Cash,balance_sheet,2025-12-31
A2ce6c1,Ac17925,Non-Investment Assets - Other Assets,balance_sheet,2025-12-31
A2ce6c1,Ac17925,Non-Investment Liabilities - Other Liabilities,balance_sheet,2025-12-31
A145642,Ac17925,Non-Investment Assets - Cash,balance_sheet,2025-12-31
A145642,Ac17925,Non-Investment Assets - Other Assets,balance_sheet,2025-12-31
A145642,Ac17925,Non-Investment Liabilities - Other Liabilities,balance_sheet,2025-12-31
Aebcab9,Ac17925,Non-Investment Assets - Cash,balance_sheet,2025-12-31
Aebcab9,Ac17925,Non-Investment Assets - Other Assets,balance_sheet,2025-12-31
Aebcab9,Ac17925,Non-Investment Liabilities - Other Liabilities,balance_sheet,2025-12-31
Aa967c0,Afc0dbf,Non-Investment Assets - Cash,balance_sheet,2025-09-30
Aa967c0,Afc0dbf,Non-Investment Assets - Other Assets,balance_sheet,2025-09-30
Aa967c0,Afc0dbf,Non-Investment Liabilities - Other Liabilities,balance_sheet,2025-09-30
Ad52755,A664a6a,Non-Investment Assets - Cash,balance_sheet,2025-09-30
Ad52755,A664a6a,Non-Investment Assets - Other Assets,balance_sheet,2025-09-30
Ad52755,A664a6a,Non-Investment Liabilities - Other Liabilities,balance_sheet,2025-09-30
Ab73bb9,A664a6a,Non-Investment Assets - Other Assets,balance_sheet,2025-09-30
Ab73bb9,A664a6a,Non-Investment Liabilities - Other Liabilities,balance_sheet,2025-09-30
Aa874b3,Afc0dbf,Non-Investment Assets - Cash,balance_sheet,2025-09-30
Aa874b3,Afc0dbf,Non-Investment Assets - Other Assets,balance_sheet,2025-09-30
Aa874b3,Afc0dbf,Non-Investment Liabilities - Other Liabilities,balance_sheet,2025-09-30
A87187f,Afc0dbf,Non-Investment Assets - Cash,balance_sheet,2025-09-30
A87187f,Afc0dbf,Non-Investment Assets - Other Assets,balance_sheet,2025-09-30
A87187f,Afc0dbf,Non-Investment Liabilities - Other Liabilities,balance_sheet,2025-09-30
Ae8bf4c,Afc0dbf,Non-Investment Assets - Cash,balance_sheet,2025-09-30
Ae8bf4c,Afc0dbf,Non-Investment Liabilities - Other Liabilities,balance_sheet,2025-09-30
Ad0fa4d,Aa3bbc4,Non-Investment Assets - Cash,balance_sheet,2025-09-30
Ad0fa4d,Aa3bbc4,Non-Investment Liabilities - Other Liabilities,balance_sheet,2025-09-30
Abeff42,Afbe003,Non-Investment Assets - Other Assets,balance_sheet,2025-09-30
Abeff42,Afbe003,Non-Investment Liabilities - Subscription Line of Credit,balance_sheet,2025-09-30
A1fd1d1,Afbe003,Non-Investment Liabilities - Other Liabilities,balance_sheet,2025-09-30
A1ea2a3,A041a39,Non-Investment Assets - Cash,balance_sheet,2025-09-30
A1ea2a3,A041a39,Non-Investment Assets - Other Assets,balance_sheet,2025-09-30
A1ea2a3,A041a39,Non-Investment Liabilities - Other Liabilities,balance_sheet,2025-09-30
A825f85,A041a39,Non-Investment Assets - Cash,balance_sheet,2025-09-30
A825f85,A041a39,Non-Investment Assets - Other Assets,balance_sheet,2025-09-30
A825f85,A041a39,Non-Investment Liabilities - Other Liabilities,balance_sheet,2025-09-30
Af08fa6,A041a39,Non-Investment Assets - Cash,balance_sheet,2025-09-30
Af08fa6,A041a39,Non-Investment Assets - Other Assets,balance_sheet,2025-09-30
Af08fa6,A041a39,Non-Investment Liabilities - Other Liabilities,balance_sheet,2025-09-30
A9d1e8c,A041a39,Non-Investment Assets - Cash,balance_sheet,2025-09-30
A9d1e8c,A041a39,Non-Investment Liabilities - Other Liabilities,balance_sheet,2025-09-30
Ac0dd42,A041a39,Non-Investment Assets - Cash,balance_sheet,2025-09-30
Ac0dd42,A041a39,Non-Investment Assets - Other Assets,balance_sheet,2025-09-30
Ac0dd42,A041a39,Non-Investment Liabilities - Other Liabilities,balance_sheet,2025-09-30
Afc4e50,A041a39,Non-Investment Assets - Cash,balance_sheet,2025-09-30
Afc4e50,A041a39,Non-Investment Assets - Other Assets,balance_sheet,2025-09-30
Afc4e50,A041a39,Non-Investment Liabilities - Other Liabilities,balance_sheet,2025-09-30
Ae561e7,A041a39,Non-Investment Assets - Cash,balance_sheet,2025-09-30
Ae561e7,A041a39,Non-Investment Assets - Other Assets,balance_sheet,2025-09-30
Ae561e7,A041a39,Non-Investment Liabilities - Other Liabilities,balance_sheet,2025-09-30
A681b8b,A041a39,Non-Investment Assets - Cash,balance_sheet,2025-09-30
A681b8b,A041a39,Non-Investment Liabilities - Other Liabilities,balance_sheet,2025-09-30
A2a9ea5,A041a39,Non-Investment Assets - Cash,balance_sheet,2025-09-30
A2a9ea5,A041a39,Non-Investment Assets - Other Assets,balance_sheet,2025-09-30
A2a9ea5,A041a39,Non-Investment Liabilities - Other Liabilities,balance_sheet,2025-09-30
A43502d,A041a39,Non-Investment Assets - Cash,balance_sheet,2025-09-30
A43502d,A041a39,Non-Investment Assets - Other Assets,balance_sheet,2025-09-30
A43502d,A041a39,Non-Investment Liabilities - Other Liabilities,balance_sheet,2025-09-30
A4656cb,A041a39,Non-Investment Assets - Cash,balance_sheet,2025-09-30
A4656cb,A041a39,Non-Investment Assets - Other Assets,balance_sheet,2025-09-30
A4656cb,A041a39,Non-Investment Liabilities - Other Liabilities,balance_sheet,2025-09-30
A51cf14,A041a39,Non-Investment Assets - Cash,balance_sheet,2025-09-30
A51cf14,A041a39,Non-Investment Assets - Other Assets,balance_sheet,2025-09-30
A51cf14,A041a39,Non-Investment Liabilities - Other Liabilities,balance_sheet,2025-09-30
A64d20c,A041a39,Non-Investment Assets - Cash,balance_sheet,2025-09-30
A64d20c,A041a39,Non-Investment Liabilities - Other Liabilities,balance_sheet,2025-09-30
Ae4d75e,A041a39,Non-Investment Assets - Cash,balance_sheet,2025-09-30
Ae4d75e,A041a39,Non-Investment Assets - Other Assets,balance_sheet,2025-09-30
Ae4d75e,A041a39,Non-Investment Liabilities - Other Liabilities,balance_sheet,2025-09-30
A85406a,A041a39,Non-Investment Assets - Cash,balance_sheet,2025-09-30
A85406a,A041a39,Non-Investment Liabilities - Other Liabilities,balance_sheet,2025-09-30
A0a0599,A041a39,Non-Investment Assets - Cash,balance_sheet,2025-09-30
A0a0599,A041a39,Non-Investment Assets - Other Assets,balance_sheet,2025-09-30
A0a0599,A041a39,Non-Investment Liabilities - Other Liabilities,balance_sheet,2025-09-30
Acc9329,A041a39,Non-Investment Assets - Cash,balance_sheet,2025-09-30
Acc9329,A041a39,Non-Investment Liabilities - Other Liabilities,balance_sheet,2025-09-30
Ac6e10f,A96d213,Non-Investment Assets - Cash,balance_sheet,2025-09-30
Ac6e10f,A96d213,Non-Investment Assets - Other Assets,balance_sheet,2025-09-30
Ac6e10f,A96d213,Non-Investment Liabilities - Other Liabilities,balance_sheet,2025-09-30
Ac6e10f,A96d213,Non-Investment Liabilities - Subscription Line of Credit,balance_sheet,2025-09-30
A1554e9,A664a6a,Non-Investment Assets - Cash,balance_sheet,2025-09-30
A1554e9,A664a6a,Non-Investment Assets - Other Assets,balance_sheet,2025-09-30
A1554e9,A664a6a,Non-Investment Liabilities - Other Liabilities,balance_sheet,2025-09-30
A1554e9,A664a6a,Non-Investment Liabilities - Subscription Line of Credit,balance_sheet,2025-09-30
A3e929e,A664a6a,Non-Investment Assets - Cash,balance_sheet,2025-09-30
A3e929e,A664a6a,Non-Investment Assets - Other Assets,balance_sheet,2025-09-30
A3e929e,A664a6a,Non-Investment Liabilities - Other Liabilities,balance_sheet,2025-09-30
Ae7bb35,A5d1a01,Non-Investment Assets - Cash,balance_sheet,2025-09-30
Ae7bb35,A5d1a01,Non-Investment Assets - Other Assets,balance_sheet,2025-09-30
Ae7bb35,A5d1a01,Non-Investment Liabilities - Other Liabilities,balance_sheet,2025-09-30
Acff5f3,A619a99,Non-Investment Assets - Cash,balance_sheet,2025-09-30
Acff5f3,A619a99,Non-Investment Assets - Other Assets,balance_sheet,2025-09-30
Ad6af15,A619a99,Non-Investment Assets - Cash,balance_sheet,2025-09-30
Ad6af15,A619a99,Non-Investment Liabilities - Other Liabilities,balance_sheet,2025-09-30
Ab89eda,A619a99,Non-Investment Assets - Cash,balance_sheet,2025-09-30
Ab89eda,A619a99,Non-Investment Assets - Other Assets,balance_sheet,2025-09-30
A394dd9,Ac758cf,Non-Investment Assets - Cash,balance_sheet,2025-09-30
A394dd9,Ac758cf,Non-Investment Assets - Other Assets,balance_sheet,2025-09-30
A394dd9,Ac758cf,Non-Investment Liabilities - Other Liabilities,balance_sheet,2025-09-30
A394dd9,Ac758cf,Non-Investment Liabilities - Subscription Line of Credit,balance_sheet,2025-09-30
A63aa12,Ac758cf,Non-Investment Assets - Cash,balance_sheet,2025-09-30
A63aa12,Ac758cf,Non-Investment Liabilities - Other Liabilities,balance_sheet,2025-09-30
A6fcde0,A6f625f,Non-Investment Assets - Cash,balance_sheet,2025-09-30
A6fcde0,A6f625f,Non-Investment Assets - Other Assets,balance_sheet,2025-09-30
A6fcde0,A6f625f,Non-Investment Liabilities - Other Liabilities,balance_sheet,2025-09-30
A6fcde0,A6f625f,Non-Investment Liabilities - Subscription Line of Credit,balance_sheet,2025-09-30
A229eeb,A15464a,Non-Investment Assets - Cash,balance_sheet,2025-09-30
A229eeb,A15464a,Non-Investment Assets - Other Assets,balance_sheet,2025-09-30
A229eeb,A15464a,Non-Investment Liabilities - Other Liabilities,balance_sheet,2025-09-30
A80d33a,Ad15ca3,Non-Investment Assets - Cash,balance_sheet,2025-09-30
A80d33a,Ad15ca3,Non-Investment Liabilities - Other Liabilities,balance_sheet,2025-09-30
A3cb5c7,A109e0f,Non-Investment Assets - Cash,balance_sheet,2025-09-30
A3cb5c7,A109e0f,Non-Investment Assets - Other Assets,balance_sheet,2025-09-30
A3cb5c7,A109e0f,Non-Investment Liabilities - Other Liabilities,balance_sheet,2025-09-30
A3cb5c7,A109e0f,Non-Investment Liabilities - Subscription Line of Credit,balance_sheet,2025-09-30
A75eb76,A109e0f,Non-Investment Assets - Cash,balance_sheet,2025-09-30
A75eb76,A109e0f,Non-Investment Assets - Other Assets,balance_sheet,2025-09-30
A75eb76,A109e0f,Non-Investment Liabilities - Other Liabilities,balance_sheet,2025-09-30
A75eb76,A109e0f,Non-Investment Liabilities - Subscription Line of Credit,balance_sheet,2025-09-30
A930514,A109e0f,Non-Investment Assets - Cash,balance_sheet,2025-09-30
A930514,A109e0f,Non-Investment Assets - Other Assets,balance_sheet,2025-09-30
A930514,A109e0f,Non-Investment Liabilities - Other Liabilities,balance_sheet,2025-09-30
A930514,A109e0f,Non-Investment Liabilities - Subscription Line of Credit,balance_sheet,2025-09-30
Afc9d9d,A109e0f,Non-Investment Assets - Cash,balance_sheet,2025-09-30
Afc9d9d,A109e0f,Non-Investment Liabilities - Other Liabilities,balance_sheet,2025-09-30
A6514b0,A109e0f,Non-Investment Assets - Cash,balance_sheet,2025-09-30
A6514b0,A109e0f,Non-Investment Assets - Other Assets,balance_sheet,2025-09-30
A0e8f48,Aa3bbc4,Non-Investment Assets - Cash,balance_sheet,2025-09-30
A0e8f48,Aa3bbc4,Non-Investment Assets - Other Assets,balance_sheet,2025-09-30
A0e8f48,Aa3bbc4,Non-Investment Liabilities - Other Liabilities,balance_sheet,2025-09-30
A2ac14e,Aa3bbc4,Non-Investment Assets - Cash,balance_sheet,2025-09-30
A2ac14e,Aa3bbc4,Non-Investment Assets - Other Assets,balance_sheet,2025-09-30
A2ac14e,Aa3bbc4,Non-Investment Liabilities - Other Liabilities,balance_sheet,2025-09-30
Acc4ce2,Afc0dbf,Non-Investment Assets - Cash,balance_sheet,2025-09-30
Acc4ce2,Afc0dbf,Non-Investment Assets - Other Assets,balance_sheet,2025-09-30
Acc4ce2,Afc0dbf,Non-Investment Liabilities - Other Liabilities,balance_sheet,2025-09-30
Acc4ce2,Afc0dbf,Non-Investment Liabilities - Subscription Line of Credit,balance_sheet,2025-09-30
A466539,Afc0dbf,Non-Investment Assets - Cash,balance_sheet,2025-09-30
A466539,Afc0dbf,Non-Investment Assets - Other Assets,balance_sheet,2025-09-30
A466539,Afc0dbf,Non-Investment Liabilities - Other Liabilities,balance_sheet,2025-09-30
A466539,Afc0dbf,Non-Investment Liabilities - Subscription Line of Credit,balance_sheet,2025-09-30
A74c64f,A8be668,Non-Investment Assets - Cash,balance_sheet,2025-09-30
A74c64f,A8be668,Non-Investment Assets - Other Assets,balance_sheet,2025-09-30
A74c64f,A8be668,Non-Investment Liabilities - Other Liabilities,balance_sheet,2025-09-30
A74c64f,A8be668,Non-Investment Liabilities - Subscription Line of Credit,balance_sheet,2025-09-30
A723435,A8be668,Non-Investment Assets - Cash,balance_sheet,2025-09-30
A723435,A8be668,Non-Investment Assets - Other Assets,balance_sheet,2025-09-30
A723435,A8be668,Non-Investment Liabilities - Other Liabilities,balance_sheet,2025-09-30
A723435,A8be668,Non-Investment Liabilities - Subscription Line of Credit,balance_sheet,2025-09-30
Adc57d5,A8be668,Non-Investment Assets - Cash,balance_sheet,2025-09-30
Adc57d5,A8be668,Non-Investment Assets - Other Assets,balance_sheet,2025-09-30
Adc57d5,A8be668,Non-Investment Liabilities - Other Liabilities,balance_sheet,2025-09-30
A208478,A8be668,Non-Investment Assets - Cash,balance_sheet,2025-09-30
A208478,A8be668,Non-Investment Assets - Other Assets,balance_sheet,2025-09-30
A208478,A8be668,Non-Investment Liabilities - Other Liabilities,balance_sheet,2025-09-30
A208478,A8be668,Non-Investment Liabilities - Subscription Line of Credit,balance_sheet,2025-09-30
A0d0dd8,A8be668,Non-Investment Assets - Cash,balance_sheet,2025-09-30
A0d0dd8,A8be668,Non-Investment Assets - Other Assets,balance_sheet,2025-09-30
A0d0dd8,A8be668,Non-Investment Liabilities - Other Liabilities,balance_sheet,2025-09-30
A1137b9,A8be668,Non-Investment Assets - Cash,balance_sheet,2025-09-30
A1137b9,A8be668,Non-Investment Assets - Other Assets,balance_sheet,2025-09-30
A1137b9,A8be668,Non-Investment Liabilities - Other Liabilities,balance_sheet,2025-09-30
Ab5e21c,A8be668,Non-Investment Assets - Cash,balance_sheet,2025-09-30
Ab5e21c,A8be668,Non-Investment Assets - Other Assets,balance_sheet,2025-09-30
Ab5e21c,A8be668,Non-Investment Liabilities - Other Liabilities,balance_sheet,2025-09-30
Ab5e21c,A8be668,Non-Investment Liabilities - Subscription Line of Credit,balance_sheet,2025-09-30
Af289f4,A8be668,Non-Investment Assets - Cash,balance_sheet,2025-09-30
Af289f4,A8be668,Non-Investment Assets - Other Assets,balance_sheet,2025-09-30
Af289f4,A8be668,Non-Investment Liabilities - Other Liabilities,balance_sheet,2025-09-30
Af289f4,A8be668,Non-Investment Liabilities - Subscription Line of Credit,balance_sheet,2025-09-30
A6709ea,A586fd2,AO Football Transfer Receivable,accounting_entry,2025-09-30
A279d4f,A586fd2,AO Football Transfer Receivable,accounting_entry,2025-09-30
A67c3e6,A02cb18,Non-Investment Assets - Cash,balance_sheet,2025-09-30
A67c3e6,A02cb18,Non-Investment Assets - Other Assets,balance_sheet,2025-09-30
A67c3e6,A02cb18,Non-Investment Liabilities - Other Liabilities,balance_sheet,2025-09-30
Af8dafa,A02cb18,Non-Investment Assets - Cash,balance_sheet,2025-09-30
Af8dafa,A02cb18,Non-Investment Assets - Other Assets,balance_sheet,2025-09-30
Af8dafa,A02cb18,Non-Investment Liabilities - Other Liabilities,balance_sheet,2025-09-30
Acd9cbe,A02cb18,Non-Investment Assets - Cash,balance_sheet,2025-09-30
Acd9cbe,A02cb18,Non-Investment Assets - Other Assets,balance_sheet,2025-09-30
Acd9cbe,A02cb18,Non-Investment Liabilities - Other Liabilities,balance_sheet,2025-09-30
A7ed594,A61c681,Non-Investment Assets - Cash,balance_sheet,2025-09-30
A7ed594,A61c681,Non-Investment Assets - Other Assets,balance_sheet,2025-09-30
A7ed594,A61c681,Non-Investment Liabilities - Other Liabilities,balance_sheet,2025-09-30
A7ed594,A61c681,Non-Investment Liabilities - Subscription Line of Credit,balance_sheet,2025-09-30
Ada12ca,A61c681,Non-Investment Assets - Cash,balance_sheet,2025-09-30
Ada12ca,A61c681,Non-Investment Assets - Other Assets,balance_sheet,2025-09-30
Ada12ca,A61c681,Non-Investment Liabilities - Other Liabilities,balance_sheet,2025-09-30
A5479e2,A61c681,Non-Investment Assets - Cash,balance_sheet,2025-09-30
A5479e2,A61c681,Non-Investment Assets - Other Assets,balance_sheet,2025-09-30
A5479e2,A61c681,Non-Investment Liabilities - Other Liabilities,balance_sheet,2025-09-30
A433d90,A44e6c2,Non-Investment Assets - Cash,balance_sheet,2025-09-30
A433d90,A44e6c2,Non-Investment Liabilities - Other Liabilities,balance_sheet,2025-09-30
A4ff5ec,Af8f7a9,Non-Investment Assets - Cash,balance_sheet,2025-09-30
A4ff5ec,Af8f7a9,Non-Investment Assets - Other Assets,balance_sheet,2025-09-30
A4ff5ec,Af8f7a9,Non-Investment Liabilities - Other Liabilities,balance_sheet,2025-09-30
Acc4dee,Af8f7a9,Non-Investment Assets - Cash,balance_sheet,2025-09-30
Acc4dee,Af8f7a9,Non-Investment Assets - Other Assets,balance_sheet,2025-09-30
Acc4dee,Af8f7a9,Non-Investment Liabilities - Other Liabilities,balance_sheet,2025-09-30
A44702b,Af8f7a9,Non-Investment Assets - Cash,balance_sheet,2025-09-30
A44702b,Af8f7a9,Non-Investment Assets - Other Assets,balance_sheet,2025-09-30
A44702b,Af8f7a9,Non-Investment Liabilities - Other Liabilities,balance_sheet,2025-09-30
Aba6caa,Af8f7a9,Non-Investment Assets - Cash,balance_sheet,2025-09-30
Aba6caa,Af8f7a9,Non-Investment Assets - Other Assets,balance_sheet,2025-09-30
Aba6caa,Af8f7a9,Non-Investment Liabilities - Other Liabilities,balance_sheet,2025-09-30
Aba6caa,Af8f7a9,Tax Distributions,accounting_entry,2025-09-30
Af390f9,Af8f7a9,Non-Investment Assets - Cash,balance_sheet,2025-09-30
Af390f9,Af8f7a9,Non-Investment Assets - Other Assets,balance_sheet,2025-09-30
Af390f9,Af8f7a9,Non-Investment Liabilities - Other Liabilities,balance_sheet,2025-09-30
A73be2a,18be12,Net Non-Investment Assets from Canyon Laurell II Master Fund,balance_sheet,2025-09-30
A73be2a,18be12,Non-Investment Assets - Cash,balance_sheet,2025-09-30
A73be2a,18be12,Non-Investment Assets - Other Assets,balance_sheet,2025-09-30
A73be2a,18be12,Non-Investment Liabilities - Other Liabilities,balance_sheet,2025-09-30
A73be2a,18be12,Non-Investment Liabilities - Subscription Line of Credit,balance_sheet,2025-09-30
A5494b2,18be12,Non-Investment Assets - Cash,balance_sheet,2025-09-30
A5494b2,18be12,Non-Investment Assets - Other Assets,balance_sheet,2025-09-30
A5494b2,18be12,Non-Investment Liabilities - Other Liabilities,balance_sheet,2025-09-30
Aa71003,18be12,Non-Investment Assets - Cash,balance_sheet,2025-09-30
Aa71003,18be12,Non-Investment Assets - Other Assets,balance_sheet,2025-09-30
Aa71003,18be12,Non-Investment Liabilities - Other Liabilities,balance_sheet,2025-09-30
Aa71003,18be12,Non-Investment Liabilities - Subscription Line of Credit,balance_sheet,2025-09-30
A153d68,A08aac2,Non-Investment Assets - Cash,balance_sheet,2025-09-30
A153d68,A08aac2,Non-Investment Assets - Other Assets,balance_sheet,2025-09-30
A153d68,A08aac2,Non-Investment Liabilities - Other Liabilities,balance_sheet,2025-09-30
A103ce5,A348789,Non-Investment Assets - Cash,balance_sheet,2025-09-30
A103ce5,A348789,Non-Investment Liabilities - Other Liabilities,balance_sheet,2025-09-30
Ab4033d,A91b7d0,Non-Investment Assets - Cash,balance_sheet,2025-09-30
Ab4033d,A91b7d0,Non-Investment Assets - Other Assets,balance_sheet,2025-09-30
Ab4033d,A91b7d0,Non-Investment Liabilities - Other Liabilities,balance_sheet,2025-09-30
Aa5bde6,A91b7d0,Non-Investment Assets - Cash,balance_sheet,2025-09-30
Aa5bde6,A91b7d0,Non-Investment Assets - Other Assets,balance_sheet,2025-09-30
Aa5bde6,A91b7d0,Non-Investment Liabilities - Other Liabilities,balance_sheet,2025-09-30
Aa5bde6,A91b7d0,Non-Investment Liabilities - Subscription Line of Credit,balance_sheet,2025-09-30
A73775f,Af8f7a9,Non-Investment Assets - Cash,balance_sheet,2025-09-30
A73775f,Af8f7a9,Non-Investment Assets - Other Assets,balance_sheet,2025-09-30
A73775f,Af8f7a9,Non-Investment Liabilities - Other Liabilities,balance_sheet,2025-09-30
A73775f,Af8f7a9,Tax Distributions,accounting_entry,2025-09-30
A40cc93,A49a079,Non-Investment Assets - Cash,balance_sheet,2025-09-30
A40cc93,A49a079,Non-Investment Assets - Other Assets,balance_sheet,2025-09-30
A40cc93,A49a079,Non-Investment Liabilities - Other Liabilities,balance_sheet,2025-09-30
A40cc93,A49a079,Non-Investment Liabilities - Subscription Line of Credit,balance_sheet,2025-09-30
Ac15ed6,A2f186b,Non-Investment Assets - Cash,balance_sheet,2025-09-30
Ac15ed6,A2f186b,Non-Investment Assets - Other Assets,balance_sheet,2025-09-30
A2a38e9,A2f186b,Non-Investment Assets - Cash,balance_sheet,2025-09-30
A2a38e9,A2f186b,Non-Investment Assets - Other Assets,balance_sheet,2025-09-30
A2a38e9,A2f186b,Non-Investment Liabilities - Other Liabilities,balance_sheet,2025-09-30
A23dda7,A2f186b,Non-Investment Assets - Cash,balance_sheet,2025-09-30
A23dda7,A2f186b,Non-Investment Assets - Other Assets,balance_sheet,2025-09-30
A23dda7,A2f186b,Non-Investment Liabilities - Other Liabilities,balance_sheet,2025-09-30
Ad1a396,Ad70035,Non-Investments Liabilities -  Other Liabilities,balance_sheet,2025-09-30
Ad1a396,Ad70035,Non-investments Assets - Cash,balance_sheet,2025-09-30
Ad1a396,Ad70035,Non-investments Assets - Other Assets,balance_sheet,2025-09-30
Ae67360,Ad70035,Non-Investment Assets - Cash,balance_sheet,2025-09-30
Ae67360,Ad70035,Non-Investment Assets - Other Assets,balance_sheet,2025-09-30
Ae67360,Ad70035,Non-Investment Liabilities - Other Liabilities,balance_sheet,2025-09-30
Ae4f50d,Ad70035,Non-Investment Assets - Cash,balance_sheet,2025-09-30
Ae4f50d,Ad70035,Non-Investment Assets - Other Assets,balance_sheet,2025-09-30
Ae4f50d,Ad70035,Non-Investment Liabilities - Other Liabilities,balance_sheet,2025-09-30
Ad10bcf,Ad70035,Non-Investment Assets - Cash,balance_sheet,2025-09-30
Ad10bcf,Ad70035,Non-Investment Assets - Other Assets,balance_sheet,2025-09-30
A23ee88,Ad70035,Non-Investment Assets - Cash,balance_sheet,2025-09-30
A23ee88,Ad70035,Non-Investment Assets - Other Assets,balance_sheet,2025-09-30
A23ee88,Ad70035,Non-Investment Liabilities - Other Liabilities,balance_sheet,2025-09-30
A11f7a2,A2e3873,Non-Investment Assets - Cash,balance_sheet,2025-09-30
A11f7a2,A2e3873,Non-Investment Assets - Other Assets,balance_sheet,2025-09-30
A11f7a2,A2e3873,Non-Investment Liabilities - Other Liabilities,balance_sheet,2025-09-30
A11f7a2,A2e3873,Non-Investment Liabilities - Subscription Line of Credit,balance_sheet,2025-09-30
A1e8a7e,Ac37569,Non-Investment Assets - Cash,balance_sheet,2025-09-30
A1e8a7e,Ac37569,Non-Investment Assets - Other Assets,balance_sheet,2025-09-30
A1e8a7e,Ac37569,Non-Investment Liabilities - Other Liabilities,balance_sheet,2025-09-30
Af5ff4f,Ac37569,Non-Investment Assets - Cash,balance_sheet,2025-09-30
Af5ff4f,Ac37569,Non-Investment Assets - Other Assets,balance_sheet,2025-09-30
Af5ff4f,Ac37569,Non-Investment Liabilities - Other Liabilities,balance_sheet,2025-09-30
Aa12a53,A8bd477,Non-Investment Liabilities - Other Liabilities,balance_sheet,2025-09-30
A9ffbf3,Ad7e703,Non-Investment Assets - Cash,balance_sheet,2025-09-30
A9ffbf3,Ad7e703,Non-Investment Assets - Other Assets,balance_sheet,2025-09-30
A9ffbf3,Ad7e703,Non-Investment Liabilities - Other Liabilities,balance_sheet,2025-09-30
A9c9bb9,A0c2722,Non-Investmentsa Assets - Cash and cash equivalents,balance_sheet,2025-09-30
A9c9bb9,A0c2722,Non-Investmentsa Assets - Other Assets,balance_sheet,2025-09-30
A9c9bb9,A0c2722,Non-Investmentsa Liabilities- Other Liabilities,balance_sheet,2025-09-30
A5466bf,Acdb9df,Non-Investment Assets - Cash,balance_sheet,2025-09-30
A5466bf,Acdb9df,Non-Investment Assets - Other Assets,balance_sheet,2025-09-30
A5466bf,Acdb9df,Non-Investment Liabilities - Other Liabilities,balance_sheet,2025-09-30
Af14abd,Acdb9df,Non-Investment Assets - Cash,balance_sheet,2025-09-30
Af14abd,Acdb9df,Non-Investment Assets - Other Assets,balance_sheet,2025-09-30
Af14abd,Acdb9df,Non-Investment Liabilities - Other Liabilities,balance_sheet,2025-09-30
A29c2b9,Aed3782,Non-Investment Assets - Cash,balance_sheet,2025-09-30
A29c2b9,Aed3782,Non-Investment Assets - Other Assets,balance_sheet,2025-09-30
A29c2b9,Aed3782,Non-Investment Liabilities - Other Liabilities,balance_sheet,2025-09-30
Adfb13d,3.95E+42,Non-Investment Assets - Cash,balance_sheet,2025-09-30
Adfb13d,3.95E+42,Non-Investment Assets - Other Assets,balance_sheet,2025-09-30
Adfb13d,3.95E+42,Non-Investment Liabilities - Other Liabilities,balance_sheet,2025-09-30
A0841e0,3.95E+42,Non-Investment Assets - Cash,balance_sheet,2025-09-30
A0841e0,3.95E+42,Non-Investment Assets - Other Assets,balance_sheet,2025-09-30
A0841e0,3.95E+42,Non-Investment Liabilities - Other Liabilities,balance_sheet,2025-09-30
A7199bc,A96d1b3,Non-Investment Assets - Cash,balance_sheet,2025-09-30
A7199bc,A96d1b3,Non-Investment Assets - Other Assets,balance_sheet,2025-09-30
A7199bc,A96d1b3,Non-Investment Liabilities - Other Liabilities,balance_sheet,2025-09-30
A3c99e8,A9fbabf,Non-Investment Assets - Cash,balance_sheet,2025-09-30
A3c99e8,A9fbabf,Non-Investment Assets - Other Assets,balance_sheet,2025-09-30
A3c99e8,A9fbabf,Non-Investment Liabilities - Other Liabilities,balance_sheet,2025-09-30
A3c99e8,A9fbabf,Non-Investment Liabilities - Subscription Line of Credit,balance_sheet,2025-09-30
A162a33,A9fbabf,Non-Investment Assets - Cash,balance_sheet,2025-09-30
A162a33,A9fbabf,Non-Investment Assets - Other Assets,balance_sheet,2025-09-30
A162a33,A9fbabf,Non-Investment Liabilities - Other Liabilities,balance_sheet,2025-09-30
A162a33,A9fbabf,Non-Investment Liabilities - Subscription Line of Credit,balance_sheet,2025-09-30
A87a21d,A9fbabf,Cash,accounting_entry,2025-09-30
A87a21d,A9fbabf,Non-Investment Assets - Cash,balance_sheet,2025-09-30
A87a21d,A9fbabf,Non-Investment Assets - Other assets,balance_sheet,2025-09-30
A87a21d,A9fbabf,Non-Investment Liabilities - Other Liabilities,balance_sheet,2025-09-30
A11730c,A3e342a,Non-Investment Assets - Cash,balance_sheet,2025-09-30
A11730c,A3e342a,Non-Investment Assets - Other Assets,balance_sheet,2025-09-30
A11730c,A3e342a,Non-Investment Liabilities - Other Liabilities,balance_sheet,2025-09-30
A9e2889,A3e342a,Non-Investment Assets - Cash,balance_sheet,2025-09-30
A9e2889,A3e342a,Non-Investment Assets - Other Assets,balance_sheet,2025-09-30
A9e2889,A3e342a,Non-Investment Liabilities - Other Liabilities,balance_sheet,2025-09-30
A583186,A3e342a,Non-Investment Assets - Cash,balance_sheet,2025-09-30
A583186,A3e342a,Non-Investment Assets - Other Assets,balance_sheet,2025-09-30
A583186,A3e342a,Non-Investment Liabilities - Other Liabilities,balance_sheet,2025-09-30
A7ead5b,A65900b,Non-Investment Assets - Cash,balance_sheet,2025-09-30
A7ead5b,A65900b,Non-Investment Assets - Other Assets,balance_sheet,2025-09-30
A7ead5b,A65900b,Non-Investment Liabilities - Other Liabilities,balance_sheet,2025-09-30
A1c6bfc,A65900b,Non-Investment Assets - Cash,balance_sheet,2025-09-30
A1c6bfc,A65900b,Non-Investment Assets - Other Assets,balance_sheet,2025-09-30
A1c6bfc,A65900b,Non-Investment Liabilities - Other Liabilities,balance_sheet,2025-09-30
A1c6bfc,A65900b,Non-Investment Liabilities - Subscription Line of Credit,balance_sheet,2025-09-30
Afb9c3e,A65900b,Non-Investment Assets - Cash,balance_sheet,2025-09-30
Afb9c3e,A65900b,Non-Investment Assets - Other Assets,balance_sheet,2025-09-30
Afb9c3e,A65900b,Non-Investment Liabilities - Other Liabilities,balance_sheet,2025-09-30
Afb9c3e,A65900b,Non-Investment Liabilities - Subscription Line of Credit,balance_sheet,2025-09-30
A1ecf04,A65900b,Non-Investment Assets - Cash,balance_sheet,2025-09-30
A1ecf04,A65900b,Non-Investment Assets - Other Assets,balance_sheet,2025-09-30
A1ecf04,A65900b,Non-Investment Liabilities - Other Liabilities,balance_sheet,2025-09-30
A1ecf04,A65900b,Non-Investment Liabilities - Subscription Line of Credit,balance_sheet,2025-09-30
A2257c0,A65900b,Non-Investment Assets - Cash,balance_sheet,2025-09-30
A2257c0,A65900b,Non-Investment Assets - Other Assets,balance_sheet,2025-09-30
A2257c0,A65900b,Non-Investment Liabilities - Other Liabilities,balance_sheet,2025-09-30
A2257c0,A65900b,Non-Investment Liabilities - Subscription Line of Credit,balance_sheet,2025-09-30
Abbf14a,A69ce65,Non-Investment Assets - Cash,balance_sheet,2025-09-30
Abbf14a,A69ce65,Non-Investment Liabilities - Other Liabilities,balance_sheet,2025-09-30
Abd887e,A69ce65,Non-Investment Assets - Other Assets,balance_sheet,2025-09-30
Abd887e,A69ce65,Non-Investment Liabilities - Other Liabilities,balance_sheet,2025-09-30
Abd887e,A69ce65,Non-Investment Liabilities - Subscription Line of Credit,balance_sheet,2025-09-30
Aaab069,A69ce65,Non-Investment Assets - Cash,balance_sheet,2025-09-30
Aaab069,A69ce65,Non-Investment Assets - Other Assets,balance_sheet,2025-09-30
Aaab069,A69ce65,Non-Investment Liabilities - Other Liabilities,balance_sheet,2025-09-30
Ad2d94c,A69ce65,Non-Investment Assets - Cash,balance_sheet,2025-09-30
Ad2d94c,A69ce65,Non-Investment Assets - Other Assets,balance_sheet,2025-09-30
Ad2d94c,A69ce65,Non-Investment Liabilities - Other Liabilities,balance_sheet,2025-09-30
Ad2d94c,A69ce65,Non-Investment Liabilities - Subscription Line of Credit,balance_sheet,2025-09-30
A7eee3e,A69ce65,Non-Investment Assets - Other Assets,balance_sheet,2025-09-30
A7eee3e,A69ce65,Non-Investment Liabilities - Other Liabilities,balance_sheet,2025-09-30
A7eee3e,A69ce65,Non-Investment Liabilities - Subscription Line of Credit,balance_sheet,2025-09-30
A775233,A6c1ccf,Non-Investment Assets - Cash,balance_sheet,2025-09-30
A775233,A6c1ccf,Non-Investment Assets - Other Assets,balance_sheet,2025-09-30
A775233,A6c1ccf,Non-Investment Liabilities - Other Liabilities,balance_sheet,2025-09-30
Aa2c385,A6c1ccf,Non-Investment Assets - Cash,balance_sheet,2025-09-30
Aa2c385,A6c1ccf,Non-Investment Assets - Other Assets,balance_sheet,2025-09-30
Aa2c385,A6c1ccf,Non-Investment Liabilities - Other Liabilities,balance_sheet,2025-09-30
A191419,A6c1ccf,Non-Investment Assets - Cash,balance_sheet,2025-09-30
A191419,A6c1ccf,Non-Investment Assets - Other Assets,balance_sheet,2025-09-30
A191419,A6c1ccf,Non-Investment Liabilities - Other Liabilities,balance_sheet,2025-09-30
A27adfb,A6c1ccf,Non-Investment Assets - Cash,balance_sheet,2025-09-30
A27adfb,A6c1ccf,Non-Investment Assets - Other Assets,balance_sheet,2025-09-30
A27adfb,A6c1ccf,Non-Investment Liabilities - Other Liabilities,balance_sheet,2025-09-30
Af3e452,A6c1ccf,Non-Investment Assets - Cash,balance_sheet,2025-09-30
Af3e452,A6c1ccf,Non-Investment Assets - Other Assets,balance_sheet,2025-09-30
Af3e452,A6c1ccf,Non-Investment Liabilities - Other Liabilities,balance_sheet,2025-09-30
Acc6f90,Ad137c9,Non-Investment Liabilities - Other Liabilities,balance_sheet,2025-09-30
Acc6f90,Ad137c9,Non-Investments Assets - Cash,balance_sheet,2025-09-30
Acc6f90,Ad137c9,Non-Investments Assets - Other assets,balance_sheet,2025-09-30
A56ea14,A44e6c2,Non-Investment Assets - Cash,balance_sheet,2025-09-30
A56ea14,A44e6c2,Non-Investment Assets - Other Assets,balance_sheet,2025-09-30
A56ea14,A44e6c2,Non-Investment Liabilities - Other Liabilities,balance_sheet,2025-09-30
A680edc,Aded344,Non-Investment Assets - Cash,balance_sheet,2025-09-30
A680edc,Aded344,Non-Investment Assets - Other Assets,balance_sheet,2025-09-30
A79043d,Aded344,Non-Investment Assets - Cash,balance_sheet,2025-09-30
A79043d,Aded344,Non-Investment Assets - Other Assets,balance_sheet,2025-09-30
A396ea8,Aded344,Non-Investment Assets - Cash,balance_sheet,2025-09-30
A396ea8,Aded344,Non-Investment Liabilities - Other Liabilities,balance_sheet,2025-09-30
Ab7dccf,Aded344,Non-Investment Assets - Cash,balance_sheet,2025-09-30
Ab7dccf,Aded344,Non-Investment Assets - Other Assets,balance_sheet,2025-09-30
Ae5aac1,Aded344,Non-Investment Assets - Cash,balance_sheet,2025-09-30
Ae5aac1,Aded344,Non-Investment Assets - Other Assets,balance_sheet,2025-09-30
A4f0eca,A2d789a,Non-Investment Assets - Cash,balance_sheet,2025-09-30
A4f0eca,A2d789a,Non-Investment Assets - Other Assets,balance_sheet,2025-09-30
A4f0eca,A2d789a,Non-Investment Liabilities - Other Liabilities,balance_sheet,2025-09-30
A4f0eca,A2d789a,Quarterly Unrealized Gain/Loss,accounting_entry,2025-09-30
A21846d,A2d789a,ASC 740-10 Accrual,accounting_entry,2025-09-30
A21846d,A2d789a,Non-Investment Assets - Cash,balance_sheet,2025-09-30
A21846d,A2d789a,Non-Investment Assets - Other Assets,balance_sheet,2025-09-30
A21846d,A2d789a,Non-Investment Liabilities - Other Liabilities,balance_sheet,2025-09-30
A21846d,A2d789a,Quarterly Unrealized Gain/Loss,accounting_entry,2025-09-30
Ae848ec,A2d789a,ASC 740-10 Accrual,accounting_entry,2025-09-30
Ae848ec,A2d789a,Non-Investment Assets - Cash,balance_sheet,2025-09-30
Ae848ec,A2d789a,Non-Investment Assets - Other Assets,balance_sheet,2025-09-30
Ae848ec,A2d789a,Non-Investment Liabilities - Other Liabilities,balance_sheet,2025-09-30
Ae848ec,A2d789a,Quarterly Unrealized Gain/Loss,accounting_entry,2025-09-30
A1e1987,A2d789a,ASC 740-10 Accrual,accounting_entry,2025-09-30
A1e1987,A2d789a,Non-Investment Assets - Cash,balance_sheet,2025-09-30
A1e1987,A2d789a,Non-Investment Assets - Other Assets,balance_sheet,2025-09-30
A1e1987,A2d789a,Non-Investment Liabilities - Other Liabilities,balance_sheet,2025-09-30
A1e1987,A2d789a,Quarterly Unrealized Gain/Loss,accounting_entry,2025-09-30
A14ab79,A2d789a,ASC 740-10 Accrual,accounting_entry,2025-09-30
A14ab79,A2d789a,Non-Investment Assets - Cash,balance_sheet,2025-09-30
A14ab79,A2d789a,Non-Investment Assets - Other Assets,balance_sheet,2025-09-30
A14ab79,A2d789a,Non-Investment Liabilities - Other Liabilities,balance_sheet,2025-09-30
A14ab79,A2d789a,Quarterly Unrealized Gain/Loss,accounting_entry,2025-09-30
Ae1b92f,A2d789a,ASC 740-10 Accrual,accounting_entry,2025-09-30
Ae1b92f,A2d789a,Non-Investment Assets - Cash,balance_sheet,2025-09-30
Ae1b92f,A2d789a,Non-Investment Assets - Other Assets,balance_sheet,2025-09-30
Ae1b92f,A2d789a,Non-Investment Liabilities - Other Liabilities,balance_sheet,2025-09-30
Ae1b92f,A2d789a,Quarterly Unrealized Gain/Loss,accounting_entry,2025-09-30
A97e381,A2d789a,ASC 740-10 Accrual,accounting_entry,2025-09-30
A97e381,A2d789a,Non-Investment Assets - Cash,balance_sheet,2025-09-30
A97e381,A2d789a,Non-Investment Liabilities - Other Liabilities,balance_sheet,2025-09-30
A97e381,A2d789a,Quarterly Unrealized Gain/Loss,accounting_entry,2025-09-30
Ade1748,A2d789a,ASC 740-10 Accrual,accounting_entry,2025-09-30
Ade1748,A2d789a,Non-Investment Assets - Cash,balance_sheet,2025-09-30
Ade1748,A2d789a,Non-Investment Liabilities - Other Liabilities,balance_sheet,2025-09-30
Ade1748,A2d789a,Quarterly Unrealized Gain/Loss,accounting_entry,2025-09-30
A8cdb70,A2d789a,ASC 740-10 Accrual,accounting_entry,2025-09-30
A8cdb70,A2d789a,Non-Investment Assets - Cash,balance_sheet,2025-09-30
A8cdb70,A2d789a,Non-Investment Assets - Other Assets,balance_sheet,2025-09-30
A8cdb70,A2d789a,Non-Investment Liabilities - Other Liabilities,balance_sheet,2025-09-30
A8cdb70,A2d789a,Quarterly Unrealized Gain/Loss,accounting_entry,2025-09-30
A1f001f,A2d789a,ASC 740-10 Accrual,accounting_entry,2025-09-30
A1f001f,A2d789a,Non-Investment Assets - Cash,balance_sheet,2025-09-30
A1f001f,A2d789a,Non-Investment Liabilities - Other Liabilities,balance_sheet,2025-09-30
A1f001f,A2d789a,Quarterly Unrealized Gain/Loss,accounting_entry,2025-09-30
Acd9669,A2d789a,ASC 740-10 Accrual,accounting_entry,2025-09-30
Acd9669,A2d789a,Non-Investment Assets - Cash,balance_sheet,2025-09-30
Acd9669,A2d789a,Non-Investment Assets - Other Assets,balance_sheet,2025-09-30
Acd9669,A2d789a,Non-Investment Liabilities - Other Liabilities,balance_sheet,2025-09-30
Acd9669,A2d789a,Quarterly Unrealized Gain/Loss,accounting_entry,2025-09-30
A07e679,A2d789a,ASC 740-10 Accrual,accounting_entry,2025-09-30
A07e679,A2d789a,Non-Investment Assets - Cash,balance_sheet,2025-09-30
A07e679,A2d789a,Non-Investment Assets - Other Assets,balance_sheet,2025-09-30
A07e679,A2d789a,Non-Investment Liabilities - Other Liabilities,balance_sheet,2025-09-30
A07e679,A2d789a,Quarterly Unrealized Gain/Loss,accounting_entry,2025-09-30
Ab2a293,A2d789a,ASC 740-10 Accrual,accounting_entry,2025-09-30
Ab2a293,A2d789a,Non-Investment Assets - Cash,balance_sheet,2025-09-30
Ab2a293,A2d789a,Non-Investment Assets - Other Assets,balance_sheet,2025-09-30
Ab2a293,A2d789a,Non-Investment Liabilities - Other Liabilities,balance_sheet,2025-09-30
Ab2a293,A2d789a,Quarterly Unrealized Gain/Loss,accounting_entry,2025-09-30
Aabfb4f,A2d789a,ASC 740-10 Accrual,accounting_entry,2025-09-30
Aabfb4f,A2d789a,Non-Investment Assets - Cash,balance_sheet,2025-09-30
Aabfb4f,A2d789a,Non-Investment Assets - Other Assets,balance_sheet,2025-09-30
Aabfb4f,A2d789a,Non-Investment Liabilities - Other Liabilities,balance_sheet,2025-09-30
Aabfb4f,A2d789a,Quarterly Unrealized Gain/Loss,accounting_entry,2025-09-30
A159f57,A2d789a,ASC 740-10 Accrual,accounting_entry,2025-09-30
A159f57,A2d789a,Non-Investment Assets - Cash,balance_sheet,2025-09-30
A159f57,A2d789a,Non-Investment Assets - Other Assets,balance_sheet,2025-09-30
A159f57,A2d789a,Non-Investment Liabilities - Other Liabilities,balance_sheet,2025-09-30
A159f57,A2d789a,Quarterly Unrealized Gain/Loss,accounting_entry,2025-09-30
Af38835,A2d789a,ASC 740-10 Accrual,accounting_entry,2025-09-30
Af38835,A2d789a,Non-Investment Assets - Cash,balance_sheet,2025-09-30
Af38835,A2d789a,Non-Investment Assets - Other Assets,balance_sheet,2025-09-30
Af38835,A2d789a,Non-Investment Liabilities - Other Liabilities,balance_sheet,2025-09-30
Af38835,A2d789a,Quarterly Unrealized Gain/Loss,accounting_entry,2025-09-30
Ae1bc14,A2d789a,ASC 740-10 Accrual,accounting_entry,2025-09-30
Ae1bc14,A2d789a,Non-Investment Assets - Cash,balance_sheet,2025-09-30
Ae1bc14,A2d789a,Non-Investment Assets - Other Assets,balance_sheet,2025-09-30
Ae1bc14,A2d789a,Non-Investment Liabilities - Other Liabilities,balance_sheet,2025-09-30
Ae1bc14,A2d789a,Quarterly Unrealized Gain/Loss,accounting_entry,2025-09-30
Ad1697b,A2d789a,ASC 740-10 Accrual,accounting_entry,2025-09-30
Ad1697b,A2d789a,Non-Investment Assets - Cash,balance_sheet,2025-09-30
Ad1697b,A2d789a,Non-Investment Assets - Other Assets,balance_sheet,2025-09-30
Ad1697b,A2d789a,Non-Investment Liabilities - Other Liabilities,balance_sheet,2025-09-30
Ad1697b,A2d789a,Quarterly Unrealized Gain/Loss,accounting_entry,2025-09-30
A84826f,A2d789a,ASC 740-10 Accrual,accounting_entry,2025-09-30
A84826f,A2d789a,Non-Investment Assets - Cash,balance_sheet,2025-09-30
A84826f,A2d789a,Non-Investment Assets - Other Assets,balance_sheet,2025-09-30
A84826f,A2d789a,Non-Investment Liabilities - Other Liabilities,balance_sheet,2025-09-30
A84826f,A2d789a,Quarterly Unrealized Gain/Loss,accounting_entry,2025-09-30
A828a39,A7b259c,Non-Investment Assets - Cash,balance_sheet,2025-09-30
A828a39,A7b259c,Non-Investment Assets - Other Assets,balance_sheet,2025-09-30
A828a39,A7b259c,Non-Investment Liabilities - Other Liabilities,balance_sheet,2025-09-30
A828a39,A7b259c,Non-Investment Liabilities - Subscription Line of Credit,balance_sheet,2025-09-30
A6e113b,A7b259c,Non-Investment Assets - Cash,balance_sheet,2025-09-30
A6e113b,A7b259c,Non-Investment Assets - Other Assets,balance_sheet,2025-09-30
A6e113b,A7b259c,Non-Investment Liabilities - Other Liabilities,balance_sheet,2025-09-30
A6e113b,A7b259c,Non-Investment Liabilities - Subscription Line of Credit,balance_sheet,2025-09-30
Adbd48d,A01041e,Non-Investment Assets - Cash,balance_sheet,2025-09-30
Adbd48d,A01041e,Non-Investment Assets - Other Assets,balance_sheet,2025-09-30
Adbd48d,A01041e,Non-Investment Liabilities - Other Liabilities,balance_sheet,2025-09-30
Ac1eb23,A8e74aa,Non-Investment Assets - Cash,balance_sheet,2025-09-30
Ac1eb23,A8e74aa,Non-Investment Assets - Other Assets,balance_sheet,2025-09-30
Ac1eb23,A8e74aa,Non-Investment Liabilities - Other Liabilities,balance_sheet,2025-09-30
A41fefa,A8d1733,Non-Investment Assets - Cash,balance_sheet,2025-09-30
A41fefa,A8d1733,Non-Investment Assets - Other Assets,balance_sheet,2025-09-30
A5bb3fe,A8d1733,Non-Investment Assets - Cash,balance_sheet,2025-09-30
A5bb3fe,A8d1733,Non-Investment Assets - Other Assets,balance_sheet,2025-09-30
A5bb3fe,A8d1733,Non-Investment Liabilities - Other Liabilities,balance_sheet,2025-09-30
A80b715,A8d1733,Non-Investment Assets - Cash,balance_sheet,2025-09-30
A80b715,A8d1733,Non-Investment Assets - Other Assets,balance_sheet,2025-09-30
A28d8b6,A7b4b7c,Non-Investment Assets - Cash,balance_sheet,2025-09-30
A28d8b6,A7b4b7c,Non-Investment Assets - Other Assets,balance_sheet,2025-09-30
A28d8b6,A7b4b7c,Non-Investment Liabilities - Other Liabilities,balance_sheet,2025-09-30
Aaa2cfe,A7b4b7c,Non-Investment Assets - Cash,balance_sheet,2025-09-30
Aaa2cfe,A7b4b7c,Non-Investment Assets - Other Assets,balance_sheet,2025-09-30
Aaa2cfe,A7b4b7c,Non-Investment Liabilities - Other Liabilities,balance_sheet,2025-09-30
A51255c,A7b4b7c,Non-Investment Assets - Cash,balance_sheet,2025-09-30
A51255c,A7b4b7c,Non-Investment Assets - Other Assets,balance_sheet,2025-09-30
A51255c,A7b4b7c,Non-Investment Liabilities - Other Liabilities,balance_sheet,2025-09-30
A06207a,A7b4b7c,Non-Investment Assets - Cash,balance_sheet,2025-09-30
A06207a,A7b4b7c,Non-Investment Assets - Other Assets,balance_sheet,2025-09-30
A06207a,A7b4b7c,Non-Investment Liabilities - Other Liabilities,balance_sheet,2025-09-30
A6a1271,Ab9d621,Non-Investment Assets - Cash,balance_sheet,2025-09-30
A6a1271,Ab9d621,Non-Investment Assets - Other Assets,balance_sheet,2025-09-30
A6a1271,Ab9d621,Non-Investment Liabilities - Other Liabilities,balance_sheet,2025-09-30
Ab560d4,Aac22ed,Non-Investment Assets - Cash,balance_sheet,2025-09-30
Ab560d4,Aac22ed,Non-Investment Assets - Other Assets,balance_sheet,2025-09-30
Ab560d4,Aac22ed,Non-Investment Liabilities - Other Liabilities,balance_sheet,2025-09-30
A6bfae0,Aac22ed,Non-Investment Assets - Cash,balance_sheet,2025-09-30
A6bfae0,Aac22ed,Non-Investment Assets - Other Assets,balance_sheet,2025-09-30
A6bfae0,Aac22ed,Non-Investment Liabilities - Other Liabilities,balance_sheet,2025-09-30
A6bfae0,Aac22ed,Realized Proceeds Applied to Loan Repayment,accounting_entry,2025-09-30
A8ff6ae,Ab9d621,Non-Investment Assets - Cash,balance_sheet,2025-09-30
A8ff6ae,Ab9d621,Non-Investment Assets - Other Assets,balance_sheet,2025-09-30
A8ff6ae,Ab9d621,Non-Investment Liabilities - Other Liabilities,balance_sheet,2025-09-30
Abacebf,Ab9d621,Non-Investment Assets - Cash,balance_sheet,2025-09-30
Abacebf,Ab9d621,Non-Investment Assets - Other Assets,balance_sheet,2025-09-30
Abacebf,Ab9d621,Non-Investment Liabilities - Other Liabilities,balance_sheet,2025-09-30
Ad880d6,Ab9d621,Non-Investment Assets - Cash,balance_sheet,2025-09-30
Ad880d6,Ab9d621,Non-Investment Assets - Other Assets,balance_sheet,2025-09-30
Ad880d6,Ab9d621,Non-Investment Liabilities - Other Liabilities,balance_sheet,2025-09-30
A40c919,A4a1f26,Non-Investment Assets - Cash,balance_sheet,2025-09-30
A40c919,A4a1f26,Non-Investment Assets - Other Assets,balance_sheet,2025-09-30
A86b250,A4a1f26,Non-Investment Assets - Cash,balance_sheet,2025-09-30
A86b250,A4a1f26,Non-Investment Assets - Other Assets,balance_sheet,2025-09-30
A86b250,A4a1f26,Non-Investment Liabilities - Other Liabilities,balance_sheet,2025-09-30
A7906e8,A4a1f26,Non-Investment Assets - Cash,balance_sheet,2025-09-30
A7906e8,A4a1f26,Non-Investment Assets - Other Assets,balance_sheet,2025-09-30
A7906e8,A4a1f26,Non-Investment Liabilities - Other Liabilities,balance_sheet,2025-09-30
A72c0d9,A4a1f26,Non-Investment Assets - Cash,balance_sheet,2025-09-30
A72c0d9,A4a1f26,Non-Investment Assets - Other Assets,balance_sheet,2025-09-30
A72c0d9,A4a1f26,Non-Investment Liabilities - Other Liabilities,balance_sheet,2025-09-30
A4081d6,A4a1f26,Non-Investment Assets - Cash,balance_sheet,2025-09-30
A4081d6,A4a1f26,Non-Investment Assets - Other Assets,balance_sheet,2025-09-30
A4081d6,A4a1f26,Non-Investment Liabilities - Other Liabilities,balance_sheet,2025-09-30
A2cf5a1,A4a1f26,Non-Investment Assets - Cash,balance_sheet,2025-09-30
A2cf5a1,A4a1f26,Non-Investment Assets - Other Assets,balance_sheet,2025-09-30
A2cf5a1,A4a1f26,Non-Investment Liabilities - Other Liabilities,balance_sheet,2025-09-30
A471573,A4a1f26,Non-Investment Assets - Cash,balance_sheet,2025-09-30
A471573,A4a1f26,Non-Investment Assets - Other Assets,balance_sheet,2025-09-30
A471573,A4a1f26,Non-Investment Liabilities - Other Liabilities,balance_sheet,2025-09-30
Aa98e63,Aa130ea,Non-Investment Assets - Cash,balance_sheet,2025-09-30
Aa98e63,Aa130ea,Non-Investment Assets - Other Assets,balance_sheet,2025-09-30
Aa98e63,Aa130ea,Non-Investment Liabilities - Other Liabilities,balance_sheet,2025-09-30
Af5fed4,Aa130ea,Non-Investment Assets - Cash,balance_sheet,2025-09-30
Af5fed4,Aa130ea,Non-Investment Assets - Other Assets,balance_sheet,2025-09-30
Af5fed4,Aa130ea,Non-Investment Liabilities - Other Liabilities,balance_sheet,2025-09-30
A86e0b1,Aa130ea,Non-Investment Assets - Cash,balance_sheet,2025-09-30
A86e0b1,Aa130ea,Non-Investment Assets - Other Assets,balance_sheet,2025-09-30
A86e0b1,Aa130ea,Non-Investment Liabilities - Other Liabilities,balance_sheet,2025-09-30
A096a41,Aa130ea,Non-Investment Assets - Cash,balance_sheet,2025-09-30
A096a41,Aa130ea,Non-Investment Assets - Other Assets,balance_sheet,2025-09-30
A096a41,Aa130ea,Non-Investment Liabilities - Other Liabilities,balance_sheet,2025-09-30
Accb8dc,A128c7a,Non-Investment Assets - Cash,balance_sheet,2025-09-30
Accb8dc,A128c7a,Non-Investment Liabilities - Other Liabilities,balance_sheet,2025-09-30
A60210b,A128c7a,Non-Investment Assets - Cash,balance_sheet,2025-09-30
A60210b,A128c7a,Non-Investment Assets - Other Assets,balance_sheet,2025-09-30
A60210b,A128c7a,Non-Investment Liabilities - Other Liabilities,balance_sheet,2025-09-30
A60210b,A128c7a,Non-Investment Liabilities - Subscription Line of Credit,balance_sheet,2025-09-30
Aeccf59,Af0082f,Non-Investment Assets - Cash,balance_sheet,2025-09-30
Aeccf59,Af0082f,Non-Investment Assets - Other Assets,balance_sheet,2025-09-30
Aeccf59,Af0082f,Non-Investment Liabilities - Other Liabilities,balance_sheet,2025-09-30
A65fb68,Af0082f,Non-Investment Assets - Cash,balance_sheet,2025-09-30
A65fb68,Af0082f,Non-Investment Assets - Other Assets,balance_sheet,2025-09-30
A65fb68,Af0082f,Non-Investment Liabilities - Other Liabilities,balance_sheet,2025-09-30
A9859d3,Af0082f,Non-Investment Assets - Cash,balance_sheet,2025-09-30
A9859d3,Af0082f,Non-Investment Assets - Other Assets,balance_sheet,2025-09-30
A9859d3,Af0082f,Non-Investment Liabilities - Other Liabilities,balance_sheet,2025-09-30
A80ede9,Af0082f,Non-Investment Assets - Cash,balance_sheet,2025-09-30
A80ede9,Af0082f,Non-Investment Assets - Other Assets,balance_sheet,2025-09-30
A80ede9,Af0082f,Non-Investment Liabilities - Other Liabilities,balance_sheet,2025-09-30
A72f874,Af0082f,Non-Investment Assets - Cash,balance_sheet,2025-09-30
A72f874,Af0082f,Non-Investment Assets - Other Assets,balance_sheet,2025-09-30
A72f874,Af0082f,Non-Investment Liabilities - Other Liabilities,balance_sheet,2025-09-30
A2234f1,A12c595,Non-Investment Assets - Cash,balance_sheet,2025-09-30
A2234f1,A12c595,Non-Investment Assets - Other Assets,balance_sheet,2025-09-30
A2234f1,A12c595,Non-Investment Liabilities - Other Liabilities,balance_sheet,2025-09-30
A2234f1,A12c595,Pending Escrow,accounting_entry,2025-09-30
Aab52e1,Acc91f3,Cumulative unrealized loss from foreign currency translation,accounting_entry,2025-09-30
Aab52e1,Acc91f3,Non-Investment Assets - Cash,balance_sheet,2025-09-30
Aab52e1,Acc91f3,Non-Investment Assets - Other Assets,balance_sheet,2025-09-30
Aab52e1,Acc91f3,Non-Investment Liabilities - Other Liabilities,balance_sheet,2025-09-30
A3d41c0,Acc91f3,Cumulative unrealized loss from foreign currency translation,accounting_entry,2025-09-30
A3d41c0,Acc91f3,Non-Investment Assets - Cash,balance_sheet,2025-09-30
A3d41c0,Acc91f3,Non-Investment Assets - Other Assets,balance_sheet,2025-09-30
A3d41c0,Acc91f3,Non-Investment Liabilities - Other Liabilities,balance_sheet,2025-09-30
A2f629e,Acc91f3,Cumulative unrealized loss from foreign currency translation,accounting_entry,2025-09-30
A2f629e,Acc91f3,Non-Investment Assets - Cash,balance_sheet,2025-09-30
A2f629e,Acc91f3,Non-Investment Assets - Other Assets,balance_sheet,2025-09-30
A2f629e,Acc91f3,Non-Investment Liabilities - Other Liabilities,balance_sheet,2025-09-30
A51914b,Acc91f3,Foreign Currency Translation,accounting_entry,2025-09-30
A51914b,Acc91f3,Non-Investment Assets - Cash,balance_sheet,2025-09-30
A51914b,Acc91f3,Non-Investment Assets - Other Assets,balance_sheet,2025-09-30
A51914b,Acc91f3,Non-Investment Liabilities - Other Liabilities,balance_sheet,2025-09-30
Aef37a9,A12c595,Non-Investment Assets - Cash,balance_sheet,2025-09-30
Aef37a9,A12c595,Non-Investment Assets - Other Assets,balance_sheet,2025-09-30
Aef37a9,A12c595,Non-Investment Liabilities - Other Liabilities,balance_sheet,2025-09-30
A77a5f6,A12c595,Non-Investment Assets - Cash,balance_sheet,2025-09-30
A77a5f6,A12c595,Non-Investment Assets - Other Assets,balance_sheet,2025-09-30
A77a5f6,A12c595,Non-Investment Liabilities - Other Liabilities,balance_sheet,2025-09-30
A23025c,A12c595,Non-Investment Assets - Cash,balance_sheet,2025-09-30
A23025c,A12c595,Non-Investment Assets - Other Assets,balance_sheet,2025-09-30
A23025c,A12c595,Non-Investment Liabilities - Other Liabilities,balance_sheet,2025-09-30
A23025c,A12c595,Pending Escrow,accounting_entry,2025-09-30
Ab1beeb,A6a2191,Non-Investment Assets - Cash,balance_sheet,2025-09-30
Ab1beeb,A6a2191,Non-Investment Assets - Other Assets,balance_sheet,2025-09-30
Ab1beeb,A6a2191,Non-Investment Liabilities - Other Liabilities,balance_sheet,2025-09-30
A6e9d21,A899074,Non-Investment Assets - Cash,balance_sheet,2025-09-30
A6e9d21,A899074,Non-Investment Assets - Other Assets,balance_sheet,2025-09-30
A6e9d21,A899074,Non-Investment Liabilities - Other Liabilities,balance_sheet,2025-09-30
A8b6332,A899074,Non-Investment Assets - Cash,balance_sheet,2025-09-30
A8b6332,A899074,Non-Investment Assets - Other Assets,balance_sheet,2025-09-30
A8b6332,A899074,Non-Investment Liabilities - Other Liabilities,balance_sheet,2025-09-30
Ab781b9,A899074,Non-Investment Assets - Cash,balance_sheet,2025-09-30
Ab781b9,A899074,Non-Investment Assets - Other Assets,balance_sheet,2025-09-30
Ab781b9,A899074,Non-Investment Liabilities - Other Liabilities,balance_sheet,2025-09-30
A19d854,A899074,Non-Investment Assets - Cash,balance_sheet,2025-09-30
A19d854,A899074,Non-Investment Assets - Other Assets,balance_sheet,2025-09-30
A19d854,A899074,Non-Investment Liabilities - Other Liabilities,balance_sheet,2025-09-30
Afed02f,A899074,Non-Investment Assets - Cash,balance_sheet,2025-09-30
Afed02f,A899074,Non-Investment Assets - Other Assets,balance_sheet,2025-09-30
Afed02f,A899074,Non-Investment Liabilities - Other Liabilities,balance_sheet,2025-09-30
Af75e33,A4d29bc,Non-Investment Assets - Cash,balance_sheet,2025-09-30
Af75e33,A4d29bc,Non-Investment Assets - Other Assets,balance_sheet,2025-09-30
Af75e33,A4d29bc,Non-Investment Liabilities - Other Liabilities,balance_sheet,2025-09-30
A1cecbf,A372a3f,Non-Investment Assets - Cash,balance_sheet,2025-09-30
A1cecbf,A372a3f,Non-Investment Assets - Other Assets,balance_sheet,2025-09-30
A1cecbf,A372a3f,Non-Investment Liabilities - Other Liabilities,balance_sheet,2025-09-30
A4ff743,A372a3f,Non-Investment Assets - Cash,balance_sheet,2025-09-30
A4ff743,A372a3f,Non-Investment Assets - Other Assets,balance_sheet,2025-09-30
A4ff743,A372a3f,Non-Investment Liabilities - Other Liabilities,balance_sheet,2025-09-30
A32ca97,Ac1f496,Non-Investment Assets - Cash,balance_sheet,2025-09-30
A32ca97,Ac1f496,Non-Investment Assets - Other Assets,balance_sheet,2025-09-30
A32ca97,Ac1f496,Non-Investment Liabilities - Other Liabilities,balance_sheet,2025-09-30
A32ca97,Ac1f496,Non-Investment Liabilities - Subscription Line of Credit,balance_sheet,2025-09-30
A7d911d,A3d16f4,Non-Investment Assets - Cash,balance_sheet,2025-09-30
A7d911d,A3d16f4,Non-Investment Assets - Other Assets,balance_sheet,2025-09-30
A7d911d,A3d16f4,Non-Investment Liabilities - Other Liabilities,balance_sheet,2025-09-30
A7dba47,A3d16f4,Non-Investment Assets - Cash,balance_sheet,2025-09-30
A7dba47,A3d16f4,Non-Investment Assets - Other Assets,balance_sheet,2025-09-30
A7dba47,A3d16f4,Non-Investment Liabilities - Other Liabilities,balance_sheet,2025-09-30
A7e6207,A3d16f4,Non-Investment Assets - Cash,balance_sheet,2025-09-30
A7e6207,A3d16f4,Non-Investment Assets - Other Assets,balance_sheet,2025-09-30
A7e6207,A3d16f4,Non-Investment Liabilities - Other Liabilities,balance_sheet,2025-09-30
A8cbf09,A3d16f4,Non-Investment Assets - Cash,balance_sheet,2025-09-30
A8cbf09,A3d16f4,Non-Investment Assets - Other Assets,balance_sheet,2025-09-30
A8cbf09,A3d16f4,Non-Investment Liabilities - Other Liabilities,balance_sheet,2025-09-30
A4923d3,A3d16f4,Non-Investment Assets - Cash,balance_sheet,2025-09-30
A4923d3,A3d16f4,Non-Investment Assets - Other Assets,balance_sheet,2025-09-30
A4923d3,A3d16f4,Non-Investment Liabilities - Other Liabilities,balance_sheet,2025-09-30
A1f3d5e,A4f8dbc,Non-Investment Assets - Cash,balance_sheet,2025-09-30
A1f3d5e,A4f8dbc,Non-Investment Assets - Other Assets,balance_sheet,2025-09-30
A1f3d5e,A4f8dbc,Non-Investment Liabilities - Other Liabilities,balance_sheet,2025-09-30
Afd067a,A945638,Non-Investment Assets - Cash,balance_sheet,2025-09-30
Afd067a,A945638,Non-Investment Assets - Other Assets,balance_sheet,2025-09-30
Afd067a,A945638,Non-Investment Liabilities - Other Liabilities,balance_sheet,2025-09-30
Afd067a,A945638,Quarterly Unrealized Gain/Loss,accounting_entry,2025-09-30
Ad8891c,A945638,Non-Investment Assets - Cash,balance_sheet,2025-09-30
Ad8891c,A945638,Non-Investment Assets - Other Assets,balance_sheet,2025-09-30
Ad8891c,A945638,Non-Investment Liabilities - Other Liabilities,balance_sheet,2025-09-30
Ad8891c,A945638,Quarterly Unrealized Gain/Loss,accounting_entry,2025-09-30
A7b4ffd,A945638,Non-Investment Assets - Cash,balance_sheet,2025-09-30
A7b4ffd,A945638,Non-Investment Liabilities - Other Liabilities,balance_sheet,2025-09-30
A7b4ffd,A945638,Quarterly Unrealized Gain/Loss,accounting_entry,2025-09-30
A557ea2,A945638,Non-Investment Assets - Cash,balance_sheet,2025-09-30
A557ea2,A945638,Non-Investment Assets - Other Assets,balance_sheet,2025-09-30
A557ea2,A945638,Non-Investment Liabilities - Other Liabilities,balance_sheet,2025-09-30
A557ea2,A945638,Quarterly Unrealized Gain/Loss,accounting_entry,2025-09-30
A83c2dd,A945638,Non-Investment Assets - Cash,balance_sheet,2025-09-30
A83c2dd,A945638,Non-Investment Assets - Other Assets,balance_sheet,2025-09-30
A83c2dd,A945638,Non-Investment Liabilities - Other Liabilities,balance_sheet,2025-09-30
A83c2dd,A945638,Quarterly Unrealized Gain/Loss,accounting_entry,2025-09-30
A51d5e4,A945638,Non-Investment Assets - Cash,balance_sheet,2025-09-30
A51d5e4,A945638,Non-Investment Assets - Other Assets,balance_sheet,2025-09-30
A51d5e4,A945638,Non-Investment Liabilities - Other Liabilities,balance_sheet,2025-09-30
A51d5e4,A945638,Quarterly Unrealized Gain/Loss,accounting_entry,2025-09-30
A16c87d,A945638,Non-Investment Assets - Cash,balance_sheet,2025-09-30
A16c87d,A945638,Non-Investment Liabilities - Other Liabilities,balance_sheet,2025-09-30
A16c87d,A945638,Quarterly Unrealized Gain/Loss,accounting_entry,2025-09-30
A5a0710,A945638,Non-Investment Assets - Cash,balance_sheet,2025-09-30
A5a0710,A945638,Non-Investment Assets - Other Assets,balance_sheet,2025-09-30
A5a0710,A945638,Non-Investment Liabilities - Other Liabilities,balance_sheet,2025-09-30
A5a0710,A945638,Quarterly Unrealized Gain/Loss,accounting_entry,2025-09-30
A479270,A945638,Non-Investment Assets - Cash,balance_sheet,2025-09-30
A479270,A945638,Non-Investment Liabilities - Other Liabilities,balance_sheet,2025-09-30
A479270,A945638,Quarterly Unrealized Gain/Loss,accounting_entry,2025-09-30
A6019fe,A945638,Non-Investment Assets - Cash,balance_sheet,2025-09-30
A6019fe,A945638,Non-Investment Liabilities - Other Liabilities,balance_sheet,2025-09-30
A6019fe,A945638,Quarterly Unrealized Gain/Loss,accounting_entry,2025-09-30
A43c056,A945638,Non-Investment Assets - Cash,balance_sheet,2025-09-30
A43c056,A945638,Non-Investment Assets - Other Assets,balance_sheet,2025-09-30
A43c056,A945638,Non-Investment Liabilities - Other Liabilities,balance_sheet,2025-09-30
A43c056,A945638,Quarterly Unrealized Gain/Loss,accounting_entry,2025-09-30
Ae1ec02,A945638,Non-Investment Assets - Cash,balance_sheet,2025-09-30
Ae1ec02,A945638,Non-Investment Assets - Other Assets,balance_sheet,2025-09-30
Ae1ec02,A945638,Non-Investment Liabilities - Other Liabilities,balance_sheet,2025-09-30
Ae1ec02,A945638,Quarterly Unrealized Gain/Loss,accounting_entry,2025-09-30
A8244d8,Ab02df9,Non-Investment Assets - Cash,balance_sheet,2025-09-30
A8244d8,Ab02df9,Non-Investment Assets - Other Assets,balance_sheet,2025-09-30
A8244d8,Ab02df9,Non-Investment Liabilities - Other Liabilities,balance_sheet,2025-09-30
Ad6bb64,Ab02df9,Non-Investment Assets - Cash,balance_sheet,2025-09-30
Ad6bb64,Ab02df9,Non-Investment Assets - Other assets,balance_sheet,2025-09-30
Ad6bb64,Ab02df9,Non-Investment Liabilities - Other Liabilities,balance_sheet,2025-09-30
Abb96b2,Ab02df9,Non-Investment Assets - Cash and cash equivalents,balance_sheet,2025-09-30
Abb96b2,Ab02df9,Non-Investment Assets - Other assets,balance_sheet,2025-09-30
Abb96b2,Ab02df9,Non-Investment Liabilities - Accounts payable,balance_sheet,2025-09-30
Abb96b2,Ab02df9,Non-Investment Liabilities - Line of Credit,balance_sheet,2025-09-30
Afb294f,A4a62c2,Non-Investment Assets - Cash,balance_sheet,2025-09-30
Afb294f,A4a62c2,Non-Investment Assets - Other Assets,balance_sheet,2025-09-30
Afb294f,A4a62c2,Non-Investment Liabilities - Other Liabilities,balance_sheet,2025-09-30
Afb294f,A4a62c2,Quarterly Unrealized Gain/Loss,accounting_entry,2025-09-30
Ac01bd2,A4a62c2,Non-Investment Assets - Cash,balance_sheet,2025-09-30
Ac01bd2,A4a62c2,Non-Investment Assets - Other Assets,balance_sheet,2025-09-30
Ac01bd2,A4a62c2,Non-Investment Liabilities - Other Liabilities,balance_sheet,2025-09-30
Ac01bd2,A4a62c2,Quarterly Unrealized Gain/Loss,accounting_entry,2025-09-30
A13f39c,A4a62c2,Non-Investment Assets - Cash,balance_sheet,2025-09-30
A13f39c,A4a62c2,Non-Investment Assets - Other Assets,balance_sheet,2025-09-30
A13f39c,A4a62c2,Non-Investment Liabilities - Other Liabilities,balance_sheet,2025-09-30
A13f39c,A4a62c2,Non-Investment Liabilities - Subscription Line of Credit,balance_sheet,2025-09-30
A729d8b,A4a62c2,Non-Investment Assets - Cash,balance_sheet,2025-09-30
A729d8b,A4a62c2,Non-Investment Assets - Other Assets,balance_sheet,2025-09-30
A729d8b,A4a62c2,Non-Investment Liabilities - Other Liabilities,balance_sheet,2025-09-30
A729d8b,A4a62c2,Quarterly Unrealized Gain/Loss,accounting_entry,2025-09-30
Ac33ef9,A0f94cb,Non-Investment Assets - Cash,balance_sheet,2025-09-30
Ac33ef9,A0f94cb,Non-Investment Liabilities - Other Liabilities,balance_sheet,2025-09-30
Ab0a5da,A7dd292,Non-Investment Assets - Cash,balance_sheet,2025-09-30
Ab0a5da,A7dd292,Non-Investment Liabilities - Other Liabilities,balance_sheet,2025-09-30
Affdff0,A7dd292,Non-Investment Assets - Cash,balance_sheet,2025-09-30
Affdff0,A7dd292,Non-Investment Assets - Other Assets,balance_sheet,2025-09-30
A2799f7,A9b5f84,Non-Investment Assets - Cash,balance_sheet,2025-09-30
A2799f7,A9b5f84,Non-Investment Assets - Other Assets,balance_sheet,2025-09-30
A2799f7,A9b5f84,Non-Investment Liabilities - Other Liabilities,balance_sheet,2025-09-30
A9b3aeb,A9b5f84,Non-Investment Assets - Cash,balance_sheet,2025-09-30
A9b3aeb,A9b5f84,Non-Investment Assets - Other Assets,balance_sheet,2025-09-30
A9b3aeb,A9b5f84,Non-Investment Liabilities - Other Liabilities,balance_sheet,2025-09-30
A3fdcff,A8bd477,Non-Investment Liabilities - Other Liabilities,balance_sheet,2025-09-30
Aff00c9,A02306d,Non-Investment Assets - Cash,balance_sheet,2025-09-30
Aff00c9,A02306d,Non-Investment Assets - Other assets,balance_sheet,2025-09-30
Aff00c9,A02306d,Non-Investment Liabilities - Other Liabilities,balance_sheet,2025-09-30
A0af6ce,A02306d,Non-Investment Assets - Cash,balance_sheet,2025-09-30
A0af6ce,A02306d,Non-Investment Assets - Other Assets,balance_sheet,2025-09-30
A0af6ce,A02306d,Non-Investment Liabilities - Other Liabilities,balance_sheet,2025-09-30
A1d6a44,A02306d,Non-Investment Assets - Cash,balance_sheet,2025-09-30
A1d6a44,A02306d,Non-Investment Liabilities - Other Liabilities,balance_sheet,2025-09-30
A5bfee3,A6a28da,Non-Investment Assets - Cash,balance_sheet,2025-09-30
A5bfee3,A6a28da,Non-Investment Assets - Other Assets,balance_sheet,2025-09-30
A5bfee3,A6a28da,Non-Investment Liabilities - Other Liabilities,balance_sheet,2025-09-30
A5bfee3,A6a28da,Non-Investment Liabilities - Subscription Line of Credit,balance_sheet,2025-09-30
A4d752f,A6a28da,Non-Investment Assets - Cash,balance_sheet,2025-09-30
A4d752f,A6a28da,Non-Investment Assets - Other Assets,balance_sheet,2025-09-30
A4d752f,A6a28da,Non-Investment Liabilities - Other Liabilities,balance_sheet,2025-09-30
A4d752f,A6a28da,Non-Investment Liabilities - Subscription Line of Credit,balance_sheet,2025-09-30
Aec91fb,Aeedbe6,Non-Investment Assets - Cash,balance_sheet,2025-09-30
Aec91fb,Aeedbe6,Non-Investment Liabilities - Other Liabilities,balance_sheet,2025-09-30
A3cde4b,Aeedbe6,Non-Investment Assets - Cash,balance_sheet,2025-09-30
A3cde4b,Aeedbe6,Non-Investment Assets - Other Assets,balance_sheet,2025-09-30
A3cde4b,Aeedbe6,Non-Investment Liabilities - Other Liabilities,balance_sheet,2025-09-30
Ae3893b,A02306d,Non-Investment Assets - Cash,balance_sheet,2025-09-30
Ae3893b,A02306d,Non-Investment Assets - Other Assets,balance_sheet,2025-09-30
Ae3893b,A02306d,Non-Investment Liabilities - Other Liabilities,balance_sheet,2025-09-30
Aac1486,A3ecea4,Non-Investment Assets - Cash,balance_sheet,2025-09-30
Aac1486,A3ecea4,Non-Investment Assets - Other Assets,balance_sheet,2025-09-30
Aac1486,A3ecea4,Non-Investment Liabilities - Other Liabilities,balance_sheet,2025-09-30
A6a2745,A3ecea4,Non-Investment Assets - Cash,balance_sheet,2025-09-30
A6a2745,A3ecea4,Non-Investment Liabilities - Subscription Line of Credit,balance_sheet,2025-09-30
Af6593f,A8bd477,Non-Investment Liabilities - Other Liabilities,balance_sheet,2025-09-30
Afd1cbe,A8bd477,Non-Investment Assets - Cash,balance_sheet,2025-09-30
Afd1cbe,A8bd477,Non-Investment Liabilities - Other Liabilities,balance_sheet,2025-09-30
A99e32e,A8bd477,Non-Investment Assets - Cash,balance_sheet,2025-09-30
A99e32e,A8bd477,Non-Investment Liabilities - Other Liabilities,balance_sheet,2025-09-30
A996a8a,A8bd477,Non-Investment Assets - Cash,balance_sheet,2025-09-30
A996a8a,A8bd477,Non-Investment Liabilities - Other Liabilities,balance_sheet,2025-09-30
Ace087b,A8bd477,Non-Investment Assets - Cash,balance_sheet,2025-09-30
Ace087b,A8bd477,Non-Investment Liabilities - Other Liabilities,balance_sheet,2025-09-30
Ace087b,A8bd477,Non-Investment Liabilities - Subscription Line of Credit,balance_sheet,2025-09-30
Aadd548,A8bd477,Non-Investment Liabilities - Other Liabilities,balance_sheet,2025-09-30
Aadd548,A8bd477,Non-Investment Liabilities - Subscription Line of Credit,balance_sheet,2025-09-30
A073c3d,A8bd477,Non-Investment Assets - Cash,balance_sheet,2025-09-30
A073c3d,A8bd477,Non-Investment Liabilities - Other Liabilities,balance_sheet,2025-09-30
A048b87,Adad2f2,Non-Investment Assets - Cash,balance_sheet,2025-09-30
A4d85cc,A6a0407,Non-Investment Assets - Cash,balance_sheet,2025-09-30
A4d85cc,A6a0407,Non-Investment Liabilities - Other Liabilities,balance_sheet,2025-09-30
A0d2a71,A6a0407,Non-Investment Assets - Cash,balance_sheet,2025-09-30
A0d2a71,A6a0407,Non-Investment Assets - Other Assets,balance_sheet,2025-09-30
A0d2a71,A6a0407,Non-Investment Liabilities - Other Liabilities,balance_sheet,2025-09-30
A26a0d1,A6a0407,Non-Investment Assets - Cash,balance_sheet,2025-09-30
A26a0d1,A6a0407,Non-Investment Assets - Other Assets,balance_sheet,2025-09-30
A26a0d1,A6a0407,Non-Investment Liabilities - Other Liabilities,balance_sheet,2025-09-30
Aeedb32,A6a0407,Non-Investment Assets - Cash,balance_sheet,2025-09-30
Aeedb32,A6a0407,Non-Investment Assets - Other Assets,balance_sheet,2025-09-30
Aeedb32,A6a0407,Non-Investment Liabilities - Other Liabilities,balance_sheet,2025-09-30
Aeedb32,A6a0407,Non-Investment Liabilities - Subscription Line of Credit,balance_sheet,2025-09-30
A4e3f9d,A7970a7,Non-Investment Assets - Cash,balance_sheet,2025-09-30
A4e3f9d,A7970a7,Non-Investment Liabilities - Other Liabilities,balance_sheet,2025-09-30
Aa82eac,A7970a7,Non-Investment Assets - Cash,balance_sheet,2025-09-30
Aa82eac,A7970a7,Non-Investment Liabilities - Other Liabilities,balance_sheet,2025-09-30
A67395e,A7970a7,Non-Investment Liabilities - Other Liabilities,balance_sheet,2025-09-30
A2b1837,A7970a7,Non-Investment Liabilities - Other Liabilities,balance_sheet,2025-09-30
A8d4882,A026529,Non-Investment Assets - Cash,balance_sheet,2025-09-30
A8d4882,A026529,Non-Investment Assets - Other Assets,balance_sheet,2025-09-30
A8d4882,A026529,Non-Investment Liabilities - Other Liabilities,balance_sheet,2025-09-30
A8d4882,A026529,Quarterly Unrealized Gain/Loss,accounting_entry,2025-09-30
A84711b,A026529,ASC 740-10 Accrual,accounting_entry,2025-09-30
A84711b,A026529,Non-Investment Assets - Cash,balance_sheet,2025-09-30
A84711b,A026529,Non-Investment Assets - Other Assets,balance_sheet,2025-09-30
A84711b,A026529,Non-Investment Liabilities - Other Liabilities,balance_sheet,2025-09-30
A84711b,A026529,Quarterly Unrealized Gain/Loss,accounting_entry,2025-09-30
Afa85c1,A026529,ASC 740-10 Accrual,accounting_entry,2025-09-30
Afa85c1,A026529,Non-Investment Assets - Cash,balance_sheet,2025-09-30
Afa85c1,A026529,Non-Investment Assets - Other Assets,balance_sheet,2025-09-30
Afa85c1,A026529,Non-Investment Liabilities - Other Liabilities,balance_sheet,2025-09-30
Afa85c1,A026529,Quarterly Unrealized Gain/Loss,accounting_entry,2025-09-30
A4e71f3,A026529,Non-Investment Assets - Cash,balance_sheet,2025-09-30
A4e71f3,A026529,Non-Investment Assets - Other Assets,balance_sheet,2025-09-30
A4e71f3,A026529,Non-Investment Liabilities - Other Liabilities,balance_sheet,2025-09-30
A4e71f3,A026529,Quarterly Unrealized Gain/Loss,accounting_entry,2025-09-30
Ac16b86,A026529,ASC 740-10 Accrual,accounting_entry,2025-09-30
Ac16b86,A026529,Non-Investment Assets - Cash,balance_sheet,2025-09-30
Ac16b86,A026529,Non-Investment Assets - Other Assets,balance_sheet,2025-09-30
Ac16b86,A026529,Non-Investment Liabilities - Other Liabilities,balance_sheet,2025-09-30
Ac16b86,A026529,Quarterly Unrealized Gain/Loss,accounting_entry,2025-09-30
A31bf6d,A026529,ASC 740-10 Accrual,accounting_entry,2025-09-30
A31bf6d,A026529,Idle Cash,accounting_entry,2025-09-30
A31bf6d,A026529,Non-Investment Assets - Cash,balance_sheet,2025-09-30
A31bf6d,A026529,Non-Investment Assets - Other Assets,balance_sheet,2025-09-30
A31bf6d,A026529,Non-Investment Liabilities - Other Liabilities,balance_sheet,2025-09-30
A31bf6d,A026529,Quarterly Unrealized Gain/Loss,accounting_entry,2025-09-30
A666ff0,A026529,Non-Investment Assets - Cash,balance_sheet,2025-09-30
A666ff0,A026529,Non-Investment Assets - Other Assets,balance_sheet,2025-09-30
A666ff0,A026529,Non-Investment Liabilities - Other Liabilities,balance_sheet,2025-09-30
A666ff0,A026529,Quarterly Unrealized Gain/Loss,accounting_entry,2025-09-30
A1e32ac,A026529,Non-Investment Assets - Cash,balance_sheet,2025-09-30
A1e32ac,A026529,Non-Investment Assets - Other Assets,balance_sheet,2025-09-30
A1e32ac,A026529,Non-Investment Liabilities - Other Liabilities,balance_sheet,2025-09-30
A1e32ac,A026529,Quarterly Unrealized Gain/Loss,accounting_entry,2025-09-30
Ae2a183,A026529,Non-Investment Assets - Cash,balance_sheet,2025-09-30
Ae2a183,A026529,Non-Investment Assets - Other Assets,balance_sheet,2025-09-30
Ae2a183,A026529,Non-Investment Liabilities - Other Liabilities,balance_sheet,2025-09-30
Ae2a183,A026529,Quarterly Unrealized Gain/Loss,accounting_entry,2025-09-30
A000c43,A026529,Non-Investment Assets - Cash,balance_sheet,2025-09-30
A000c43,A026529,Non-Investment Assets - Other Assets,balance_sheet,2025-09-30
A000c43,A026529,Non-Investment Liabilities - Other Liabilities,balance_sheet,2025-09-30
A000c43,A026529,Quarterly Unrealized Gain/Loss,accounting_entry,2025-09-30
A8567d1,A026529,Non-Investment Assets - Cash,balance_sheet,2025-09-30
A8567d1,A026529,Non-Investment Assets - Other Assets,balance_sheet,2025-09-30
A8567d1,A026529,Non-Investment Liabilities - Other Liabilities,balance_sheet,2025-09-30
A8567d1,A026529,Quarterly Unrealized Gain/Loss,accounting_entry,2025-09-30
A64ed3d,A026529,Non-Investment Assets - Cash,balance_sheet,2025-09-30
A64ed3d,A026529,Non-Investment Assets - Other Assets,balance_sheet,2025-09-30
A64ed3d,A026529,Non-Investment Liabilities - Other Liabilities,balance_sheet,2025-09-30
A64ed3d,A026529,Quarterly Unrealized Gain/Loss,accounting_entry,2025-09-30
Adeb96a,A026529,ASC 740-10 Accrual,accounting_entry,2025-09-30
Adeb96a,A026529,Idle Cash,accounting_entry,2025-09-30
Adeb96a,A026529,Non-Investment Assets - Cash,balance_sheet,2025-09-30
Adeb96a,A026529,Non-Investment Assets - Other Assets,balance_sheet,2025-09-30
Adeb96a,A026529,Non-Investment Liabilities - Other Liabilities,balance_sheet,2025-09-30
Adeb96a,A026529,Quarterly Unrealized Gain/Loss,accounting_entry,2025-09-30
Af8d59f,A026529,Non-Investment Assets - Cash,balance_sheet,2025-09-30
Af8d59f,A026529,Non-Investment Assets - Other Assets,balance_sheet,2025-09-30
Af8d59f,A026529,Non-Investment Liabilities - Other Liabilities,balance_sheet,2025-09-30
Af8d59f,A026529,Quarterly Unrealized Gain/Loss,accounting_entry,2025-09-30
A7bc2d3,A026529,Idle Cash,accounting_entry,2025-09-30
A7bc2d3,A026529,Non-Investment Assets - Cash,balance_sheet,2025-09-30
A7bc2d3,A026529,Non-Investment Assets - Other Assets,balance_sheet,2025-09-30
A7bc2d3,A026529,Non-Investment Liabilities - Other Liabilities,balance_sheet,2025-09-30
A7bc2d3,A026529,Quarterly Unrealized Gain/Loss,accounting_entry,2025-09-30
Aa5a4bb,A026529,Non-Investment Assets - Cash,balance_sheet,2025-09-30
Aa5a4bb,A026529,Non-Investment Assets - Other Assets,balance_sheet,2025-09-30
Aa5a4bb,A026529,Non-Investment Liabilities - Other Liabilities,balance_sheet,2025-09-30
Aa5a4bb,A026529,Quarterly Unrealized Gain/Loss,accounting_entry,2025-09-30
A758776,A026529,Non-Investment Assets - Cash,balance_sheet,2025-09-30
A758776,A026529,Non-Investment Assets - Other Assets,balance_sheet,2025-09-30
A758776,A026529,Non-Investment Liabilities - Other Liabilities,balance_sheet,2025-09-30
A758776,A026529,Quarterly Unrealized Gain/Loss,accounting_entry,2025-09-30
A780765,A026529,Non-Investment Assets - Cash,balance_sheet,2025-09-30
A780765,A026529,Non-Investment Assets - Other Assets,balance_sheet,2025-09-30
A780765,A026529,Non-Investment Liabilities - Other Liabilities,balance_sheet,2025-09-30
A780765,A026529,Quarterly Unrealized Gain/Loss,accounting_entry,2025-09-30
A6b418c,A026529,Non-Investment Assets - Cash,balance_sheet,2025-09-30
A6b418c,A026529,Non-Investment Assets - Other Assets,balance_sheet,2025-09-30
A6b418c,A026529,Non-Investment Liabilities - Other Liabilities,balance_sheet,2025-09-30
A6b418c,A026529,Subtotal Private Investments,subtotal,2025-09-30
A8bb104,A026529,ASC 740-10 Accrual,accounting_entry,2025-09-30
A8bb104,A026529,Non-Investment Assets - Cash,balance_sheet,2025-09-30
A8bb104,A026529,Non-Investment Assets - Other Assets,balance_sheet,2025-09-30
A8bb104,A026529,Non-Investment Liabilities - Other Liabilities,balance_sheet,2025-09-30
A8bb104,A026529,Quarterly Unrealized Gain/Loss,accounting_entry,2025-09-30
A2d1148,A026529,Non-Investment Assets - Cash,balance_sheet,2025-09-30
A2d1148,A026529,Non-Investment Assets - Other Assets,balance_sheet,2025-09-30
A2d1148,A026529,Non-Investment Liabilities - Other Liabilities,balance_sheet,2025-09-30
A2d1148,A026529,Quarterly Unrealized Gain/Loss,accounting_entry,2025-09-30
A6e6143,A026529,Non-Investment Assets - Cash,balance_sheet,2025-09-30
A6e6143,A026529,Non-Investment Assets - Other Assets,balance_sheet,2025-09-30
A6e6143,A026529,Non-Investment Liabilities - Other Liabilities,balance_sheet,2025-09-30
A6e6143,A026529,Quarterly Unrealized Gain/Loss,accounting_entry,2025-09-30
Aff6f98,A026529,Non-Investment Assets - Cash,balance_sheet,2025-09-30
Aff6f98,A026529,Non-Investment Assets - Other Assets,balance_sheet,2025-09-30
Aff6f98,A026529,Non-Investment Liabilities - Other Liabilities,balance_sheet,2025-09-30
Aff6f98,A026529,Quarterly Unrealized Gain/Loss,accounting_entry,2025-09-30
Ae6e0df,A026529,Non-Investment Assets - Cash,balance_sheet,2025-09-30
Ae6e0df,A026529,Non-Investment Assets - Other Assets,balance_sheet,2025-09-30
Ae6e0df,A026529,Non-Investment Liabilities - Other Liabilities,balance_sheet,2025-09-30
Ae6e0df,A026529,Quarterly Unrealized Gain/Loss,accounting_entry,2025-09-30
A124f9d,A026529,Non-Investment Assets - Cash,balance_sheet,2025-09-30
A124f9d,A026529,Non-Investment Assets - Other Assets,balance_sheet,2025-09-30
A124f9d,A026529,Non-Investment Liabilities - Other Liabilities,balance_sheet,2025-09-30
A124f9d,A026529,Quarterly Unrealized Gain/Loss,accounting_entry,2025-09-30
A124f9d,A026529,Subtotal Private Investments,subtotal,2025-09-30
A577ed1,A026529,Non-Investment Assets - Cash,balance_sheet,2025-09-30
A577ed1,A026529,Non-Investment Assets - Other Assets,balance_sheet,2025-09-30
A577ed1,A026529,Non-Investment Liabilities - Other Liabilities,balance_sheet,2025-09-30
A577ed1,A026529,Quarterly Unrealized Gain/Loss,accounting_entry,2025-09-30
A4ce2f8,A026529,Non-Investment Assets - Cash,balance_sheet,2025-09-30
A4ce2f8,A026529,Non-Investment Assets - Other Assets,balance_sheet,2025-09-30
A4ce2f8,A026529,Non-Investment Liabilities - Other Liabilities,balance_sheet,2025-09-30
A4ce2f8,A026529,Quarterly Unrealized Gain/Loss,accounting_entry,2025-09-30
A4ce2f8,A026529,Subtotal Private Investments,subtotal,2025-09-30
A2ac41e,A026529,Non-Investment Assets - Cash,balance_sheet,2025-09-30
A2ac41e,A026529,Non-Investment Assets - Other Assets,balance_sheet,2025-09-30
A2ac41e,A026529,Non-Investment Liabilities - Other Liabilities,balance_sheet,2025-09-30
A2ac41e,A026529,Quarterly Unrealized Gain/Loss,accounting_entry,2025-09-30
A4c5dcd,A026529,Non-Investment Assets - Cash,balance_sheet,2025-09-30
A4c5dcd,A026529,Non-Investment Assets - Other Assets,balance_sheet,2025-09-30
A4c5dcd,A026529,Non-Investment Liabilities - Other Liabilities,balance_sheet,2025-09-30
A4c5dcd,A026529,Quarterly Unrealized Gain/Loss,accounting_entry,2025-09-30
Aba96b1,A026529,Non-Investment Assets - Cash,balance_sheet,2025-09-30
Aba96b1,A026529,Non-Investment Assets - Other Assets,balance_sheet,2025-09-30
Aba96b1,A026529,Non-Investment Liabilities - Other Liabilities,balance_sheet,2025-09-30
Aba96b1,A026529,Quarterly Unrealized Gain/Loss,accounting_entry,2025-09-30
Aba96b1,A026529,Total Portfolio Investments,subtotal,2025-09-30
A2989df,A86463a,Non-Investment Assets - Cash,balance_sheet,2025-09-30
A2989df,A86463a,Non-Investment Assets - Other Assets,balance_sheet,2025-09-30
A2989df,A86463a,Non-Investment Liabilities - Other Liabilities,balance_sheet,2025-09-30
Ac58438,Ad647a1,Non-Investment Assets - Cash,balance_sheet,2025-09-30
Ac58438,Ad647a1,Non-Investment Assets - Other Assets,balance_sheet,2025-09-30
Ac58438,Ad647a1,Non-Investment Liabilities - Other Liabilities,balance_sheet,2025-09-30
A2b73e4,Ad647a1,Non-Investment Assets - Cash,balance_sheet,2025-09-30
A2b73e4,Ad647a1,Non-Investment Assets - Other Assets,balance_sheet,2025-09-30
A2b73e4,Ad647a1,Non-Investment Liabilities - Other Liabilities,balance_sheet,2025-09-30
A2b73e4,Ad647a1,Non-Investment Liabilities - Subscription Line of Credit,balance_sheet,2025-09-30
Ae2ca7f,Aa8e77d,Non-Investment Assets - Cash,balance_sheet,2025-09-30
Ae2ca7f,Aa8e77d,Non-Investment Liabilities - Other Liabilities,balance_sheet,2025-09-30
A13b1e6,Aa8e77d,Non-Investment Assets - Cash,balance_sheet,2025-09-30
A13b1e6,Aa8e77d,Non-Investment Liabilities - Other Liabilities,balance_sheet,2025-09-30
A8282d7,Aa8e77d,Non-Investment Assets - Cash,balance_sheet,2025-09-30
A8282d7,Aa8e77d,Non-Investment Assets - Other Assets,balance_sheet,2025-09-30
A8282d7,Aa8e77d,Non-Investment Liabilities - Other Liabilities,balance_sheet,2025-09-30
Aa76711,Aa8e77d,Non-Investment Assets - Cash,balance_sheet,2025-09-30
Aa76711,Aa8e77d,Non-Investment Assets - Other Assets,balance_sheet,2025-09-30
Aa76711,Aa8e77d,Non-Investment Liabilities - Other Liabilities,balance_sheet,2025-09-30
A6557da,Aa8e77d,Non-Investment Assets - Cash,balance_sheet,2025-09-30
A6557da,Aa8e77d,Non-Investment Assets - Other Assets,balance_sheet,2025-09-30
A6557da,Aa8e77d,Non-Investment Liabilities - Other Liabilities,balance_sheet,2025-09-30
Af3dbec,Aa8e77d,Non-Investment Assets - Cash,balance_sheet,2025-09-30
Af3dbec,Aa8e77d,Non-Investment Assets - Other Assets,balance_sheet,2025-09-30
Af3dbec,Aa8e77d,Non-Investment Liabilities - Other Liabilities,balance_sheet,2025-09-30
A6f42ff,Aa8e77d,Non-Investment Assets - Cash,balance_sheet,2025-09-30
A6f42ff,Aa8e77d,Non-Investment Assets - Other Assets,balance_sheet,2025-09-30
A6f42ff,Aa8e77d,Non-Investment Liabilities - Other Liabilities,balance_sheet,2025-09-30
Aa0a993,Aa8e77d,Non-Investment Assets - Cash,balance_sheet,2025-09-30
Aa0a993,Aa8e77d,Non-Investment Assets - Other Assets,balance_sheet,2025-09-30
Aa0a993,Aa8e77d,Non-Investment Liabilities - Other Liabilities,balance_sheet,2025-09-30
A4fec46,Aa8e77d,Non-Investment Assets - Cash,balance_sheet,2025-09-30
A4fec46,Aa8e77d,Non-Investment Assets - Other Assets,balance_sheet,2025-09-30
A4fec46,Aa8e77d,Non-Investment Liabilities - Other Liabilities,balance_sheet,2025-09-30
A4fec46,Aa8e77d,Non-Investment Liabilities - Subscription Line of Credit,balance_sheet,2025-09-30
A2a4d74,Aa8e77d,Non-Investment Assets - Cash,balance_sheet,2025-09-30
A2a4d74,Aa8e77d,Non-Investment Assets - Other Assets,balance_sheet,2025-09-30
A2a4d74,Aa8e77d,Non-Investment Liabilities - Other Liabilities,balance_sheet,2025-09-30
A2a4d74,Aa8e77d,Non-Investment Liabilities - Subscription Line of Credit,balance_sheet,2025-09-30
Ac71115,Ab27df1,Non-Investment Assets - Cash,balance_sheet,2025-09-30
Ac71115,Ab27df1,Non-Investment Assets - Other Assets,balance_sheet,2025-09-30
Ac71115,Ab27df1,Non-Investment Liabilities - Other Liabilities,balance_sheet,2025-09-30
Af4e6f7,A026fe6,Non-Investment Assets - Cash,balance_sheet,2025-09-30
Af4e6f7,A026fe6,Non-Investment Assets - Other Assets,balance_sheet,2025-09-30
Af4e6f7,A026fe6,Non-Investment Liabilities - Other Liabilities,balance_sheet,2025-09-30
A56bafa,Ab27df1,Non-Investment Assets - Cash,balance_sheet,2025-09-30
A56bafa,Ab27df1,Non-Investment Assets - Other Assets,balance_sheet,2025-09-30
A56bafa,Ab27df1,Non-Investment Liabilities - Other Liabilities,balance_sheet,2025-09-30
A56bafa,Ab27df1,Non-Investment Liabilities - Subscription Line of Credit,balance_sheet,2025-09-30
A28fbd7,A24f078,Non-Investment Assets - Cash,balance_sheet,2025-09-30
A28fbd7,A24f078,Non-Investment Assets - Other Assets,balance_sheet,2025-09-30
A28fbd7,A24f078,Non-Investment Liabilities - Other Liabilities,balance_sheet,2025-09-30
A28fbd7,A24f078,Non-Investment Liabilities - Subscription Line of Credit,balance_sheet,2025-09-30
Ad893bb,A775492,Non-Investment Assets - Cash,balance_sheet,2025-09-30
Ad893bb,A775492,Non-Investment Assets - Other Assets,balance_sheet,2025-09-30
Ad893bb,A775492,Non-Investment Liabilities - Other Liabilities,balance_sheet,2025-09-30
Ad893bb,A775492,Non-Investment Liabilities - Subscription Line of Credit,balance_sheet,2025-09-30
A48791b,A775492,Non-Investment Assets - Cash,balance_sheet,2025-09-30
A48791b,A775492,Non-Investment Liabilities - Other Liabilities,balance_sheet,2025-09-30
A355e2c,A775492,Non-Investment Assets - Cash,balance_sheet,2025-09-30
A355e2c,A775492,Non-Investment Liabilities - Other Liabilities,balance_sheet,2025-09-30
A1cae97,A775492,Non-Investment Assets - Cash,balance_sheet,2025-09-30
A1cae97,A775492,Non-Investment Assets - Other Assets,balance_sheet,2025-09-30
A1cae97,A775492,Non-Investment Liabilities - Other Liabilities,balance_sheet,2025-09-30
A67b879,A775492,Non-Investment Assets - Cash,balance_sheet,2025-09-30
A67b879,A775492,Non-Investment Assets - Other Assets,balance_sheet,2025-09-30
A67b879,A775492,Non-Investment Liabilities - Other Liabilities,balance_sheet,2025-09-30
A20f76b,A775492,Non-Investment Assets - Cash,balance_sheet,2025-09-30
A20f76b,A775492,Non-Investment Assets - Other Assets,balance_sheet,2025-09-30
A20f76b,A775492,Non-Investment Liabilities - Other Liabilities,balance_sheet,2025-09-30
A2ce6c1,Ac17925,Non-Investment Assets - Cash,balance_sheet,2025-09-30
A2ce6c1,Ac17925,Non-Investment Assets - Other Assets,balance_sheet,2025-09-30
A2ce6c1,Ac17925,Non-Investment Liabilities - Other Liabilities,balance_sheet,2025-09-30
A145642,Ac17925,Non-Investment Assets - Cash,balance_sheet,2025-09-30
A145642,Ac17925,Non-Investment Assets - Other Assets,balance_sheet,2025-09-30
A145642,Ac17925,Non-Investment Liabilities - Other Liabilities,balance_sheet,2025-09-30
Aebcab9,Ac17925,Non-Investment Assets - Cash,balance_sheet,2025-09-30
Aebcab9,Ac17925,Non-Investment Assets - Other Assets,balance_sheet,2025-09-30
Aebcab9,Ac17925,Non-Investment Liabilities - Other Liabilities,balance_sheet,2025-09-30
Aa967c0,Afc0dbf,Non-Investment Assets - Cash,balance_sheet,2025-06-30
Aa967c0,Afc0dbf,Non-Investment Liabilities - Other Liabilities,balance_sheet,2025-06-30
Ad52755,A664a6a,Non-Investment Assets - Cash,balance_sheet,2025-06-30
Ad52755,A664a6a,Non-Investment Assets - Other Assets,balance_sheet,2025-06-30
Ad52755,A664a6a,Non-Investment Liabilities - Other Liabilities,balance_sheet,2025-06-30
Ab73bb9,A664a6a,Non-Investment Assets - Other Assets,balance_sheet,2025-06-30
Ab73bb9,A664a6a,Non-Investment Liabilities - Other Liabilities,balance_sheet,2025-06-30
Aa874b3,Afc0dbf,Non-Investment Assets - Cash,balance_sheet,2025-06-30
Aa874b3,Afc0dbf,Non-Investment Assets - Other Assets,balance_sheet,2025-06-30
Aa874b3,Afc0dbf,Non-Investment Liabilities - Other Liabilities,balance_sheet,2025-06-30
A87187f,Afc0dbf,Non-Investment Assets - Cash,balance_sheet,2025-06-30
A87187f,Afc0dbf,Non-Investment Assets - Other Assets,balance_sheet,2025-06-30
A87187f,Afc0dbf,Non-Investment Liabilities - Other Liabilities,balance_sheet,2025-06-30
Ae8bf4c,Afc0dbf,Non-Investment Assets - Cash,balance_sheet,2025-06-30
Ae8bf4c,Afc0dbf,Non-Investment Liabilities - Other Liabilities,balance_sheet,2025-06-30
Ad0fa4d,Aa3bbc4,Non-Investment Assets - Cash,balance_sheet,2025-06-30
Ad0fa4d,Aa3bbc4,Non-Investment Liabilities - Other Liabilities,balance_sheet,2025-06-30
Abeff42,Afbe003,Non-Investment Assets - Other Assets,balance_sheet,2025-06-30
Abeff42,Afbe003,Non-Investment Liabilities - Subscription Line of Credit,balance_sheet,2025-06-30
A1fd1d1,Afbe003,Non-Investment Assets - Other Assets,balance_sheet,2025-06-30
A1fd1d1,Afbe003,Non-Investment Liabilities - Other Liabilities,balance_sheet,2025-06-30
A1ea2a3,A041a39,Non-Investment Assets - Cash,balance_sheet,2025-06-30
A1ea2a3,A041a39,Non-Investment Assets - Other Assets,balance_sheet,2025-06-30
A1ea2a3,A041a39,Non-Investment Liabilities - Other Liabilities,balance_sheet,2025-06-30
A825f85,A041a39,Non-Investment Assets - Cash,balance_sheet,2025-06-30
A825f85,A041a39,Non-Investment Assets - Other Assets,balance_sheet,2025-06-30
A825f85,A041a39,Non-Investment Liabilities - Other Liabilities,balance_sheet,2025-06-30
Af08fa6,A041a39,Non-Investment Assets - Cash,balance_sheet,2025-06-30
Af08fa6,A041a39,Non-Investment Assets - Other Assets,balance_sheet,2025-06-30
Af08fa6,A041a39,Non-Investment Liabilities - Other Liabilities,balance_sheet,2025-06-30
A9d1e8c,A041a39,Non-Investment Assets - Cash,balance_sheet,2025-06-30
A9d1e8c,A041a39,Non-Investment Assets - Other Assets,balance_sheet,2025-06-30
A9d1e8c,A041a39,Non-Investment Liabilities - Other Liabilities,balance_sheet,2025-06-30
Ac0dd42,A041a39,Non-Investment Assets - Cash,balance_sheet,2025-06-30
Ac0dd42,A041a39,Non-Investment Assets - Other Assets,balance_sheet,2025-06-30
Ac0dd42,A041a39,Non-Investment Liabilities - Other Liabilities,balance_sheet,2025-06-30
Afc4e50,A041a39,Non-Investment Assets - Cash,balance_sheet,2025-06-30
Afc4e50,A041a39,Non-Investment Assets - Other Assets,balance_sheet,2025-06-30
Afc4e50,A041a39,Non-Investment Liabilities - Other Liabilities,balance_sheet,2025-06-30
Ae561e7,A041a39,Non-Investment Assets - Cash,balance_sheet,2025-06-30
Ae561e7,A041a39,Non-Investment Assets - Other Assets,balance_sheet,2025-06-30
Ae561e7,A041a39,Non-Investment Liabilities - Other Liabilities,balance_sheet,2025-06-30
A681b8b,A041a39,Non-Investment Assets - Cash,balance_sheet,2025-06-30
A681b8b,A041a39,Non-Investment Liabilities - Other Liabilities,balance_sheet,2025-06-30
A2a9ea5,A041a39,Non-Investment Assets - Cash,balance_sheet,2025-06-30
A2a9ea5,A041a39,Non-Investment Liabilities - Other Liabilities,balance_sheet,2025-06-30
A43502d,A041a39,Non-Investment Assets - Cash,balance_sheet,2025-06-30
A43502d,A041a39,Non-Investment Assets - Other Assets,balance_sheet,2025-06-30
A43502d,A041a39,Non-Investment Liabilities - Other Liabilities,balance_sheet,2025-06-30
A4656cb,A041a39,Non-Investment Assets - Cash,balance_sheet,2025-06-30
A4656cb,A041a39,Non-Investment Assets - Other Assets,balance_sheet,2025-06-30
A4656cb,A041a39,Non-Investment Liabilities - Other Liabilities,balance_sheet,2025-06-30
A51cf14,A041a39,Non-Investment Assets - Cash,balance_sheet,2025-06-30
A51cf14,A041a39,Non-Investment Assets - Other Assets,balance_sheet,2025-06-30
A51cf14,A041a39,Non-Investment Liabilities - Other Liabilities,balance_sheet,2025-06-30
A64d20c,A041a39,Non-Investment Assets - Cash,balance_sheet,2025-06-30
A64d20c,A041a39,Non-Investment Liabilities - Other Liabilities,balance_sheet,2025-06-30
Ae4d75e,A041a39,Non-Investment Assets - Cash,balance_sheet,2025-06-30
Ae4d75e,A041a39,Non-Investment Assets - Other Assets,balance_sheet,2025-06-30
Ae4d75e,A041a39,Non-Investment Liabilities - Other Liabilities,balance_sheet,2025-06-30
A85406a,A041a39,Non-Investment Assets - Cash,balance_sheet,2025-06-30
A85406a,A041a39,Non-Investment Liabilities - Other Liabilities,balance_sheet,2025-06-30
A0a0599,A041a39,Non-Investment Assets - Cash,balance_sheet,2025-06-30
A0a0599,A041a39,Non-Investment Assets - Other Assets,balance_sheet,2025-06-30
A0a0599,A041a39,Non-Investment Liabilities - Other Liabilities,balance_sheet,2025-06-30
Acc9329,A041a39,Non-Investment Assets - Cash,balance_sheet,2025-06-30
Acc9329,A041a39,Non-Investment Liabilities - Other Liabilities,balance_sheet,2025-06-30
Ac6e10f,A96d213,Non-Investment Assets - Cash,balance_sheet,2025-06-30
Ac6e10f,A96d213,Non-Investment Assets - Other Assets,balance_sheet,2025-06-30
Ac6e10f,A96d213,Non-Investment Liabilities - Other Liabilities,balance_sheet,2025-06-30
Ac6e10f,A96d213,Non-Investment Liabilities - Subscription Line of Credit,balance_sheet,2025-06-30
A1554e9,A664a6a,Non-Investment Assets - Cash,balance_sheet,2025-06-30
A1554e9,A664a6a,Non-Investment Assets - Other Assets,balance_sheet,2025-06-30
A1554e9,A664a6a,Non-Investment Liabilities - Other Liabilities,balance_sheet,2025-06-30
A1554e9,A664a6a,Non-Investment Liabilities - Subscription Line of Credit,balance_sheet,2025-06-30
A3e929e,A664a6a,Non-Investment Assets - Cash,balance_sheet,2025-06-30
A3e929e,A664a6a,Non-Investment Assets - Other Assets,balance_sheet,2025-06-30
A3e929e,A664a6a,Non-Investment Liabilities - Other Liabilities,balance_sheet,2025-06-30
Ab3ea87,A5d1a01,Non-Investment Assets - Cash,balance_sheet,2025-06-30
Ab3ea87,A5d1a01,Non-Investment Assets - Other Assets,balance_sheet,2025-06-30
Ab3ea87,A5d1a01,Non-Investment Liabilities - Other Liabilities,balance_sheet,2025-06-30
Ae7bb35,A5d1a01,Non-Investment Assets - Cash,balance_sheet,2025-06-30
Ae7bb35,A5d1a01,Non-Investment Assets - Other Assets,balance_sheet,2025-06-30
Ae7bb35,A5d1a01,Non-Investment Liabilities - Other Liabilities,balance_sheet,2025-06-30
Acff5f3,A619a99,Non-Investment Assets - Cash,balance_sheet,2025-06-30
Acff5f3,A619a99,Non-Investment Assets - Other Assets,balance_sheet,2025-06-30
Ad6af15,A619a99,Non-Investment Assets - Cash,balance_sheet,2025-06-30
Ad6af15,A619a99,Non-Investment Liabilities - Other Liabilities,balance_sheet,2025-06-30
Ab89eda,A619a99,Non-Investment Assets - Cash,balance_sheet,2025-06-30
Ab89eda,A619a99,Non-Investment Liabilities - Other Liabilities,balance_sheet,2025-06-30
A394dd9,Ac758cf,Non-Investment Assets - Cash,balance_sheet,2025-06-30
A394dd9,Ac758cf,Non-Investment Assets - Other Assets,balance_sheet,2025-06-30
A394dd9,Ac758cf,Non-Investment Liabilities - Other Liabilities,balance_sheet,2025-06-30
A394dd9,Ac758cf,Non-Investment Liabilities - Subscription Line of Credit,balance_sheet,2025-06-30
A63aa12,Ac758cf,Non-Investment Assets - Cash,balance_sheet,2025-06-30
A63aa12,Ac758cf,Non-Investment Assets - Other Assets,balance_sheet,2025-06-30
A63aa12,Ac758cf,Non-Investment Liabilities - Other Liabilities,balance_sheet,2025-06-30
A6fcde0,A6f625f,Non-Investment Assets - Cash,balance_sheet,2025-06-30
A6fcde0,A6f625f,Non-Investment Assets - Other Assets,balance_sheet,2025-06-30
A6fcde0,A6f625f,Non-Investment Liabilities - Other Liabilities,balance_sheet,2025-06-30
A6fcde0,A6f625f,Non-Investment Liabilities - Subscription Line of Credit,balance_sheet,2025-06-30
A229eeb,A15464a,Non-Investment Assets - Cash,balance_sheet,2025-06-30
A229eeb,A15464a,Non-Investment Assets - Other Assets,balance_sheet,2025-06-30
A229eeb,A15464a,Non-Investment Liabilities - Other Liabilities,balance_sheet,2025-06-30
A80d33a,Ad15ca3,Non-Investment Assets - Cash,balance_sheet,2025-06-30
A80d33a,Ad15ca3,Non-Investment Assets - Other Assets,balance_sheet,2025-06-30
A80d33a,Ad15ca3,Non-Investment Liabilities - Other Liabilities,balance_sheet,2025-06-30
A3cb5c7,A109e0f,Non-Investment Assets - Cash,balance_sheet,2025-06-30
A3cb5c7,A109e0f,Non-Investment Assets - Other Assets,balance_sheet,2025-06-30
A3cb5c7,A109e0f,Non-Investment Liabilities - Other Liabilities,balance_sheet,2025-06-30
A3cb5c7,A109e0f,Non-Investment Liabilities - Subscription Line of Credit,balance_sheet,2025-06-30
A75eb76,A109e0f,Non-Investment Assets - Cash,balance_sheet,2025-06-30
A75eb76,A109e0f,Non-Investment Assets - Other Assets,balance_sheet,2025-06-30
A75eb76,A109e0f,Non-Investment Liabilities - Other Liabilities,balance_sheet,2025-06-30
A75eb76,A109e0f,Non-Investment Liabilities - Subscription Line of Credit,balance_sheet,2025-06-30
A930514,A109e0f,Non-Investment Assets - Cash,balance_sheet,2025-06-30
A930514,A109e0f,Non-Investment Assets - Other Assets,balance_sheet,2025-06-30
A930514,A109e0f,Non-Investment Liabilities - Other Liabilities,balance_sheet,2025-06-30
A930514,A109e0f,Non-Investment Liabilities - Subscription Line of Credit,balance_sheet,2025-06-30
Afc9d9d,A109e0f,Non-Investment Assets - Cash,balance_sheet,2025-06-30
Afc9d9d,A109e0f,Non-Investment Assets - Other Assets,balance_sheet,2025-06-30
Afc9d9d,A109e0f,Non-Investment Liabilities - Other Liabilities,balance_sheet,2025-06-30
A6514b0,A109e0f,Non-Investment Assets - Cash,balance_sheet,2025-06-30
A6514b0,A109e0f,Non-Investment Liabilities - Other Liabilities,balance_sheet,2025-06-30
A0e8f48,Aa3bbc4,Non-Investment Assets - Cash,balance_sheet,2025-06-30
A0e8f48,Aa3bbc4,Non-Investment Assets - Other Assets,balance_sheet,2025-06-30
A0e8f48,Aa3bbc4,Non-Investment Liabilities - Other Liabilities,balance_sheet,2025-06-30
A2ac14e,Aa3bbc4,Non-Investment Assets - Cash,balance_sheet,2025-06-30
A2ac14e,Aa3bbc4,Non-Investment Assets - Other Assets,balance_sheet,2025-06-30
A2ac14e,Aa3bbc4,Non-Investment Liabilities - Other Liabilities,balance_sheet,2025-06-30
Acc4ce2,Afc0dbf,Non-Investment Assets - Cash,balance_sheet,2025-06-30
Acc4ce2,Afc0dbf,Non-Investment Assets - Other Assets,balance_sheet,2025-06-30
Acc4ce2,Afc0dbf,Non-Investment Liabilities - Other Liabilities,balance_sheet,2025-06-30
Acc4ce2,Afc0dbf,Non-Investment Liabilities - Subscription Line of Credit,balance_sheet,2025-06-30
A466539,Afc0dbf,Non-Investment Assets - Cash,balance_sheet,2025-06-30
A466539,Afc0dbf,Non-Investment Assets - Other Assets,balance_sheet,2025-06-30
A466539,Afc0dbf,Non-Investment Liabilities - Other Liabilities,balance_sheet,2025-06-30
A466539,Afc0dbf,Non-Investment Liabilities - Subscription Line of Credit,balance_sheet,2025-06-30
A74c64f,A8be668,Non-Investment Assets - Cash,balance_sheet,2025-06-30
A74c64f,A8be668,Non-Investment Assets - Other Assets,balance_sheet,2025-06-30
A74c64f,A8be668,Non-Investment Liabilities - Other Liabilities,balance_sheet,2025-06-30
A74c64f,A8be668,Non-Investment Liabilities - Subscription Line of Credit,balance_sheet,2025-06-30
A1bb7a5,A54f085,Non-Investment Assets - Cash,balance_sheet,2025-06-30
A1bb7a5,A54f085,Non-Investment Liabilities - Other Liabilities,balance_sheet,2025-06-30
Ae20eb8,A54f085,Non-Investment Assets - Cash,balance_sheet,2025-06-30
Ae20eb8,A54f085,Non-Investment Liabilities - Other Liabilities,balance_sheet,2025-06-30
A723435,A8be668,Non-Investment Assets - Cash,balance_sheet,2025-06-30
A723435,A8be668,Non-Investment Assets - Other Assets,balance_sheet,2025-06-30
A723435,A8be668,Non-Investment Liabilities - Other Liabilities,balance_sheet,2025-06-30
A723435,A8be668,Non-Investment Liabilities - Subscription Line of Credit,balance_sheet,2025-06-30
Adc57d5,A8be668,Non-Investment Assets - Cash,balance_sheet,2025-06-30
Adc57d5,A8be668,Non-Investment Assets - Other Assets,balance_sheet,2025-06-30
Adc57d5,A8be668,Non-Investment Liabilities - Other Liabilities,balance_sheet,2025-06-30
A208478,A8be668,Non-Investment Assets - Cash,balance_sheet,2025-06-30
A208478,A8be668,Non-Investment Assets - Other Assets,balance_sheet,2025-06-30
A208478,A8be668,Non-Investment Liabilities - Other Liabilities,balance_sheet,2025-06-30
A208478,A8be668,Non-Investment Liabilities - Subscription Line of Credit,balance_sheet,2025-06-30
A0d0dd8,A8be668,Non-Investment Assets - Cash,balance_sheet,2025-06-30
A0d0dd8,A8be668,Non-Investment Assets - Other Assets,balance_sheet,2025-06-30
A0d0dd8,A8be668,Non-Investment Liabilities - Other Liabilities,balance_sheet,2025-06-30
A1137b9,A8be668,Non-Investment Assets - Cash,balance_sheet,2025-06-30
A1137b9,A8be668,Non-Investment Assets - Other Assets,balance_sheet,2025-06-30
A1137b9,A8be668,Non-Investment Liabilities - Other Liabilities,balance_sheet,2025-06-30
Ab5e21c,A8be668,Non-Investment Assets - Cash,balance_sheet,2025-06-30
Ab5e21c,A8be668,Non-Investment Assets - Other Assets,balance_sheet,2025-06-30
Ab5e21c,A8be668,Non-Investment Liabilities - Other Liabilities,balance_sheet,2025-06-30
Ab5e21c,A8be668,Non-Investment Liabilities - Subscription Line of Credit,balance_sheet,2025-06-30
Af289f4,A8be668,Non-Investment Assets - Cash,balance_sheet,2025-06-30
Af289f4,A8be668,Non-Investment Assets - Other Assets,balance_sheet,2025-06-30
Af289f4,A8be668,Non-Investment Liabilities - Other Liabilities,balance_sheet,2025-06-30
Af289f4,A8be668,Non-Investment Liabilities - Subscription Line of Credit,balance_sheet,2025-06-30
A6709ea,A586fd2,AO Football Transfer Receivable,accounting_entry,2025-06-30
A279d4f,A586fd2,AO Football Transfer Receivable,accounting_entry,2025-06-30
A67c3e6,A02cb18,Non-Investment Assets - Cash,balance_sheet,2025-06-30
A67c3e6,A02cb18,Non-Investment Assets - Other Assets,balance_sheet,2025-06-30
A67c3e6,A02cb18,Non-Investment Liabilities - Other Liabilities,balance_sheet,2025-06-30
Af8dafa,A02cb18,Non-Investment Assets - Cash,balance_sheet,2025-06-30
Af8dafa,A02cb18,Non-Investment Assets - Other Assets,balance_sheet,2025-06-30
Af8dafa,A02cb18,Non-Investment Liabilities - Other Liabilities,balance_sheet,2025-06-30
Acd9cbe,A02cb18,Non-Investment Assets - Cash,balance_sheet,2025-06-30
Acd9cbe,A02cb18,Non-Investment Assets - Other Assets,balance_sheet,2025-06-30
Acd9cbe,A02cb18,Non-Investment Liabilities - Other Liabilities,balance_sheet,2025-06-30
A7ed594,A61c681,Non-Investment Assets - Cash,balance_sheet,2025-06-30
A7ed594,A61c681,Non-Investment Assets - Other Assets,balance_sheet,2025-06-30
A7ed594,A61c681,Non-Investment Liabilities - Other Liabilities,balance_sheet,2025-06-30
A7ed594,A61c681,Non-Investment Liabilities - Subscription Line of Credit,balance_sheet,2025-06-30
Ada12ca,A61c681,Non-Investment Assets - Cash,balance_sheet,2025-06-30
Ada12ca,A61c681,Non-Investment Assets - Other Assets,balance_sheet,2025-06-30
Ada12ca,A61c681,Non-Investment Liabilities - Other Liabilities,balance_sheet,2025-06-30
A5479e2,A61c681,Non-Investment Assets - Cash,balance_sheet,2025-06-30
A5479e2,A61c681,Non-Investment Assets - Other Assets,balance_sheet,2025-06-30
A5479e2,A61c681,Non-Investment Liabilities - Other Liabilities,balance_sheet,2025-06-30
A433d90,A44e6c2,Non-Investment Assets - Cash,balance_sheet,2025-06-30
A433d90,A44e6c2,Non-Investment Assets - Other Assets,balance_sheet,2025-06-30
A433d90,A44e6c2,Non-Investment Liabilities - Other Liabilities,balance_sheet,2025-06-30
A4ff5ec,Af8f7a9,Non-Investment Assets - Cash,balance_sheet,2025-06-30
A4ff5ec,Af8f7a9,Non-Investment Assets - Other Assets,balance_sheet,2025-06-30
A4ff5ec,Af8f7a9,Non-Investment Liabilities - Other Liabilities,balance_sheet,2025-06-30
Acc4dee,Af8f7a9,Non-Investment Assets - Cash,balance_sheet,2025-06-30
Acc4dee,Af8f7a9,Non-Investment Assets - Other Assets,balance_sheet,2025-06-30
Acc4dee,Af8f7a9,Non-Investment Liabilities - Other Liabilities,balance_sheet,2025-06-30
A44702b,Af8f7a9,Non-Investment Assets - Cash,balance_sheet,2025-06-30
A44702b,Af8f7a9,Non-Investment Assets - Other Assets,balance_sheet,2025-06-30
A44702b,Af8f7a9,Non-Investment Liabilities - Other Liabilities,balance_sheet,2025-06-30
Aba6caa,Af8f7a9,Non-Investment Assets - Cash,balance_sheet,2025-06-30
Aba6caa,Af8f7a9,Non-Investment Assets - Other Assets,balance_sheet,2025-06-30
Aba6caa,Af8f7a9,Non-Investment Liabilities - Other Liabilities,balance_sheet,2025-06-30
Aba6caa,Af8f7a9,Tax Distributions,accounting_entry,2025-06-30
Af390f9,Af8f7a9,Non-Investment Assets - Cash,balance_sheet,2025-06-30
Af390f9,Af8f7a9,Non-Investment Assets - Other Assets,balance_sheet,2025-06-30
Af390f9,Af8f7a9,Non-Investment Liabilities - Other Liabilities,balance_sheet,2025-06-30
A73be2a,18be12,Net Non-Investment Assets from Canyon Laurell II Master Fund,balance_sheet,2025-06-30
A73be2a,18be12,Non-Investment Assets - Cash,balance_sheet,2025-06-30
A73be2a,18be12,Non-Investment Assets - Other Assets,balance_sheet,2025-06-30
A73be2a,18be12,Non-Investment Liabilities - Other Liabilities,balance_sheet,2025-06-30
A5494b2,18be12,Non-Investment Assets - Cash,balance_sheet,2025-06-30
A5494b2,18be12,Non-Investment Assets - Other Assets,balance_sheet,2025-06-30
A5494b2,18be12,Non-Investment Liabilities - Other Liabilities,balance_sheet,2025-06-30
Aa71003,18be12,Non-Investment Assets - Cash,balance_sheet,2025-06-30
Aa71003,18be12,Non-Investment Assets - Other Assets,balance_sheet,2025-06-30
Aa71003,18be12,Non-Investment Liabilities - Other Liabilities,balance_sheet,2025-06-30
Aa71003,18be12,Non-Investment Liabilities - Subscription Line of Credit,balance_sheet,2025-06-30
A153d68,A08aac2,Non-Investment Assets - Cash,balance_sheet,2025-06-30
A153d68,A08aac2,Non-Investment Assets - Other Assets,balance_sheet,2025-06-30
A153d68,A08aac2,Non-Investment Liabilities - Other Liabilities,balance_sheet,2025-06-30
A103ce5,A348789,Non-Investment Assets - Cash,balance_sheet,2025-06-30
A103ce5,A348789,Non-Investment Liabilities - Other Liabilities,balance_sheet,2025-06-30
Ab4033d,A91b7d0,Non-Investment Assets - Cash,balance_sheet,2025-06-30
Ab4033d,A91b7d0,Non-Investment Assets - Other Assets,balance_sheet,2025-06-30
Ab4033d,A91b7d0,Non-Investment Liabilities - Other Liabilities,balance_sheet,2025-06-30
Ab4033d,A91b7d0,Non-Investment Liabilities - Subscription Line of Credit,balance_sheet,2025-06-30
Aa5bde6,A91b7d0,Non-Investment Assets - Cash,balance_sheet,2025-06-30
Aa5bde6,A91b7d0,Non-Investment Assets - Other Assets,balance_sheet,2025-06-30
Aa5bde6,A91b7d0,Non-Investment Liabilities - Other Liabilities,balance_sheet,2025-06-30
Aa5bde6,A91b7d0,Non-Investment Liabilities - Subscription Line of Credit,balance_sheet,2025-06-30
A73775f,Af8f7a9,Non-Investment Assets - Cash,balance_sheet,2025-06-30
A73775f,Af8f7a9,Non-Investment Assets - Other Assets,balance_sheet,2025-06-30
A73775f,Af8f7a9,Non-Investment Liabilities - Other Liabilities,balance_sheet,2025-06-30
A73775f,Af8f7a9,Tax Distributions,accounting_entry,2025-06-30
A40cc93,A49a079,Non-Investment Assets - Cash,balance_sheet,2025-06-30
A40cc93,A49a079,Non-Investment Assets - Other Assets,balance_sheet,2025-06-30
A40cc93,A49a079,Non-Investment Liabilities - Other Liabilities,balance_sheet,2025-06-30
Ac15ed6,A2f186b,Non-Investment Assets - Cash,balance_sheet,2025-06-30
Ac15ed6,A2f186b,Non-Investment Assets - Other Assets,balance_sheet,2025-06-30
A2a38e9,A2f186b,Non-Investment Assets - Cash,balance_sheet,2025-06-30
A2a38e9,A2f186b,Non-Investment Assets - Other Assets,balance_sheet,2025-06-30
A2a38e9,A2f186b,Non-Investment Liabilities - Other Liabilities,balance_sheet,2025-06-30
A23dda7,A2f186b,Non-Investment Assets - Cash,balance_sheet,2025-06-30
A23dda7,A2f186b,Non-Investment Assets - Other Assets,balance_sheet,2025-06-30
Ad1a396,Ad70035,Non-Investments Liabilities -  Other Liabilities,balance_sheet,2025-06-30
Ad1a396,Ad70035,Non-investments Assets - Cash,balance_sheet,2025-06-30
Ad1a396,Ad70035,Non-investments Assets - Other Assets,balance_sheet,2025-06-30
Ae67360,Ad70035,Non-Investment Assets - Cash,balance_sheet,2025-06-30
Ae67360,Ad70035,Non-Investment Assets - Other Assets,balance_sheet,2025-06-30
Ae67360,Ad70035,Non-Investment Liabilities - Other Liabilities,balance_sheet,2025-06-30
Ae4f50d,Ad70035,Non-Investment Assets - Cash,balance_sheet,2025-06-30
Ae4f50d,Ad70035,Non-Investment Assets - Other Assets,balance_sheet,2025-06-30
Ae4f50d,Ad70035,Non-Investment Liabilities - Other Liabilities,balance_sheet,2025-06-30
Ad10bcf,Ad70035,Non-Investment Assets - Cash,balance_sheet,2025-06-30
Ad10bcf,Ad70035,Non-Investment Assets - Other Assets,balance_sheet,2025-06-30
Ad10bcf,Ad70035,Non-Investment Liabilities - Other Liabilities,balance_sheet,2025-06-30
A23ee88,Ad70035,Non-Investment Assets - Cash,balance_sheet,2025-06-30
A23ee88,Ad70035,Non-Investment Assets - Other Assets,balance_sheet,2025-06-30
A23ee88,Ad70035,Non-Investment Liabilities - Other Liabilities,balance_sheet,2025-06-30
A11f7a2,A2e3873,Non-Investment Assets - Cash,balance_sheet,2025-06-30
A11f7a2,A2e3873,Non-Investment Assets - Other Assets,balance_sheet,2025-06-30
A11f7a2,A2e3873,Non-Investment Liabilities - Other Liabilities,balance_sheet,2025-06-30
A11f7a2,A2e3873,Non-Investment Liabilities - Subscription Line of Credit,balance_sheet,2025-06-30
A1e8a7e,Ac37569,Non-Investment Assets - Cash,balance_sheet,2025-06-30
A1e8a7e,Ac37569,Non-Investment Assets - Other Assets,balance_sheet,2025-06-30
A1e8a7e,Ac37569,Non-Investment Liabilities - Other Liabilities,balance_sheet,2025-06-30
Af5ff4f,Ac37569,Non-Investment Assets - Cash,balance_sheet,2025-06-30
Af5ff4f,Ac37569,Non-Investment Assets - Other Assets,balance_sheet,2025-06-30
Af5ff4f,Ac37569,Non-Investment Liabilities - Other Liabilities,balance_sheet,2025-06-30
Aa12a53,A8bd477,Non-Investment Liabilities - Other Liabilities,balance_sheet,2025-06-30
A9ffbf3,Ad7e703,Non-Investment Assets - Cash,balance_sheet,2025-06-30
A9ffbf3,Ad7e703,Non-Investment Assets - Other Assets,balance_sheet,2025-06-30
A9ffbf3,Ad7e703,Non-Investment Liabilities - Other Liabilities,balance_sheet,2025-06-30
A9ffbf3,Ad7e703,Non-Investment Liabilities - Subscription Line of Credit,balance_sheet,2025-06-30
A9c9bb9,A0c2722,Non-Investmentsa Assets - Cash and cash equivalents,balance_sheet,2025-06-30
A9c9bb9,A0c2722,Non-Investmentsa Assets - Other Assets,balance_sheet,2025-06-30
A9c9bb9,A0c2722,Non-Investmentsa Liabilities- Other Liabilities,balance_sheet,2025-06-30
A5466bf,Acdb9df,Non-Investment Assets - Cash,balance_sheet,2025-06-30
A5466bf,Acdb9df,Non-Investment Assets - Other Assets,balance_sheet,2025-06-30
A5466bf,Acdb9df,Non-Investment Liabilities - Other Liabilities,balance_sheet,2025-06-30
Af14abd,Acdb9df,Non-Investment Assets - Cash,balance_sheet,2025-06-30
Af14abd,Acdb9df,Non-Investment Assets - Other Assets,balance_sheet,2025-06-30
Af14abd,Acdb9df,Non-Investment Liabilities - Other Liabilities,balance_sheet,2025-06-30
A29c2b9,Aed3782,Non-Investment Assets - Cash,balance_sheet,2025-06-30
A29c2b9,Aed3782,Non-Investment Assets - Other Assets,balance_sheet,2025-06-30
A29c2b9,Aed3782,Non-Investment Liabilities - Other Liabilities,balance_sheet,2025-06-30
Adfb13d,3.95E+42,Non-Investment Assets - Cash,balance_sheet,2025-06-30
Adfb13d,3.95E+42,Non-Investment Assets - Other Assets,balance_sheet,2025-06-30
Adfb13d,3.95E+42,Non-Investment Liabilities - Other Liabilities,balance_sheet,2025-06-30
A0841e0,3.95E+42,Non-Investment Assets - Cash,balance_sheet,2025-06-30
A0841e0,3.95E+42,Non-Investment Assets - Other Assets,balance_sheet,2025-06-30
A0841e0,3.95E+42,Non-Investment Liabilities - Other Liabilities,balance_sheet,2025-06-30
A7199bc,A96d1b3,Non-Investment Assets - Cash,balance_sheet,2025-06-30
A7199bc,A96d1b3,Non-Investment Assets - Other Assets,balance_sheet,2025-06-30
A7199bc,A96d1b3,Non-Investment Liabilities - Other Liabilities,balance_sheet,2025-06-30
A3c99e8,A9fbabf,Non-Investment Assets - Cash,balance_sheet,2025-06-30
A3c99e8,A9fbabf,Non-Investment Assets - Other Assets,balance_sheet,2025-06-30
A3c99e8,A9fbabf,Non-Investment Liabilities - Other Liabilities,balance_sheet,2025-06-30
A3c99e8,A9fbabf,Non-Investment Liabilities - Subscription Line of Credit,balance_sheet,2025-06-30
A162a33,A9fbabf,Non-Investment Assets - Cash,balance_sheet,2025-06-30
A162a33,A9fbabf,Non-Investment Assets - Other Assets,balance_sheet,2025-06-30
A162a33,A9fbabf,Non-Investment Liabilities - Other Liabilities,balance_sheet,2025-06-30
A162a33,A9fbabf,Non-Investment Liabilities - Subscription Line of Credit,balance_sheet,2025-06-30
A87a21d,A9fbabf,Cash,accounting_entry,2025-06-30
A87a21d,A9fbabf,Non-Investment Assets - Cash,balance_sheet,2025-06-30
A87a21d,A9fbabf,Non-Investment Assets - Other assets,balance_sheet,2025-06-30
A87a21d,A9fbabf,Non-Investment Liabilities - Other Liabilities,balance_sheet,2025-06-30
A87a21d,A9fbabf,Non-Investment Liabilities - Subscription Line of Credit,balance_sheet,2025-06-30
A11730c,A3e342a,Non-Investment Assets - Cash,balance_sheet,2025-06-30
A11730c,A3e342a,Non-Investment Assets - Other Assets,balance_sheet,2025-06-30
A11730c,A3e342a,Non-Investment Liabilities - Other Liabilities,balance_sheet,2025-06-30
A9e2889,A3e342a,Non-Investment Assets - Cash,balance_sheet,2025-06-30
A9e2889,A3e342a,Non-Investment Assets - Other Assets,balance_sheet,2025-06-30
A9e2889,A3e342a,Non-Investment Liabilities - Other Liabilities,balance_sheet,2025-06-30
A583186,A3e342a,Non-Investment Assets - Cash,balance_sheet,2025-06-30
A583186,A3e342a,Non-Investment Assets - Other Assets,balance_sheet,2025-06-30
A583186,A3e342a,Non-Investment Liabilities - Other Liabilities,balance_sheet,2025-06-30
A7ead5b,A65900b,Non-Investment Assets - Cash,balance_sheet,2025-06-30
A7ead5b,A65900b,Non-Investment Assets - Other Assets,balance_sheet,2025-06-30
A7ead5b,A65900b,Non-Investment Liabilities - Other Liabilities,balance_sheet,2025-06-30
A1c6bfc,A65900b,Non-Investment Assets - Cash,balance_sheet,2025-06-30
A1c6bfc,A65900b,Non-Investment Assets - Other Assets,balance_sheet,2025-06-30
A1c6bfc,A65900b,Non-Investment Liabilities - Other Liabilities,balance_sheet,2025-06-30
A1c6bfc,A65900b,Non-Investment Liabilities - Subscription Line of Credit,balance_sheet,2025-06-30
Afb9c3e,A65900b,Non-Investment Assets - Cash,balance_sheet,2025-06-30
Afb9c3e,A65900b,Non-Investment Assets - Other Assets,balance_sheet,2025-06-30
Afb9c3e,A65900b,Non-Investment Liabilities - Other Liabilities,balance_sheet,2025-06-30
A1ecf04,A65900b,Non-Investment Assets - Cash,balance_sheet,2025-06-30
A1ecf04,A65900b,Non-Investment Assets - Other Assets,balance_sheet,2025-06-30
A1ecf04,A65900b,Non-Investment Liabilities - Other Liabilities,balance_sheet,2025-06-30
A1ecf04,A65900b,Non-Investment Liabilities - Subscription Line of Credit,balance_sheet,2025-06-30
A2257c0,A65900b,Non-Investment Assets - Cash,balance_sheet,2025-06-30
A2257c0,A65900b,Non-Investment Assets - Other Assets,balance_sheet,2025-06-30
A2257c0,A65900b,Non-Investment Liabilities - Other Liabilities,balance_sheet,2025-06-30
A2257c0,A65900b,Non-Investment Liabilities - Subscription Line of Credit,balance_sheet,2025-06-30
Abbf14a,A69ce65,Non-Investment Assets - Cash,balance_sheet,2025-06-30
Abbf14a,A69ce65,Non-Investment Liabilities - Other Liabilities,balance_sheet,2025-06-30
Abd887e,A69ce65,Non-Investment Liabilities - Other Liabilities,balance_sheet,2025-06-30
Abd887e,A69ce65,Non-Investment Liabilities - Subscription Line of Credit,balance_sheet,2025-06-30
Aaab069,A69ce65,Non-Investment Assets - Cash,balance_sheet,2025-06-30
Aaab069,A69ce65,Non-Investment Assets - Other Assets,balance_sheet,2025-06-30
Aaab069,A69ce65,Non-Investment Liabilities - Other Liabilities,balance_sheet,2025-06-30
Ad2d94c,A69ce65,Non-Investment Assets - Cash,balance_sheet,2025-06-30
Ad2d94c,A69ce65,Non-Investment Assets - Other Assets,balance_sheet,2025-06-30
Ad2d94c,A69ce65,Non-Investment Liabilities - Other Liabilities,balance_sheet,2025-06-30
Ad2d94c,A69ce65,Non-Investment Liabilities - Subscription Line of Credit,balance_sheet,2025-06-30
A7eee3e,A69ce65,Non-Investment Assets - Cash,balance_sheet,2025-06-30
A7eee3e,A69ce65,Non-Investment Assets - Other Assets,balance_sheet,2025-06-30
A7eee3e,A69ce65,Non-Investment Liabilities - Other Liabilities,balance_sheet,2025-06-30
A7eee3e,A69ce65,Non-Investment Liabilities - Subscription Line of Credit,balance_sheet,2025-06-30
A775233,A6c1ccf,Non-Investment Assets - Cash,balance_sheet,2025-06-30
A775233,A6c1ccf,Non-Investment Assets - Other Assets,balance_sheet,2025-06-30
A775233,A6c1ccf,Non-Investment Liabilities - Other Liabilities,balance_sheet,2025-06-30
Aa2c385,A6c1ccf,Non-Investment Assets - Cash,balance_sheet,2025-06-30
Aa2c385,A6c1ccf,Non-Investment Assets - Other Assets,balance_sheet,2025-06-30
Aa2c385,A6c1ccf,Non-Investment Liabilities - Other Liabilities,balance_sheet,2025-06-30
A191419,A6c1ccf,Non-Investment Assets - Cash,balance_sheet,2025-06-30
A191419,A6c1ccf,Non-Investment Assets - Other Assets,balance_sheet,2025-06-30
A191419,A6c1ccf,Non-Investment Liabilities - Other Liabilities,balance_sheet,2025-06-30
A27adfb,A6c1ccf,Non-Investment Assets - Cash,balance_sheet,2025-06-30
A27adfb,A6c1ccf,Non-Investment Assets - Other Assets,balance_sheet,2025-06-30
A27adfb,A6c1ccf,Non-Investment Liabilities - Other Liabilities,balance_sheet,2025-06-30
Af3e452,A6c1ccf,Non-Investment Assets - Cash,balance_sheet,2025-06-30
Af3e452,A6c1ccf,Non-Investment Assets - Other Assets,balance_sheet,2025-06-30
Af3e452,A6c1ccf,Non-Investment Liabilities - Other Liabilities,balance_sheet,2025-06-30
Acc6f90,Ad137c9,Non-Investment Liabilities - Other Liabilities,balance_sheet,2025-06-30
Acc6f90,Ad137c9,Non-Investments Assets - Cash,balance_sheet,2025-06-30
Acc6f90,Ad137c9,Non-Investments Assets - Other assets,balance_sheet,2025-06-30
A56ea14,A44e6c2,Non-Investment Assets - Cash,balance_sheet,2025-06-30
A56ea14,A44e6c2,Non-Investment Assets - Other Assets,balance_sheet,2025-06-30
A56ea14,A44e6c2,Non-Investment Liabilities - Other Liabilities,balance_sheet,2025-06-30
A56ea14,A44e6c2,Non-Investment Liabilities - Subscription Line of Credit,balance_sheet,2025-06-30
A680edc,Aded344,Non-Investment Assets - Cash,balance_sheet,2025-06-30
A680edc,Aded344,Non-Investment Assets - Other Assets,balance_sheet,2025-06-30
A79043d,Aded344,Non-Investment Assets - Cash,balance_sheet,2025-06-30
A79043d,Aded344,Non-Investment Assets - Other Assets,balance_sheet,2025-06-30
A396ea8,Aded344,Non-Investment Assets - Cash,balance_sheet,2025-06-30
A396ea8,Aded344,Non-Investment Liabilities - Other Liabilities,balance_sheet,2025-06-30
Ab7dccf,Aded344,Non-Investment Assets - Cash,balance_sheet,2025-06-30
Ab7dccf,Aded344,Non-Investment Liabilities - Other Liabilities,balance_sheet,2025-06-30
Ae5aac1,Aded344,Non-Investment Assets - Cash,balance_sheet,2025-06-30
Ae5aac1,Aded344,Non-Investment Assets - Other Assets,balance_sheet,2025-06-30
A4f0eca,A2d789a,Non-Investment Assets - Cash,balance_sheet,2025-06-30
A4f0eca,A2d789a,Non-Investment Assets - Other Assets,balance_sheet,2025-06-30
A4f0eca,A2d789a,Non-Investment Liabilities - Other Liabilities,balance_sheet,2025-06-30
A4f0eca,A2d789a,Quarterly Unrealized Gain/Loss,accounting_entry,2025-06-30
A21846d,A2d789a,ASC 740-10 Accrual,accounting_entry,2025-06-30
A21846d,A2d789a,Non-Investment Assets - Cash,balance_sheet,2025-06-30
A21846d,A2d789a,Non-Investment Assets - Other Assets,balance_sheet,2025-06-30
A21846d,A2d789a,Non-Investment Liabilities - Other Liabilities,balance_sheet,2025-06-30
A21846d,A2d789a,Quarterly Unrealized Gain/Loss,accounting_entry,2025-06-30
Ae848ec,A2d789a,ASC 740-10 Accrual,accounting_entry,2025-06-30
Ae848ec,A2d789a,Non-Investment Assets - Cash,balance_sheet,2025-06-30
Ae848ec,A2d789a,Non-Investment Assets - Other Assets,balance_sheet,2025-06-30
Ae848ec,A2d789a,Non-Investment Liabilities - Other Liabilities,balance_sheet,2025-06-30
Ae848ec,A2d789a,Quarterly Unrealized Gain/Loss,accounting_entry,2025-06-30
A1e1987,A2d789a,ASC 740-10 Accrual,accounting_entry,2025-06-30
A1e1987,A2d789a,Non-Investment Assets - Cash,balance_sheet,2025-06-30
A1e1987,A2d789a,Non-Investment Assets - Other Assets,balance_sheet,2025-06-30
A1e1987,A2d789a,Non-Investment Liabilities - Other Liabilities,balance_sheet,2025-06-30
A1e1987,A2d789a,Quarterly Unrealized Gain/Loss,accounting_entry,2025-06-30
A14ab79,A2d789a,ASC 740-10 Accrual,accounting_entry,2025-06-30
A14ab79,A2d789a,Non-Investment Assets - Cash,balance_sheet,2025-06-30
A14ab79,A2d789a,Non-Investment Assets - Other Assets,balance_sheet,2025-06-30
A14ab79,A2d789a,Non-Investment Liabilities - Other Liabilities,balance_sheet,2025-06-30
A14ab79,A2d789a,Quarterly Unrealized Gain/Loss,accounting_entry,2025-06-30
Ae1b92f,A2d789a,ASC 740-10 Accrual,accounting_entry,2025-06-30
Ae1b92f,A2d789a,Non-Investment Assets - Cash,balance_sheet,2025-06-30
Ae1b92f,A2d789a,Non-Investment Assets - Other Assets,balance_sheet,2025-06-30
Ae1b92f,A2d789a,Non-Investment Liabilities - Other Liabilities,balance_sheet,2025-06-30
Ae1b92f,A2d789a,Quarterly Unrealized Gain/Loss,accounting_entry,2025-06-30
A97e381,A2d789a,ASC 740-10 Accrual,accounting_entry,2025-06-30
A97e381,A2d789a,Non-Investment Assets - Cash,balance_sheet,2025-06-30
A97e381,A2d789a,Non-Investment Assets - Other Assets,balance_sheet,2025-06-30
A97e381,A2d789a,Non-Investment Liabilities - Other Liabilities,balance_sheet,2025-06-30
A97e381,A2d789a,Quarterly Unrealized Gain/Loss,accounting_entry,2025-06-30
Ade1748,A2d789a,ASC 740-10 Accrual,accounting_entry,2025-06-30
Ade1748,A2d789a,Non-Investment Assets - Cash,balance_sheet,2025-06-30
Ade1748,A2d789a,Non-Investment Liabilities - Other Liabilities,balance_sheet,2025-06-30
Ade1748,A2d789a,Quarterly Unrealized Gain/Loss,accounting_entry,2025-06-30
A8cdb70,A2d789a,ASC 740-10 Accrual,accounting_entry,2025-06-30
A8cdb70,A2d789a,Non-Investment Assets - Cash,balance_sheet,2025-06-30
A8cdb70,A2d789a,Non-Investment Assets - Other Assets,balance_sheet,2025-06-30
A8cdb70,A2d789a,Non-Investment Liabilities - Other Liabilities,balance_sheet,2025-06-30
A8cdb70,A2d789a,Quarterly Unrealized Gain/Loss,accounting_entry,2025-06-30
A1f001f,A2d789a,ASC 740-10 Accrual,accounting_entry,2025-06-30
A1f001f,A2d789a,Non-Investment Assets - Cash,balance_sheet,2025-06-30
A1f001f,A2d789a,Non-Investment Assets - Other Assets,balance_sheet,2025-06-30
A1f001f,A2d789a,Non-Investment Liabilities - Other Liabilities,balance_sheet,2025-06-30
A1f001f,A2d789a,Quarterly Unrealized Gain/Loss,accounting_entry,2025-06-30
Acd9669,A2d789a,ASC 740-10 Accrual,accounting_entry,2025-06-30
Acd9669,A2d789a,Non-Investment Assets - Cash,balance_sheet,2025-06-30
Acd9669,A2d789a,Non-Investment Assets - Other Assets,balance_sheet,2025-06-30
Acd9669,A2d789a,Non-Investment Liabilities - Other Liabilities,balance_sheet,2025-06-30
Acd9669,A2d789a,Quarterly Unrealized Gain/Loss,accounting_entry,2025-06-30
A07e679,A2d789a,ASC 740-10 Accrual,accounting_entry,2025-06-30
A07e679,A2d789a,Non-Investment Assets - Cash,balance_sheet,2025-06-30
A07e679,A2d789a,Non-Investment Assets - Other Assets,balance_sheet,2025-06-30
A07e679,A2d789a,Non-Investment Liabilities - Other Liabilities,balance_sheet,2025-06-30
A07e679,A2d789a,Quarterly Unrealized Gain/Loss,accounting_entry,2025-06-30
Ab2a293,A2d789a,ASC 740-10 Accrual,accounting_entry,2025-06-30
Ab2a293,A2d789a,Non-Investment Assets - Cash,balance_sheet,2025-06-30
Ab2a293,A2d789a,Non-Investment Assets - Other Assets,balance_sheet,2025-06-30
Ab2a293,A2d789a,Non-Investment Liabilities - Other Liabilities,balance_sheet,2025-06-30
Ab2a293,A2d789a,Quarterly Unrealized Gain/Loss,accounting_entry,2025-06-30
Aabfb4f,A2d789a,ASC 740-10 Accrual,accounting_entry,2025-06-30
Aabfb4f,A2d789a,Non-Investment Assets - Cash,balance_sheet,2025-06-30
Aabfb4f,A2d789a,Non-Investment Assets - Other Assets,balance_sheet,2025-06-30
Aabfb4f,A2d789a,Non-Investment Liabilities - Other Liabilities,balance_sheet,2025-06-30
Aabfb4f,A2d789a,Quarterly Unrealized Gain/Loss,accounting_entry,2025-06-30
A159f57,A2d789a,ASC 740-10 Accrual,accounting_entry,2025-06-30
A159f57,A2d789a,Non-Investment Assets - Cash,balance_sheet,2025-06-30
A159f57,A2d789a,Non-Investment Assets - Other Assets,balance_sheet,2025-06-30
A159f57,A2d789a,Non-Investment Liabilities - Other Liabilities,balance_sheet,2025-06-30
A159f57,A2d789a,Quarterly Unrealized Gain/Loss,accounting_entry,2025-06-30
Af38835,A2d789a,ASC 740-10 Accrual,accounting_entry,2025-06-30
Af38835,A2d789a,Non-Investment Assets - Cash,balance_sheet,2025-06-30
Af38835,A2d789a,Non-Investment Assets - Other Assets,balance_sheet,2025-06-30
Af38835,A2d789a,Non-Investment Liabilities - Other Liabilities,balance_sheet,2025-06-30
Af38835,A2d789a,Quarterly Unrealized Gain/Loss,accounting_entry,2025-06-30
Ae1bc14,A2d789a,ASC 740-10 Accrual,accounting_entry,2025-06-30
Ae1bc14,A2d789a,Non-Investment Assets - Cash,balance_sheet,2025-06-30
Ae1bc14,A2d789a,Non-Investment Assets - Other Assets,balance_sheet,2025-06-30
Ae1bc14,A2d789a,Non-Investment Liabilities - Other Liabilities,balance_sheet,2025-06-30
Ae1bc14,A2d789a,Quarterly Unrealized Gain/Loss,accounting_entry,2025-06-30
Ad1697b,A2d789a,ASC 740-10 Accrual,accounting_entry,2025-06-30
Ad1697b,A2d789a,Non-Investment Assets - Cash,balance_sheet,2025-06-30
Ad1697b,A2d789a,Non-Investment Assets - Other Assets,balance_sheet,2025-06-30
Ad1697b,A2d789a,Non-Investment Liabilities - Other Liabilities,balance_sheet,2025-06-30
Ad1697b,A2d789a,Quarterly Unrealized Gain/Loss,accounting_entry,2025-06-30
A84826f,A2d789a,ASC 740-10 Accrual,accounting_entry,2025-06-30
A84826f,A2d789a,Non-Investment Assets - Cash,balance_sheet,2025-06-30
A84826f,A2d789a,Non-Investment Liabilities - Other Liabilities,balance_sheet,2025-06-30
A84826f,A2d789a,Quarterly Unrealized Gain/Loss,accounting_entry,2025-06-30
A828a39,A7b259c,Non-Investment Assets - Cash,balance_sheet,2025-06-30
A828a39,A7b259c,Non-Investment Assets - Other Assets,balance_sheet,2025-06-30
A828a39,A7b259c,Non-Investment Liabilities - Other Liabilities,balance_sheet,2025-06-30
A828a39,A7b259c,Non-Investment Liabilities - Subscription Line of Credit,balance_sheet,2025-06-30
A6e113b,A7b259c,Non-Investment Assets - Cash,balance_sheet,2025-06-30
A6e113b,A7b259c,Non-Investment Assets - Other Assets,balance_sheet,2025-06-30
A6e113b,A7b259c,Non-Investment Liabilities - Other Liabilities,balance_sheet,2025-06-30
A6e113b,A7b259c,Non-Investment Liabilities - Subscription Line of Credit,balance_sheet,2025-06-30
Adbd48d,A01041e,Non-Investment Assets - Cash,balance_sheet,2025-06-30
Adbd48d,A01041e,Non-Investment Assets - Other Assets,balance_sheet,2025-06-30
Adbd48d,A01041e,Non-Investment Liabilities - Other Liabilities,balance_sheet,2025-06-30
Ac1eb23,A8e74aa,Non-Investment Assets - Cash,balance_sheet,2025-06-30
Ac1eb23,A8e74aa,Non-Investment Assets - Other Assets,balance_sheet,2025-06-30
Ac1eb23,A8e74aa,Non-Investment Liabilities - Other Liabilities,balance_sheet,2025-06-30
A41fefa,A8d1733,Non-Investment Assets - Cash,balance_sheet,2025-06-30
A41fefa,A8d1733,Non-Investment Assets - Other Assets,balance_sheet,2025-06-30
A41fefa,A8d1733,Non-Investment Liabilities - Other Liabilities,balance_sheet,2025-06-30
A5bb3fe,A8d1733,Non-Investment Assets - Cash,balance_sheet,2025-06-30
A5bb3fe,A8d1733,Non-Investment Assets - Other Assets,balance_sheet,2025-06-30
A5bb3fe,A8d1733,Non-Investment Liabilities - Other Liabilities,balance_sheet,2025-06-30
A80b715,A8d1733,Non-Investment Assets - Cash,balance_sheet,2025-06-30
A80b715,A8d1733,Non-Investment Assets - Other Assets,balance_sheet,2025-06-30
A80b715,A8d1733,Non-Investment Liabilities - Other Liabilities,balance_sheet,2025-06-30
A28d8b6,A7b4b7c,Non-Investment Assets - Cash,balance_sheet,2025-06-30
A28d8b6,A7b4b7c,Non-Investment Assets - Other Assets,balance_sheet,2025-06-30
A28d8b6,A7b4b7c,Non-Investment Liabilities - Other Liabilities,balance_sheet,2025-06-30
Aaa2cfe,A7b4b7c,Non-Investment Assets - Cash,balance_sheet,2025-06-30
Aaa2cfe,A7b4b7c,Non-Investment Assets - Other Assets,balance_sheet,2025-06-30
Aaa2cfe,A7b4b7c,Non-Investment Liabilities - Other Liabilities,balance_sheet,2025-06-30
A51255c,A7b4b7c,Non-Investment Assets - Cash,balance_sheet,2025-06-30
A51255c,A7b4b7c,Non-Investment Assets - Other Assets,balance_sheet,2025-06-30
A51255c,A7b4b7c,Non-Investment Liabilities - Other Liabilities,balance_sheet,2025-06-30
A06207a,A7b4b7c,Non-Investment Assets - Cash,balance_sheet,2025-06-30
A06207a,A7b4b7c,Non-Investment Assets - Other Assets,balance_sheet,2025-06-30
A06207a,A7b4b7c,Non-Investment Liabilities - Other Liabilities,balance_sheet,2025-06-30
A6a1271,Ab9d621,Non-Investment Assets - Cash,balance_sheet,2025-06-30
A6a1271,Ab9d621,Non-Investment Assets - Other Assets,balance_sheet,2025-06-30
Ab560d4,Aac22ed,Non-Investment Assets - Cash,balance_sheet,2025-06-30
Ab560d4,Aac22ed,Non-Investment Assets - Other Assets,balance_sheet,2025-06-30
Ab560d4,Aac22ed,Non-Investment Liabilities - Other Liabilities,balance_sheet,2025-06-30
A6bfae0,Aac22ed,Non-Investment Assets - Cash,balance_sheet,2025-06-30
A6bfae0,Aac22ed,Non-Investment Assets - Other Assets,balance_sheet,2025-06-30
A6bfae0,Aac22ed,Non-Investment Liabilities - Other Liabilities,balance_sheet,2025-06-30
A6bfae0,Aac22ed,Realized Proceeds Applied to Loan Repayment,accounting_entry,2025-06-30
A8ff6ae,Ab9d621,Non-Investment Assets - Cash,balance_sheet,2025-06-30
A8ff6ae,Ab9d621,Non-Investment Assets - Other Assets,balance_sheet,2025-06-30
Abacebf,Ab9d621,Non-Investment Assets - Cash,balance_sheet,2025-06-30
Abacebf,Ab9d621,Non-Investment Assets - Other Assets,balance_sheet,2025-06-30
Abacebf,Ab9d621,Non-Investment Liabilities - Other Liabilities,balance_sheet,2025-06-30
Ad880d6,Ab9d621,Non-Investment Assets - Cash,balance_sheet,2025-06-30
Ad880d6,Ab9d621,Non-Investment Assets - Other Assets,balance_sheet,2025-06-30
A40c919,A4a1f26,Non-Investment Assets - Cash,balance_sheet,2025-06-30
A40c919,A4a1f26,Non-Investment Assets - Other Assets,balance_sheet,2025-06-30
A86b250,A4a1f26,Non-Investment Assets - Cash,balance_sheet,2025-06-30
A86b250,A4a1f26,Non-Investment Assets - Other Assets,balance_sheet,2025-06-30
A86b250,A4a1f26,Non-Investment Liabilities - Other Liabilities,balance_sheet,2025-06-30
A7906e8,A4a1f26,Non-Investment Assets - Cash,balance_sheet,2025-06-30
A7906e8,A4a1f26,Non-Investment Assets - Other Assets,balance_sheet,2025-06-30
A7906e8,A4a1f26,Non-Investment Liabilities - Other Liabilities,balance_sheet,2025-06-30
A72c0d9,A4a1f26,Non-Investment Assets - Cash,balance_sheet,2025-06-30
A72c0d9,A4a1f26,Non-Investment Assets - Other Assets,balance_sheet,2025-06-30
A72c0d9,A4a1f26,Non-Investment Liabilities - Other Liabilities,balance_sheet,2025-06-30
A4081d6,A4a1f26,Non-Investment Assets - Cash,balance_sheet,2025-06-30
A4081d6,A4a1f26,Non-Investment Assets - Other Assets,balance_sheet,2025-06-30
A4081d6,A4a1f26,Non-Investment Liabilities - Other Liabilities,balance_sheet,2025-06-30
A4081d6,A4a1f26,Non-Investment Liabilities - Subscription Line of Credit,balance_sheet,2025-06-30
A2cf5a1,A4a1f26,Non-Investment Assets - Cash,balance_sheet,2025-06-30
A2cf5a1,A4a1f26,Non-Investment Assets - Other Assets,balance_sheet,2025-06-30
A2cf5a1,A4a1f26,Non-Investment Liabilities - Other Liabilities,balance_sheet,2025-06-30
A471573,A4a1f26,Non-Investment Assets - Cash,balance_sheet,2025-06-30
A471573,A4a1f26,Non-Investment Assets - Other Assets,balance_sheet,2025-06-30
A471573,A4a1f26,Non-Investment Liabilities - Other Liabilities,balance_sheet,2025-06-30
Aa98e63,Aa130ea,Non-Investment Assets - Cash,balance_sheet,2025-06-30
Aa98e63,Aa130ea,Non-Investment Assets - Other Assets,balance_sheet,2025-06-30
Aa98e63,Aa130ea,Non-Investment Liabilities - Other Liabilities,balance_sheet,2025-06-30
Af5fed4,Aa130ea,Non-Investment Assets - Cash,balance_sheet,2025-06-30
Af5fed4,Aa130ea,Non-Investment Assets - Other Assets,balance_sheet,2025-06-30
Af5fed4,Aa130ea,Non-Investment Liabilities - Other Liabilities,balance_sheet,2025-06-30
A86e0b1,Aa130ea,Non-Investment Assets - Cash,balance_sheet,2025-06-30
A86e0b1,Aa130ea,Non-Investment Assets - Other Assets,balance_sheet,2025-06-30
A86e0b1,Aa130ea,Non-Investment Liabilities - Other Liabilities,balance_sheet,2025-06-30
A096a41,Aa130ea,Non-Investment Assets - Cash,balance_sheet,2025-06-30
A096a41,Aa130ea,Non-Investment Assets - Other Assets,balance_sheet,2025-06-30
A096a41,Aa130ea,Non-Investment Liabilities - Other Liabilities,balance_sheet,2025-06-30
Accb8dc,A128c7a,Non-Investment Assets - Cash,balance_sheet,2025-06-30
Accb8dc,A128c7a,Non-Investment Assets - Other Assets,balance_sheet,2025-06-30
Accb8dc,A128c7a,Non-Investment Liabilities - Other Liabilities,balance_sheet,2025-06-30
A60210b,A128c7a,Non-Investment Assets - Cash,balance_sheet,2025-06-30
A60210b,A128c7a,Non-Investment Assets - Other Assets,balance_sheet,2025-06-30
A60210b,A128c7a,Non-Investment Liabilities - Other Liabilities,balance_sheet,2025-06-30
A60210b,A128c7a,Non-Investment Liabilities - Subscription Line of Credit,balance_sheet,2025-06-30
Aeccf59,Af0082f,Non-Investment Assets - Cash,balance_sheet,2025-06-30
Aeccf59,Af0082f,Non-Investment Assets - Other Assets,balance_sheet,2025-06-30
Aeccf59,Af0082f,Non-Investment Liabilities - Other Liabilities,balance_sheet,2025-06-30
A65fb68,Af0082f,Non-Investment Assets - Cash,balance_sheet,2025-06-30
A65fb68,Af0082f,Non-Investment Assets - Other Assets,balance_sheet,2025-06-30
A65fb68,Af0082f,Non-Investment Liabilities - Other Liabilities,balance_sheet,2025-06-30
A9859d3,Af0082f,Non-Investment Assets - Cash,balance_sheet,2025-06-30
A9859d3,Af0082f,Non-Investment Assets - Other Assets,balance_sheet,2025-06-30
A9859d3,Af0082f,Non-Investment Liabilities - Other Liabilities,balance_sheet,2025-06-30
A80ede9,Af0082f,Non-Investment Assets - Cash,balance_sheet,2025-06-30
A80ede9,Af0082f,Non-Investment Assets - Other Assets,balance_sheet,2025-06-30
A80ede9,Af0082f,Non-Investment Liabilities - Other Liabilities,balance_sheet,2025-06-30
A72f874,Af0082f,Non-Investment Assets - Cash,balance_sheet,2025-06-30
A72f874,Af0082f,Non-Investment Assets - Other Assets,balance_sheet,2025-06-30
A72f874,Af0082f,Non-Investment Liabilities - Other Liabilities,balance_sheet,2025-06-30
A2234f1,A12c595,Non-Investment Assets - Cash,balance_sheet,2025-06-30
A2234f1,A12c595,Non-Investment Assets - Other Assets,balance_sheet,2025-06-30
A2234f1,A12c595,Non-Investment Liabilities - Other Liabilities,balance_sheet,2025-06-30
A2234f1,A12c595,Pending Escrow,accounting_entry,2025-06-30
Aab52e1,Acc91f3,Cumulative unrealized loss from foreign currency translation,accounting_entry,2025-06-30
Aab52e1,Acc91f3,Non-Investment Assets - Cash,balance_sheet,2025-06-30
Aab52e1,Acc91f3,Non-Investment Assets - Other Assets,balance_sheet,2025-06-30
Aab52e1,Acc91f3,Non-Investment Liabilities - Other Liabilities,balance_sheet,2025-06-30
A3d41c0,Acc91f3,Cumulative unrealized loss from foreign currency translation,accounting_entry,2025-06-30
A3d41c0,Acc91f3,Non-Investment Assets - Cash,balance_sheet,2025-06-30
A3d41c0,Acc91f3,Non-Investment Assets - Other Assets,balance_sheet,2025-06-30
A3d41c0,Acc91f3,Non-Investment Liabilities - Other Liabilities,balance_sheet,2025-06-30
A2f629e,Acc91f3,Cumulative unrealized loss from foreign currency translation,accounting_entry,2025-06-30
A2f629e,Acc91f3,Non-Investment Assets - Cash,balance_sheet,2025-06-30
A2f629e,Acc91f3,Non-Investment Assets - Other Assets,balance_sheet,2025-06-30
A2f629e,Acc91f3,Non-Investment Liabilities - Other Liabilities,balance_sheet,2025-06-30
A51914b,Acc91f3,Foreign Currency Translation,accounting_entry,2025-06-30
A51914b,Acc91f3,Non-Investment Assets - Cash,balance_sheet,2025-06-30
A51914b,Acc91f3,Non-Investment Assets - Other Assets,balance_sheet,2025-06-30
A51914b,Acc91f3,Non-Investment Liabilities - Other Liabilities,balance_sheet,2025-06-30
Aef37a9,A12c595,Non-Investment Assets - Cash,balance_sheet,2025-06-30
Aef37a9,A12c595,Non-Investment Assets - Other Assets,balance_sheet,2025-06-30
Aef37a9,A12c595,Non-Investment Liabilities - Other Liabilities,balance_sheet,2025-06-30
A77a5f6,A12c595,Non-Investment Assets - Cash,balance_sheet,2025-06-30
A77a5f6,A12c595,Non-Investment Assets - Other Assets,balance_sheet,2025-06-30
A77a5f6,A12c595,Non-Investment Liabilities - Other Liabilities,balance_sheet,2025-06-30
A23025c,A12c595,Non-Investment Assets - Cash,balance_sheet,2025-06-30
A23025c,A12c595,Non-Investment Assets - Other Assets,balance_sheet,2025-06-30
A23025c,A12c595,Non-Investment Liabilities - Other Liabilities,balance_sheet,2025-06-30
A23025c,A12c595,Pending Escrow,accounting_entry,2025-06-30
Ab1beeb,A6a2191,Non-Investment Assets - Cash,balance_sheet,2025-06-30
Ab1beeb,A6a2191,Non-Investment Assets - Other Assets,balance_sheet,2025-06-30
Ab1beeb,A6a2191,Non-Investment Liabilities - Other Liabilities,balance_sheet,2025-06-30
A6e9d21,A899074,Non-Investment Assets - Cash,balance_sheet,2025-06-30
A6e9d21,A899074,Non-Investment Assets - Other Assets,balance_sheet,2025-06-30
A6e9d21,A899074,Non-Investment Liabilities - Other Liabilities,balance_sheet,2025-06-30
A8b6332,A899074,Non-Investment Assets - Cash,balance_sheet,2025-06-30
A8b6332,A899074,Non-Investment Assets - Other Assets,balance_sheet,2025-06-30
A8b6332,A899074,Non-Investment Liabilities - Other Liabilities,balance_sheet,2025-06-30
Ab781b9,A899074,Non-Investment Assets - Cash,balance_sheet,2025-06-30
Ab781b9,A899074,Non-Investment Assets - Other Assets,balance_sheet,2025-06-30
Ab781b9,A899074,Non-Investment Liabilities - Other Liabilities,balance_sheet,2025-06-30
A19d854,A899074,Non-Investment Assets - Cash,balance_sheet,2025-06-30
A19d854,A899074,Non-Investment Assets - Other Assets,balance_sheet,2025-06-30
A19d854,A899074,Non-Investment Liabilities - Other Liabilities,balance_sheet,2025-06-30
Afed02f,A899074,Non-Investment Assets - Cash,balance_sheet,2025-06-30
Afed02f,A899074,Non-Investment Assets - Other Assets,balance_sheet,2025-06-30
Afed02f,A899074,Non-Investment Liabilities - Other Liabilities,balance_sheet,2025-06-30
Af75e33,A4d29bc,Non-Investment Assets - Cash,balance_sheet,2025-06-30
Af75e33,A4d29bc,Non-Investment Assets - Other Assets,balance_sheet,2025-06-30
Af75e33,A4d29bc,Non-Investment Liabilities - Other Liabilities,balance_sheet,2025-06-30
A1cecbf,A372a3f,Non-Investment Assets - Cash,balance_sheet,2025-06-30
A1cecbf,A372a3f,Non-Investment Assets - Other Assets,balance_sheet,2025-06-30
A1cecbf,A372a3f,Non-Investment Liabilities - Other Liabilities,balance_sheet,2025-06-30
A4ff743,A372a3f,Non-Investment Assets - Cash,balance_sheet,2025-06-30
A4ff743,A372a3f,Non-Investment Liabilities - Other Liabilities,balance_sheet,2025-06-30
A32ca97,Ac1f496,Non-Investment Assets - Cash,balance_sheet,2025-06-30
A32ca97,Ac1f496,Non-Investment Assets - Other Assets,balance_sheet,2025-06-30
A32ca97,Ac1f496,Non-Investment Liabilities - Other Liabilities,balance_sheet,2025-06-30
A32ca97,Ac1f496,Non-Investment Liabilities - Subscription Line of Credit,balance_sheet,2025-06-30
A7d911d,A3d16f4,Non-Investment Assets - Cash,balance_sheet,2025-06-30
A7d911d,A3d16f4,Non-Investment Assets - Other Assets,balance_sheet,2025-06-30
A7d911d,A3d16f4,Non-Investment Liabilities - Other Liabilities,balance_sheet,2025-06-30
A7dba47,A3d16f4,Non-Investment Assets - Cash,balance_sheet,2025-06-30
A7dba47,A3d16f4,Non-Investment Assets - Other Assets,balance_sheet,2025-06-30
A7dba47,A3d16f4,Non-Investment Liabilities - Other Liabilities,balance_sheet,2025-06-30
A7e6207,A3d16f4,Non-Investment Assets - Cash,balance_sheet,2025-06-30
A7e6207,A3d16f4,Non-Investment Assets - Other Assets,balance_sheet,2025-06-30
A7e6207,A3d16f4,Non-Investment Liabilities - Other Liabilities,balance_sheet,2025-06-30
A8cbf09,A3d16f4,Non-Investment Assets - Cash,balance_sheet,2025-06-30
A8cbf09,A3d16f4,Non-Investment Assets - Other Assets,balance_sheet,2025-06-30
A8cbf09,A3d16f4,Non-Investment Liabilities - Other Liabilities,balance_sheet,2025-06-30
A4923d3,A3d16f4,Non-Investment Assets - Cash,balance_sheet,2025-06-30
A4923d3,A3d16f4,Non-Investment Assets - Other Assets,balance_sheet,2025-06-30
A4923d3,A3d16f4,Non-Investment Liabilities - Other Liabilities,balance_sheet,2025-06-30
A1f3d5e,A4f8dbc,Non-Investment Assets - Cash,balance_sheet,2025-06-30
A1f3d5e,A4f8dbc,Non-Investment Assets - Other Assets,balance_sheet,2025-06-30
A1f3d5e,A4f8dbc,Non-Investment Liabilities - Other Liabilities,balance_sheet,2025-06-30
Afd067a,A945638,Non-Investment Assets - Cash,balance_sheet,2025-06-30
Afd067a,A945638,Non-Investment Assets - Other Assets,balance_sheet,2025-06-30
Afd067a,A945638,Non-Investment Liabilities - Other Liabilities,balance_sheet,2025-06-30
Afd067a,A945638,Quarterly Unrealized Gain/Loss,accounting_entry,2025-06-30
Ad8891c,A945638,Non-Investment Assets - Cash,balance_sheet,2025-06-30
Ad8891c,A945638,Non-Investment Assets - Other Assets,balance_sheet,2025-06-30
Ad8891c,A945638,Non-Investment Liabilities - Other Liabilities,balance_sheet,2025-06-30
Ad8891c,A945638,Quarterly Unrealized Gain/Loss,accounting_entry,2025-06-30
A7b4ffd,A945638,Non-Investment Assets - Cash,balance_sheet,2025-06-30
A7b4ffd,A945638,Non-Investment Liabilities - Other Liabilities,balance_sheet,2025-06-30
A7b4ffd,A945638,Quarterly Unrealized Gain/Loss,accounting_entry,2025-06-30
A557ea2,A945638,Non-Investment Assets - Cash,balance_sheet,2025-06-30
A557ea2,A945638,Non-Investment Liabilities - Other Liabilities,balance_sheet,2025-06-30
A557ea2,A945638,Quarterly Unrealized Gain/Loss,accounting_entry,2025-06-30
A83c2dd,A945638,Non-Investment Assets - Cash,balance_sheet,2025-06-30
A83c2dd,A945638,Non-Investment Assets - Other Assets,balance_sheet,2025-06-30
A83c2dd,A945638,Non-Investment Liabilities - Other Liabilities,balance_sheet,2025-06-30
A83c2dd,A945638,Quarterly Unrealized Gain/Loss,accounting_entry,2025-06-30
A51d5e4,A945638,Non-Investment Assets - Cash,balance_sheet,2025-06-30
A51d5e4,A945638,Non-Investment Assets - Other Assets,balance_sheet,2025-06-30
A51d5e4,A945638,Non-Investment Liabilities - Other Liabilities,balance_sheet,2025-06-30
A51d5e4,A945638,Quarterly Unrealized Gain/Loss,accounting_entry,2025-06-30
A16c87d,A945638,Non-Investment Assets - Cash,balance_sheet,2025-06-30
A16c87d,A945638,Non-Investment Assets - Other Assets,balance_sheet,2025-06-30
A16c87d,A945638,Non-Investment Liabilities - Other Liabilities,balance_sheet,2025-06-30
A16c87d,A945638,Quarterly Unrealized Gain/Loss,accounting_entry,2025-06-30
A5a0710,A945638,Non-Investment Assets - Cash,balance_sheet,2025-06-30
A5a0710,A945638,Non-Investment Liabilities - Other Liabilities,balance_sheet,2025-06-30
A5a0710,A945638,Quarterly Unrealized Gain/Loss,accounting_entry,2025-06-30
A479270,A945638,Non-Investment Assets - Cash,balance_sheet,2025-06-30
A479270,A945638,Non-Investment Assets - Other Assets,balance_sheet,2025-06-30
A479270,A945638,Non-Investment Liabilities - Other Liabilities,balance_sheet,2025-06-30
A479270,A945638,Quarterly Unrealized Gain/Loss,accounting_entry,2025-06-30
A6019fe,A945638,Non-Investment Assets - Cash,balance_sheet,2025-06-30
A6019fe,A945638,Non-Investment Assets - Other Assets,balance_sheet,2025-06-30
A6019fe,A945638,Non-Investment Liabilities - Other Liabilities,balance_sheet,2025-06-30
A6019fe,A945638,Quarterly Unrealized Gain/Loss,accounting_entry,2025-06-30
A43c056,A945638,Non-Investment Assets - Cash,balance_sheet,2025-06-30
A43c056,A945638,Non-Investment Assets - Other Assets,balance_sheet,2025-06-30
A43c056,A945638,Non-Investment Liabilities - Other Liabilities,balance_sheet,2025-06-30
A43c056,A945638,Quarterly Unrealized Gain/Loss,accounting_entry,2025-06-30
Ae1ec02,A945638,Non-Investment Assets - Cash,balance_sheet,2025-06-30
Ae1ec02,A945638,Non-Investment Liabilities - Other Liabilities,balance_sheet,2025-06-30
Ae1ec02,A945638,Quarterly Unrealized Gain/Loss,accounting_entry,2025-06-30
A8244d8,Ab02df9,Non-Investment Assets - Cash,balance_sheet,2025-06-30
A8244d8,Ab02df9,Non-Investment Assets - Other Assets,balance_sheet,2025-06-30
A8244d8,Ab02df9,Non-Investment Liabilities - Other Liabilities,balance_sheet,2025-06-30
A8244d8,Ab02df9,Non-Investment Liabilities - Subscription Line of Credit,balance_sheet,2025-06-30
Ad6bb64,Ab02df9,Non-Investment Assets - Cash,balance_sheet,2025-06-30
Ad6bb64,Ab02df9,Non-Investment Assets - Other assets,balance_sheet,2025-06-30
Ad6bb64,Ab02df9,Non-Investment Liabilities - Other Liabilities,balance_sheet,2025-06-30
Abb96b2,Ab02df9,Non-Investment Assets - Cash and cash equivalents,balance_sheet,2025-06-30
Abb96b2,Ab02df9,Non-Investment Assets - Other assets,balance_sheet,2025-06-30
Abb96b2,Ab02df9,Non-Investment Liabilities - Accounts payable,balance_sheet,2025-06-30
Afb294f,A4a62c2,Non-Investment Assets - Cash,balance_sheet,2025-06-30
Afb294f,A4a62c2,Non-Investment Assets - Other Assets,balance_sheet,2025-06-30
Afb294f,A4a62c2,Non-Investment Liabilities - Other Liabilities,balance_sheet,2025-06-30
Afb294f,A4a62c2,Quarterly Unrealized Gain/Loss,accounting_entry,2025-06-30
Ac01bd2,A4a62c2,Non-Investment Assets - Cash,balance_sheet,2025-06-30
Ac01bd2,A4a62c2,Non-Investment Assets - Other Assets,balance_sheet,2025-06-30
Ac01bd2,A4a62c2,Non-Investment Liabilities - Other Liabilities,balance_sheet,2025-06-30
Ac01bd2,A4a62c2,Quarterly Unrealized Gain/Loss,accounting_entry,2025-06-30
A729d8b,A4a62c2,Non-Investment Assets - Cash,balance_sheet,2025-06-30
A729d8b,A4a62c2,Non-Investment Assets - Other Assets,balance_sheet,2025-06-30
A729d8b,A4a62c2,Non-Investment Liabilities - Other Liabilities,balance_sheet,2025-06-30
A729d8b,A4a62c2,Quarterly Unrealized Gain/Loss,accounting_entry,2025-06-30
Ac33ef9,A0f94cb,Non-Investment Assets - Cash,balance_sheet,2025-06-30
Ac33ef9,A0f94cb,Non-Investment Liabilities - Other Liabilities,balance_sheet,2025-06-30
Ab0a5da,A7dd292,Non-Investment Assets - Cash,balance_sheet,2025-06-30
Ab0a5da,A7dd292,Non-Investment Assets - Other Assets,balance_sheet,2025-06-30
Ab0a5da,A7dd292,Non-Investment Liabilities - Other Liabilities,balance_sheet,2025-06-30
Affdff0,A7dd292,Non-Investment Assets - Cash,balance_sheet,2025-06-30
Affdff0,A7dd292,Non-Investment Assets - Other Assets,balance_sheet,2025-06-30
Affdff0,A7dd292,Non-Investment Liabilities - Other Liabilities,balance_sheet,2025-06-30
A2799f7,A9b5f84,Non-Investment Assets - Cash,balance_sheet,2025-06-30
A2799f7,A9b5f84,Non-Investment Assets - Other Assets,balance_sheet,2025-06-30
A2799f7,A9b5f84,Non-Investment Liabilities - Other Liabilities,balance_sheet,2025-06-30
A9b3aeb,A9b5f84,Non-Investment Assets - Cash,balance_sheet,2025-06-30
A9b3aeb,A9b5f84,Non-Investment Assets - Other Assets,balance_sheet,2025-06-30
A9b3aeb,A9b5f84,Non-Investment Liabilities - Other Liabilities,balance_sheet,2025-06-30
A3fdcff,A8bd477,Non-Investment Liabilities - Other Liabilities,balance_sheet,2025-06-30
Aff00c9,A02306d,Non-Investment Assets - Cash,balance_sheet,2025-06-30
Aff00c9,A02306d,Non-Investment Assets - Other assets,balance_sheet,2025-06-30
Aff00c9,A02306d,Non-Investment Liabilities - Other Liabilities,balance_sheet,2025-06-30
A0af6ce,A02306d,Non-Investment Assets - Cash,balance_sheet,2025-06-30
A0af6ce,A02306d,Non-Investment Assets - Other Assets,balance_sheet,2025-06-30
A0af6ce,A02306d,Non-Investment Liabilities - Other Liabilities,balance_sheet,2025-06-30
A1d6a44,A02306d,Non-Investment Assets - Cash,balance_sheet,2025-06-30
A1d6a44,A02306d,Non-Investment Liabilities - Other Liabilities,balance_sheet,2025-06-30
A5bfee3,A6a28da,Non-Investment Assets - Cash,balance_sheet,2025-06-30
A5bfee3,A6a28da,Non-Investment Assets - Other Assets,balance_sheet,2025-06-30
A5bfee3,A6a28da,Non-Investment Liabilities - Other Liabilities,balance_sheet,2025-06-30
A5bfee3,A6a28da,Non-Investment Liabilities - Subscription Line of Credit,balance_sheet,2025-06-30
A4d752f,A6a28da,Non-Investment Assets - Cash,balance_sheet,2025-06-30
A4d752f,A6a28da,Non-Investment Assets - Other Assets,balance_sheet,2025-06-30
A4d752f,A6a28da,Non-Investment Liabilities - Other Liabilities,balance_sheet,2025-06-30
A4d752f,A6a28da,Non-Investment Liabilities - Subscription Line of Credit,balance_sheet,2025-06-30
Aec91fb,Aeedbe6,Non-Investment Assets - Cash,balance_sheet,2025-06-30
Aec91fb,Aeedbe6,Non-Investment Liabilities - Other Liabilities,balance_sheet,2025-06-30
A3cde4b,Aeedbe6,Non-Investment Assets - Cash,balance_sheet,2025-06-30
A3cde4b,Aeedbe6,Non-Investment Assets - Other Assets,balance_sheet,2025-06-30
A3cde4b,Aeedbe6,Non-Investment Liabilities - Other Liabilities,balance_sheet,2025-06-30
Ae3893b,A02306d,Non-Investment Assets - Cash,balance_sheet,2025-06-30
Ae3893b,A02306d,Non-Investment Assets - Other Assets,balance_sheet,2025-06-30
Ae3893b,A02306d,Non-Investment Liabilities - Other Liabilities,balance_sheet,2025-06-30
Aac1486,A3ecea4,Non-Investment Assets - Cash,balance_sheet,2025-06-30
Aac1486,A3ecea4,Non-Investment Assets - Other Assets,balance_sheet,2025-06-30
Aac1486,A3ecea4,Non-Investment Liabilities - Other Liabilities,balance_sheet,2025-06-30
A6a2745,A3ecea4,Non-Investment Assets - Cash,balance_sheet,2025-06-30
A6a2745,A3ecea4,Non-Investment Assets - Other Assets,balance_sheet,2025-06-30
A6a2745,A3ecea4,Non-Investment Liabilities - Other Liabilities,balance_sheet,2025-06-30
A6a2745,A3ecea4,Non-Investment Liabilities - Subscription Line of Credit,balance_sheet,2025-06-30
Af6593f,A8bd477,Non-Investment Assets - Cash,balance_sheet,2025-06-30
Af6593f,A8bd477,Non-Investment Liabilities - Other Liabilities,balance_sheet,2025-06-30
Afd1cbe,A8bd477,Non-Investment Assets - Cash,balance_sheet,2025-06-30
Afd1cbe,A8bd477,Non-Investment Liabilities - Other Liabilities,balance_sheet,2025-06-30
A99e32e,A8bd477,Non-Investment Assets - Cash,balance_sheet,2025-06-30
A99e32e,A8bd477,Non-Investment Liabilities - Other Liabilities,balance_sheet,2025-06-30
A996a8a,A8bd477,Non-Investment Assets - Cash,balance_sheet,2025-06-30
A996a8a,A8bd477,Non-Investment Liabilities - Other Liabilities,balance_sheet,2025-06-30
Ace087b,A8bd477,Non-Investment Assets - Cash,balance_sheet,2025-06-30
Ace087b,A8bd477,Non-Investment Liabilities - Other Liabilities,balance_sheet,2025-06-30
Ace087b,A8bd477,Non-Investment Liabilities - Subscription Line of Credit,balance_sheet,2025-06-30
Aadd548,A8bd477,Non-Investment Liabilities - Other Liabilities,balance_sheet,2025-06-30
Aadd548,A8bd477,Non-Investment Liabilities - Subscription Line of Credit,balance_sheet,2025-06-30
A073c3d,A8bd477,Non-Investment Assets - Cash,balance_sheet,2025-06-30
A073c3d,A8bd477,Non-Investment Liabilities - Other Liabilities,balance_sheet,2025-06-30
A048b87,Adad2f2,Non-Investment Assets - Cash,balance_sheet,2025-06-30
A4d85cc,A6a0407,Non-Investment Assets - Cash,balance_sheet,2025-06-30
A4d85cc,A6a0407,Non-Investment Liabilities - Other Liabilities,balance_sheet,2025-06-30
A0d2a71,A6a0407,Non-Investment Assets - Cash,balance_sheet,2025-06-30
A0d2a71,A6a0407,Non-Investment Assets - Other Assets,balance_sheet,2025-06-30
A0d2a71,A6a0407,Non-Investment Liabilities - Other Liabilities,balance_sheet,2025-06-30
A0d2a71,A6a0407,Non-Investment Liabilities - Subscription Line of Credit,balance_sheet,2025-06-30
A26a0d1,A6a0407,Non-Investment Assets - Cash,balance_sheet,2025-06-30
A26a0d1,A6a0407,Non-Investment Assets - Other Assets,balance_sheet,2025-06-30
A26a0d1,A6a0407,Non-Investment Liabilities - Other Liabilities,balance_sheet,2025-06-30
Aeedb32,A6a0407,Non-Investment Assets - Cash,balance_sheet,2025-06-30
Aeedb32,A6a0407,Non-Investment Assets - Other Assets,balance_sheet,2025-06-30
Aeedb32,A6a0407,Non-Investment Liabilities - Other Liabilities,balance_sheet,2025-06-30
A4e3f9d,A7970a7,Non-Investment Assets - Cash,balance_sheet,2025-06-30
A4e3f9d,A7970a7,Non-Investment Liabilities - Other Liabilities,balance_sheet,2025-06-30
Aa82eac,A7970a7,Non-Investment Assets - Cash,balance_sheet,2025-06-30
Aa82eac,A7970a7,Non-Investment Liabilities - Other Liabilities,balance_sheet,2025-06-30
A67395e,A7970a7,Non-Investment Liabilities - Other Liabilities,balance_sheet,2025-06-30
A2b1837,A7970a7,Non-Investment Liabilities - Other Liabilities,balance_sheet,2025-06-30
A8d4882,A026529,Non-Investment Assets - Cash,balance_sheet,2025-06-30
A8d4882,A026529,Non-Investment Assets - Other Assets,balance_sheet,2025-06-30
A8d4882,A026529,Non-Investment Liabilities - Other Liabilities,balance_sheet,2025-06-30
A8d4882,A026529,Quarterly Unrealized Gain/Loss,accounting_entry,2025-06-30
A84711b,A026529,ASC 740-10 Accrual,accounting_entry,2025-06-30
A84711b,A026529,Non-Investment Assets - Cash,balance_sheet,2025-06-30
A84711b,A026529,Non-Investment Assets - Other Assets,balance_sheet,2025-06-30
A84711b,A026529,Non-Investment Liabilities - Other Liabilities,balance_sheet,2025-06-30
A84711b,A026529,Quarterly Unrealized Gain/Loss,accounting_entry,2025-06-30
Afa85c1,A026529,ASC 740-10 Accrual,accounting_entry,2025-06-30
Afa85c1,A026529,Non-Investment Assets - Cash,balance_sheet,2025-06-30
Afa85c1,A026529,Non-Investment Assets - Other Assets,balance_sheet,2025-06-30
Afa85c1,A026529,Non-Investment Liabilities - Other Liabilities,balance_sheet,2025-06-30
Afa85c1,A026529,Quarterly Unrealized Gain/Loss,accounting_entry,2025-06-30
A4e71f3,A026529,ASC 740-10 Accrual,accounting_entry,2025-06-30
A4e71f3,A026529,Non-Investment Assets - Cash,balance_sheet,2025-06-30
A4e71f3,A026529,Non-Investment Assets - Other Assets,balance_sheet,2025-06-30
A4e71f3,A026529,Non-Investment Liabilities - Other Liabilities,balance_sheet,2025-06-30
A4e71f3,A026529,Quarterly Unrealized Gain/Loss,accounting_entry,2025-06-30
Ac16b86,A026529,ASC 740-10 Accrual,accounting_entry,2025-06-30
Ac16b86,A026529,Non-Investment Assets - Cash,balance_sheet,2025-06-30
Ac16b86,A026529,Non-Investment Assets - Other Assets,balance_sheet,2025-06-30
Ac16b86,A026529,Non-Investment Liabilities - Other Liabilities,balance_sheet,2025-06-30
Ac16b86,A026529,Quarterly Unrealized Gain/Loss,accounting_entry,2025-06-30
A31bf6d,A026529,ASC 740-10 Accrual,accounting_entry,2025-06-30
A31bf6d,A026529,Idle Cash,accounting_entry,2025-06-30
A31bf6d,A026529,Non-Investment Assets - Cash,balance_sheet,2025-06-30
A31bf6d,A026529,Non-Investment Assets - Other Assets,balance_sheet,2025-06-30
A31bf6d,A026529,Non-Investment Liabilities - Other Liabilities,balance_sheet,2025-06-30
A31bf6d,A026529,Quarterly Unrealized Gain/Loss,accounting_entry,2025-06-30
A666ff0,A026529,Non-Investment Assets - Cash,balance_sheet,2025-06-30
A666ff0,A026529,Non-Investment Assets - Other Assets,balance_sheet,2025-06-30
A666ff0,A026529,Non-Investment Liabilities - Other Liabilities,balance_sheet,2025-06-30
A666ff0,A026529,Quarterly Unrealized Gain/Loss,accounting_entry,2025-06-30
A1e32ac,A026529,Non-Investment Assets - Cash,balance_sheet,2025-06-30
A1e32ac,A026529,Non-Investment Assets - Other Assets,balance_sheet,2025-06-30
A1e32ac,A026529,Non-Investment Liabilities - Other Liabilities,balance_sheet,2025-06-30
A1e32ac,A026529,Quarterly Unrealized Gain/Loss,accounting_entry,2025-06-30
Ae2a183,A026529,Non-Investment Assets - Cash,balance_sheet,2025-06-30
Ae2a183,A026529,Non-Investment Assets - Other Assets,balance_sheet,2025-06-30
Ae2a183,A026529,Non-Investment Liabilities - Other Liabilities,balance_sheet,2025-06-30
Ae2a183,A026529,Quarterly Unrealized Gain/Loss,accounting_entry,2025-06-30
A000c43,A026529,Non-Investment Assets - Cash,balance_sheet,2025-06-30
A000c43,A026529,Non-Investment Assets - Other Assets,balance_sheet,2025-06-30
A000c43,A026529,Non-Investment Liabilities - Other Liabilities,balance_sheet,2025-06-30
A000c43,A026529,Quarterly Unrealized Gain/Loss,accounting_entry,2025-06-30
A8567d1,A026529,Non-Investment Assets - Cash,balance_sheet,2025-06-30
A8567d1,A026529,Non-Investment Assets - Other Assets,balance_sheet,2025-06-30
A8567d1,A026529,Non-Investment Liabilities - Other Liabilities,balance_sheet,2025-06-30
A8567d1,A026529,Quarterly Unrealized Gain/Loss,accounting_entry,2025-06-30
A64ed3d,A026529,Non-Investment Assets - Cash,balance_sheet,2025-06-30
A64ed3d,A026529,Non-Investment Assets - Other Assets,balance_sheet,2025-06-30
A64ed3d,A026529,Non-Investment Liabilities - Other Liabilities,balance_sheet,2025-06-30
A64ed3d,A026529,Quarterly Unrealized Gain/Loss,accounting_entry,2025-06-30
Adeb96a,A026529,ASC 740-10 Accrual,accounting_entry,2025-06-30
Adeb96a,A026529,Idle Cash,accounting_entry,2025-06-30
Adeb96a,A026529,Non-Investment Assets - Cash,balance_sheet,2025-06-30
Adeb96a,A026529,Non-Investment Assets - Other Assets,balance_sheet,2025-06-30
Adeb96a,A026529,Non-Investment Liabilities - Other Liabilities,balance_sheet,2025-06-30
Adeb96a,A026529,Quarterly Unrealized Gain/Loss,accounting_entry,2025-06-30
Af8d59f,A026529,Non-Investment Assets - Cash,balance_sheet,2025-06-30
Af8d59f,A026529,Non-Investment Assets - Other Assets,balance_sheet,2025-06-30
Af8d59f,A026529,Non-Investment Liabilities - Other Liabilities,balance_sheet,2025-06-30
Af8d59f,A026529,Quarterly Unrealized Gain/Loss,accounting_entry,2025-06-30
A7bc2d3,A026529,Idle Cash,accounting_entry,2025-06-30
A7bc2d3,A026529,Non-Investment Assets - Cash,balance_sheet,2025-06-30
A7bc2d3,A026529,Non-Investment Assets - Other Assets,balance_sheet,2025-06-30
A7bc2d3,A026529,Non-Investment Liabilities - Other Liabilities,balance_sheet,2025-06-30
A7bc2d3,A026529,Quarterly Unrealized Gain/Loss,accounting_entry,2025-06-30
Aa5a4bb,A026529,Non-Investment Assets - Cash,balance_sheet,2025-06-30
Aa5a4bb,A026529,Non-Investment Assets - Other Assets,balance_sheet,2025-06-30
Aa5a4bb,A026529,Non-Investment Liabilities - Other Liabilities,balance_sheet,2025-06-30
Aa5a4bb,A026529,Quarterly Unrealized Gain/Loss,accounting_entry,2025-06-30
A758776,A026529,Non-Investment Assets - Cash,balance_sheet,2025-06-30
A758776,A026529,Non-Investment Assets - Other Assets,balance_sheet,2025-06-30
A758776,A026529,Non-Investment Liabilities - Other Liabilities,balance_sheet,2025-06-30
A758776,A026529,Quarterly Unrealized Gain/Loss,accounting_entry,2025-06-30
A780765,A026529,Non-Investment Assets - Cash,balance_sheet,2025-06-30
A780765,A026529,Non-Investment Assets - Other Assets,balance_sheet,2025-06-30
A780765,A026529,Non-Investment Liabilities - Other Liabilities,balance_sheet,2025-06-30
A780765,A026529,Quarterly Unrealized Gain/Loss,accounting_entry,2025-06-30
A6b418c,A026529,Non-Investment Assets - Cash,balance_sheet,2025-06-30
A6b418c,A026529,Non-Investment Assets - Other Assets,balance_sheet,2025-06-30
A6b418c,A026529,Non-Investment Liabilities - Other Liabilities,balance_sheet,2025-06-30
A6b418c,A026529,Subtotal Private Investments,subtotal,2025-06-30
A8bb104,A026529,ASC 740-10 Accrual,accounting_entry,2025-06-30
A8bb104,A026529,Non-Investment Assets - Cash,balance_sheet,2025-06-30
A8bb104,A026529,Non-Investment Assets - Other Assets,balance_sheet,2025-06-30
A8bb104,A026529,Non-Investment Liabilities - Other Liabilities,balance_sheet,2025-06-30
A8bb104,A026529,Quarterly Unrealized Gain/Loss,accounting_entry,2025-06-30
A2d1148,A026529,Non-Investment Assets - Cash,balance_sheet,2025-06-30
A2d1148,A026529,Non-Investment Assets - Other Assets,balance_sheet,2025-06-30
A2d1148,A026529,Non-Investment Liabilities - Other Liabilities,balance_sheet,2025-06-30
A2d1148,A026529,Quarterly Unrealized Gain/Loss,accounting_entry,2025-06-30
A6e6143,A026529,Non-Investment Assets - Cash,balance_sheet,2025-06-30
A6e6143,A026529,Non-Investment Assets - Other Assets,balance_sheet,2025-06-30
A6e6143,A026529,Non-Investment Liabilities - Other Liabilities,balance_sheet,2025-06-30
A6e6143,A026529,Quarterly Unrealized Gain/Loss,accounting_entry,2025-06-30
Aff6f98,A026529,Non-Investment Assets - Cash,balance_sheet,2025-06-30
Aff6f98,A026529,Non-Investment Assets - Other Assets,balance_sheet,2025-06-30
Aff6f98,A026529,Non-Investment Liabilities - Other Liabilities,balance_sheet,2025-06-30
Aff6f98,A026529,Quarterly Unrealized Gain/Loss,accounting_entry,2025-06-30
Ae6e0df,A026529,Non-Investment Assets - Cash,balance_sheet,2025-06-30
Ae6e0df,A026529,Non-Investment Assets - Other Assets,balance_sheet,2025-06-30
Ae6e0df,A026529,Non-Investment Liabilities - Other Liabilities,balance_sheet,2025-06-30
Ae6e0df,A026529,Quarterly Unrealized Gain/Loss,accounting_entry,2025-06-30
A124f9d,A026529,Non-Investment Assets - Cash,balance_sheet,2025-06-30
A124f9d,A026529,Non-Investment Assets - Other Assets,balance_sheet,2025-06-30
A124f9d,A026529,Non-Investment Liabilities - Other Liabilities,balance_sheet,2025-06-30
A124f9d,A026529,Quarterly Unrealized Gain/Loss,accounting_entry,2025-06-30
A124f9d,A026529,Subtotal Private Investments,subtotal,2025-06-30
A577ed1,A026529,Non-Investment Assets - Cash,balance_sheet,2025-06-30
A577ed1,A026529,Non-Investment Assets - Other Assets,balance_sheet,2025-06-30
A577ed1,A026529,Non-Investment Liabilities - Other Liabilities,balance_sheet,2025-06-30
A577ed1,A026529,Quarterly Unrealized Gain/Loss,accounting_entry,2025-06-30
A4ce2f8,A026529,Non-Investment Assets - Cash,balance_sheet,2025-06-30
A4ce2f8,A026529,Non-Investment Assets - Other Assets,balance_sheet,2025-06-30
A4ce2f8,A026529,Non-Investment Liabilities - Other Liabilities,balance_sheet,2025-06-30
A4ce2f8,A026529,Quarterly Unrealized Gain/Loss,accounting_entry,2025-06-30
A4ce2f8,A026529,Subtotal Private Investments,subtotal,2025-06-30
A2ac41e,A026529,Non-Investment Assets - Cash,balance_sheet,2025-06-30
A2ac41e,A026529,Non-Investment Assets - Other Assets,balance_sheet,2025-06-30
A2ac41e,A026529,Non-Investment Liabilities - Other Liabilities,balance_sheet,2025-06-30
A2ac41e,A026529,Quarterly Unrealized Gain/Loss,accounting_entry,2025-06-30
A4c5dcd,A026529,Non-Investment Assets - Cash,balance_sheet,2025-06-30
A4c5dcd,A026529,Non-Investment Assets - Other Assets,balance_sheet,2025-06-30
A4c5dcd,A026529,Non-Investment Liabilities - Other Liabilities,balance_sheet,2025-06-30
A4c5dcd,A026529,Quarterly Unrealized Gain/Loss,accounting_entry,2025-06-30
Aba96b1,A026529,Non-Investment Assets - Cash,balance_sheet,2025-06-30
Aba96b1,A026529,Non-Investment Assets - Other Assets,balance_sheet,2025-06-30
Aba96b1,A026529,Non-Investment Liabilities - Other Liabilities,balance_sheet,2025-06-30
Aba96b1,A026529,Quarterly Unrealized Gain/Loss,accounting_entry,2025-06-30
Aba96b1,A026529,Total Portfolio Investments,subtotal,2025-06-30
A2989df,A86463a,Non-Investment Assets - Cash,balance_sheet,2025-06-30
A2989df,A86463a,Non-Investment Assets - Other Assets,balance_sheet,2025-06-30
A2989df,A86463a,Non-Investment Liabilities - Other Liabilities,balance_sheet,2025-06-30
Ac58438,Ad647a1,Non-Investment Assets - Cash,balance_sheet,2025-06-30
Ac58438,Ad647a1,Non-Investment Assets - Other Assets,balance_sheet,2025-06-30
Ac58438,Ad647a1,Non-Investment Liabilities - Other Liabilities,balance_sheet,2025-06-30
Ac58438,Ad647a1,Non-Investment Liabilities - Subscription Line of Credit,balance_sheet,2025-06-30
A2b73e4,Ad647a1,Non-Investment Assets - Cash,balance_sheet,2025-06-30
A2b73e4,Ad647a1,Non-Investment Assets - Other Assets,balance_sheet,2025-06-30
A2b73e4,Ad647a1,Non-Investment Liabilities - Other Liabilities,balance_sheet,2025-06-30
Ae2ca7f,Aa8e77d,Non-Investment Assets - Cash,balance_sheet,2025-06-30
Ae2ca7f,Aa8e77d,Non-Investment Liabilities - Other Liabilities,balance_sheet,2025-06-30
A13b1e6,Aa8e77d,Non-Investment Assets - Cash,balance_sheet,2025-06-30
A13b1e6,Aa8e77d,Non-Investment Liabilities - Other Liabilities,balance_sheet,2025-06-30
A8282d7,Aa8e77d,Non-Investment Assets - Cash,balance_sheet,2025-06-30
A8282d7,Aa8e77d,Non-Investment Assets - Other Assets,balance_sheet,2025-06-30
A8282d7,Aa8e77d,Non-Investment Liabilities - Other Liabilities,balance_sheet,2025-06-30
Aa76711,Aa8e77d,Non-Investment Assets - Cash,balance_sheet,2025-06-30
Aa76711,Aa8e77d,Non-Investment Assets - Other Assets,balance_sheet,2025-06-30
Aa76711,Aa8e77d,Non-Investment Liabilities - Other Liabilities,balance_sheet,2025-06-30
A6557da,Aa8e77d,Non-Investment Assets - Cash,balance_sheet,2025-06-30
A6557da,Aa8e77d,Non-Investment Assets - Other Assets,balance_sheet,2025-06-30
A6557da,Aa8e77d,Non-Investment Liabilities - Other Liabilities,balance_sheet,2025-06-30
Af3dbec,Aa8e77d,Non-Investment Assets - Cash,balance_sheet,2025-06-30
Af3dbec,Aa8e77d,Non-Investment Assets - Other Assets,balance_sheet,2025-06-30
Af3dbec,Aa8e77d,Non-Investment Liabilities - Other Liabilities,balance_sheet,2025-06-30
A6f42ff,Aa8e77d,Non-Investment Assets - Cash,balance_sheet,2025-06-30
A6f42ff,Aa8e77d,Non-Investment Assets - Other Assets,balance_sheet,2025-06-30
A6f42ff,Aa8e77d,Non-Investment Liabilities - Other Liabilities,balance_sheet,2025-06-30
Aa0a993,Aa8e77d,Non-Investment Assets - Cash,balance_sheet,2025-06-30
Aa0a993,Aa8e77d,Non-Investment Assets - Other Assets,balance_sheet,2025-06-30
Aa0a993,Aa8e77d,Non-Investment Liabilities - Other Liabilities,balance_sheet,2025-06-30
A4fec46,Aa8e77d,Non-Investment Assets - Cash,balance_sheet,2025-06-30
A4fec46,Aa8e77d,Non-Investment Assets - Other Assets,balance_sheet,2025-06-30
A4fec46,Aa8e77d,Non-Investment Liabilities - Other Liabilities,balance_sheet,2025-06-30
A4fec46,Aa8e77d,Non-Investment Liabilities - Subscription Line of Credit,balance_sheet,2025-06-30
Ac71115,Ab27df1,Non-Investment Assets - Cash,balance_sheet,2025-06-30
Ac71115,Ab27df1,Non-Investment Assets - Other Assets,balance_sheet,2025-06-30
Ac71115,Ab27df1,Non-Investment Liabilities - Other Liabilities,balance_sheet,2025-06-30
Af4e6f7,A026fe6,Non-Investment Assets - Cash,balance_sheet,2025-06-30
Af4e6f7,A026fe6,Non-Investment Assets - Other Assets,balance_sheet,2025-06-30
Af4e6f7,A026fe6,Non-Investment Liabilities - Other Liabilities,balance_sheet,2025-06-30
A56bafa,Ab27df1,Non-Investment Assets - Cash,balance_sheet,2025-06-30
A56bafa,Ab27df1,Non-Investment Assets - Other Assets,balance_sheet,2025-06-30
A56bafa,Ab27df1,Non-Investment Liabilities - Other Liabilities,balance_sheet,2025-06-30
A56bafa,Ab27df1,Non-Investment Liabilities - Subscription Line of Credit,balance_sheet,2025-06-30
A28fbd7,A24f078,Non-Investment Assets - Cash,balance_sheet,2025-06-30
A28fbd7,A24f078,Non-Investment Assets - Other Assets,balance_sheet,2025-06-30
A28fbd7,A24f078,Non-Investment Liabilities - Other Liabilities,balance_sheet,2025-06-30
A28fbd7,A24f078,Non-Investment Liabilities - Subscription Line of Credit,balance_sheet,2025-06-30
Ad893bb,A775492,Non-Investment Assets - Cash,balance_sheet,2025-06-30
Ad893bb,A775492,Non-Investment Assets - Other Assets,balance_sheet,2025-06-30
Ad893bb,A775492,Non-Investment Liabilities - Other Liabilities,balance_sheet,2025-06-30
Ad893bb,A775492,Non-Investment Liabilities - Subscription Line of Credit,balance_sheet,2025-06-30
A48791b,A775492,Non-Investment Assets - Cash,balance_sheet,2025-06-30
A48791b,A775492,Non-Investment Liabilities - Other Liabilities,balance_sheet,2025-06-30
A355e2c,A775492,Non-Investment Assets - Cash,balance_sheet,2025-06-30
A355e2c,A775492,Non-Investment Liabilities - Other Liabilities,balance_sheet,2025-06-30
A1cae97,A775492,Non-Investment Assets - Cash,balance_sheet,2025-06-30
A1cae97,A775492,Non-Investment Assets - Other Assets,balance_sheet,2025-06-30
A1cae97,A775492,Non-Investment Liabilities - Other Liabilities,balance_sheet,2025-06-30
A67b879,A775492,Non-Investment Assets - Cash,balance_sheet,2025-06-30
A67b879,A775492,Non-Investment Assets - Other Assets,balance_sheet,2025-06-30
A67b879,A775492,Non-Investment Liabilities - Other Liabilities,balance_sheet,2025-06-30
A20f76b,A775492,Non-Investment Assets - Cash,balance_sheet,2025-06-30
A20f76b,A775492,Non-Investment Assets - Other Assets,balance_sheet,2025-06-30
A20f76b,A775492,Non-Investment Liabilities - Other Liabilities,balance_sheet,2025-06-30
A2ce6c1,Ac17925,Non-Investment Assets - Cash,balance_sheet,2025-06-30
A2ce6c1,Ac17925,Non-Investment Assets - Other Assets,balance_sheet,2025-06-30
A2ce6c1,Ac17925,Non-Investment Liabilities - Other Liabilities,balance_sheet,2025-06-30
A145642,Ac17925,Non-Investment Assets - Cash,balance_sheet,2025-06-30
A145642,Ac17925,Non-Investment Assets - Other Assets,balance_sheet,2025-06-30
A145642,Ac17925,Non-Investment Liabilities - Other Liabilities,balance_sheet,2025-06-30
Aebcab9,Ac17925,Non-Investment Assets - Cash,balance_sheet,2025-06-30
Aebcab9,Ac17925,Non-Investment Assets - Other Assets,balance_sheet,2025-06-30
Aebcab9,Ac17925,Non-Investment Liabilities - Other Liabilities,balance_sheet,2025-06-30
Aa967c0,Afc0dbf,Non-Investment Assets - Cash,balance_sheet,2025-03-31
Aa967c0,Afc0dbf,Non-Investment Liabilities - Other Liabilities,balance_sheet,2025-03-31
Ad52755,A664a6a,Non-Investment Assets - Cash,balance_sheet,2025-03-31
Ad52755,A664a6a,Non-Investment Assets - Other Assets,balance_sheet,2025-03-31
Ad52755,A664a6a,Non-Investment Liabilities - Other Liabilities,balance_sheet,2025-03-31
Ab73bb9,A664a6a,Non-Investment Assets - Other Assets,balance_sheet,2025-03-31
Ab73bb9,A664a6a,Non-Investment Liabilities - Other Liabilities,balance_sheet,2025-03-31
Aa874b3,Afc0dbf,Non-Investment Assets - Cash,balance_sheet,2025-03-31
Aa874b3,Afc0dbf,Non-Investment Assets - Other Assets,balance_sheet,2025-03-31
Aa874b3,Afc0dbf,Non-Investment Liabilities - Other Liabilities,balance_sheet,2025-03-31
A87187f,Afc0dbf,Non-Investment Assets - Cash,balance_sheet,2025-03-31
A87187f,Afc0dbf,Non-Investment Assets - Other Assets,balance_sheet,2025-03-31
A87187f,Afc0dbf,Non-Investment Liabilities - Other Liabilities,balance_sheet,2025-03-31
Ae8bf4c,Afc0dbf,Non-Investment Assets - Cash,balance_sheet,2025-03-31
Ae8bf4c,Afc0dbf,Non-Investment Liabilities - Other Liabilities,balance_sheet,2025-03-31
Ad0fa4d,Aa3bbc4,Non-Investment Assets - Cash,balance_sheet,2025-03-31
Ad0fa4d,Aa3bbc4,Non-Investment Liabilities - Other Liabilities,balance_sheet,2025-03-31
Abeff42,Afbe003,Non-Investment Assets - Other Assets,balance_sheet,2025-03-31
Abeff42,Afbe003,Non-Investment Liabilities - Subscription Line of Credit,balance_sheet,2025-03-31
A1fd1d1,Afbe003,Non-Investment Assets - Other Assets,balance_sheet,2025-03-31
A1fd1d1,Afbe003,Non-Investment Liabilities - Other Liabilities,balance_sheet,2025-03-31
A1ea2a3,A041a39,Non-Investment Assets - Cash,balance_sheet,2025-03-31
A1ea2a3,A041a39,Non-Investment Assets - Other Assets,balance_sheet,2025-03-31
A1ea2a3,A041a39,Non-Investment Liabilities - Other Liabilities,balance_sheet,2025-03-31
A825f85,A041a39,Non-Investment Assets - Cash,balance_sheet,2025-03-31
A825f85,A041a39,Non-Investment Assets - Other Assets,balance_sheet,2025-03-31
A825f85,A041a39,Non-Investment Liabilities - Other Liabilities,balance_sheet,2025-03-31
Af08fa6,A041a39,Non-Investment Assets - Cash,balance_sheet,2025-03-31
Af08fa6,A041a39,Non-Investment Assets - Other Assets,balance_sheet,2025-03-31
Af08fa6,A041a39,Non-Investment Liabilities - Other Liabilities,balance_sheet,2025-03-31
Ac0dd42,A041a39,Non-Investment Assets - Cash,balance_sheet,2025-03-31
Ac0dd42,A041a39,Non-Investment Assets - Other Assets,balance_sheet,2025-03-31
Ac0dd42,A041a39,Non-Investment Liabilities - Other Liabilities,balance_sheet,2025-03-31
Afc4e50,A041a39,Non-Investment Assets - Cash,balance_sheet,2025-03-31
Afc4e50,A041a39,Non-Investment Assets - Other Assets,balance_sheet,2025-03-31
Afc4e50,A041a39,Non-Investment Liabilities - Other Liabilities,balance_sheet,2025-03-31
A681b8b,A041a39,Non-Investment Assets - Cash,balance_sheet,2025-03-31
A681b8b,A041a39,Non-Investment Assets - Other Assets,balance_sheet,2025-03-31
A681b8b,A041a39,Non-Investment Liabilities - Other Liabilities,balance_sheet,2025-03-31
A2a9ea5,A041a39,Non-Investment Assets - Cash,balance_sheet,2025-03-31
A2a9ea5,A041a39,Non-Investment Assets - Other Assets,balance_sheet,2025-03-31
A2a9ea5,A041a39,Non-Investment Liabilities - Other Liabilities,balance_sheet,2025-03-31
A43502d,A041a39,Non-Investment Assets - Cash,balance_sheet,2025-03-31
A43502d,A041a39,Non-Investment Assets - Other Assets,balance_sheet,2025-03-31
A43502d,A041a39,Non-Investment Liabilities - Other Liabilities,balance_sheet,2025-03-31
A4656cb,A041a39,Non-Investment Assets - Cash,balance_sheet,2025-03-31
A4656cb,A041a39,Non-Investment Assets - Other Assets,balance_sheet,2025-03-31
A4656cb,A041a39,Non-Investment Liabilities - Other Liabilities,balance_sheet,2025-03-31
A51cf14,A041a39,Non-Investment Assets - Cash,balance_sheet,2025-03-31
A51cf14,A041a39,Non-Investment Assets - Other Assets,balance_sheet,2025-03-31
A51cf14,A041a39,Non-Investment Liabilities - Other Liabilities,balance_sheet,2025-03-31
A64d20c,A041a39,Non-Investment Assets - Cash,balance_sheet,2025-03-31
A64d20c,A041a39,Non-Investment Liabilities - Other Liabilities,balance_sheet,2025-03-31
Ae4d75e,A041a39,Non-Investment Assets - Cash,balance_sheet,2025-03-31
Ae4d75e,A041a39,Non-Investment Assets - Other Assets,balance_sheet,2025-03-31
Ae4d75e,A041a39,Non-Investment Liabilities - Other Liabilities,balance_sheet,2025-03-31
A85406a,A041a39,Non-Investment Assets - Cash,balance_sheet,2025-03-31
A85406a,A041a39,Non-Investment Liabilities - Other Liabilities,balance_sheet,2025-03-31
A0a0599,A041a39,Non-Investment Assets - Cash,balance_sheet,2025-03-31
A0a0599,A041a39,Non-Investment Assets - Other Assets,balance_sheet,2025-03-31
A0a0599,A041a39,Non-Investment Liabilities - Other Liabilities,balance_sheet,2025-03-31
Acc9329,A041a39,Non-Investment Assets - Cash,balance_sheet,2025-03-31
Acc9329,A041a39,Non-Investment Liabilities - Other Liabilities,balance_sheet,2025-03-31
Ac6e10f,A96d213,Non-Investment Assets - Cash,balance_sheet,2025-03-31
Ac6e10f,A96d213,Non-Investment Assets - Other Assets,balance_sheet,2025-03-31
Ac6e10f,A96d213,Non-Investment Liabilities - Other Liabilities,balance_sheet,2025-03-31
Ac6e10f,A96d213,Non-Investment Liabilities - Subscription Line of Credit,balance_sheet,2025-03-31
A1554e9,A664a6a,Non-Investment Assets - Cash,balance_sheet,2025-03-31
A1554e9,A664a6a,Non-Investment Assets - Other Assets,balance_sheet,2025-03-31
A1554e9,A664a6a,Non-Investment Liabilities - Other Liabilities,balance_sheet,2025-03-31
A1554e9,A664a6a,Non-Investment Liabilities - Subscription Line of Credit,balance_sheet,2025-03-31
A3e929e,A664a6a,Non-Investment Assets - Cash,balance_sheet,2025-03-31
A3e929e,A664a6a,Non-Investment Assets - Other Assets,balance_sheet,2025-03-31
A3e929e,A664a6a,Non-Investment Liabilities - Other Liabilities,balance_sheet,2025-03-31
Ab3ea87,A5d1a01,Non-Investment Assets - Cash,balance_sheet,2025-03-31
Ab3ea87,A5d1a01,Non-Investment Assets - Other Assets,balance_sheet,2025-03-31
Ab3ea87,A5d1a01,Non-Investment Liabilities - Other Liabilities,balance_sheet,2025-03-31
Ae7bb35,A5d1a01,Non-Investment Assets - Cash,balance_sheet,2025-03-31
Ae7bb35,A5d1a01,Non-Investment Assets - Other Assets,balance_sheet,2025-03-31
Ae7bb35,A5d1a01,Non-Investment Liabilities - Other Liabilities,balance_sheet,2025-03-31
Acff5f3,A619a99,Non-Investment Assets - Cash,balance_sheet,2025-03-31
Acff5f3,A619a99,Non-Investment Assets - Other Assets,balance_sheet,2025-03-31
Ab89eda,A619a99,Non-Investment Assets - Cash,balance_sheet,2025-03-31
Ab89eda,A619a99,Non-Investment Liabilities - Other Liabilities,balance_sheet,2025-03-31
A394dd9,Ac758cf,Non-Investment Assets - Cash,balance_sheet,2025-03-31
A394dd9,Ac758cf,Non-Investment Assets - Other Assets,balance_sheet,2025-03-31
A394dd9,Ac758cf,Non-Investment Liabilities - Other Liabilities,balance_sheet,2025-03-31
A394dd9,Ac758cf,Non-Investment Liabilities - Subscription Line of Credit,balance_sheet,2025-03-31
A63aa12,Ac758cf,Non-Investment Assets - Cash,balance_sheet,2025-03-31
A63aa12,Ac758cf,Non-Investment Liabilities - Other Liabilities,balance_sheet,2025-03-31
A63aa12,Ac758cf,Non-Investment Liabilities - Subscription Line of Credit,balance_sheet,2025-03-31
A6fcde0,A6f625f,Non-Investment Assets - Cash,balance_sheet,2025-03-31
A6fcde0,A6f625f,Non-Investment Assets - Other Assets,balance_sheet,2025-03-31
A6fcde0,A6f625f,Non-Investment Liabilities - Other Liabilities,balance_sheet,2025-03-31
A6fcde0,A6f625f,Non-Investment Liabilities - Subscription Line of Credit,balance_sheet,2025-03-31
A229eeb,A15464a,Non-Investment Assets - Cash,balance_sheet,2025-03-31
A229eeb,A15464a,Non-Investment Assets - Other Assets,balance_sheet,2025-03-31
A229eeb,A15464a,Non-Investment Liabilities - Other Liabilities,balance_sheet,2025-03-31
A80d33a,Ad15ca3,Non-Investment Assets - Cash,balance_sheet,2025-03-31
A80d33a,Ad15ca3,Non-Investment Assets - Other Assets,balance_sheet,2025-03-31
A80d33a,Ad15ca3,Non-Investment Liabilities - Other Liabilities,balance_sheet,2025-03-31
A3cb5c7,A109e0f,Non-Investment Assets - Cash,balance_sheet,2025-03-31
A3cb5c7,A109e0f,Non-Investment Assets - Other Assets,balance_sheet,2025-03-31
A3cb5c7,A109e0f,Non-Investment Liabilities - Other Liabilities,balance_sheet,2025-03-31
A3cb5c7,A109e0f,Non-Investment Liabilities - Subscription Line of Credit,balance_sheet,2025-03-31
A75eb76,A109e0f,Non-Investment Assets - Cash,balance_sheet,2025-03-31
A75eb76,A109e0f,Non-Investment Assets - Other Assets,balance_sheet,2025-03-31
A75eb76,A109e0f,Non-Investment Liabilities - Other Liabilities,balance_sheet,2025-03-31
A75eb76,A109e0f,Non-Investment Liabilities - Subscription Line of Credit,balance_sheet,2025-03-31
A930514,A109e0f,Non-Investment Assets - Cash,balance_sheet,2025-03-31
A930514,A109e0f,Non-Investment Assets - Other Assets,balance_sheet,2025-03-31
A930514,A109e0f,Non-Investment Liabilities - Other Liabilities,balance_sheet,2025-03-31
A930514,A109e0f,Non-Investment Liabilities - Subscription Line of Credit,balance_sheet,2025-03-31
Afc9d9d,A109e0f,Non-Investment Assets - Cash,balance_sheet,2025-03-31
Afc9d9d,A109e0f,Non-Investment Liabilities - Other Liabilities,balance_sheet,2025-03-31
A6514b0,A109e0f,Non-Investment Assets - Cash,balance_sheet,2025-03-31
A6514b0,A109e0f,Non-Investment Liabilities - Other Liabilities,balance_sheet,2025-03-31
A0e8f48,Aa3bbc4,Non-Investment Assets - Cash,balance_sheet,2025-03-31
A0e8f48,Aa3bbc4,Non-Investment Assets - Other Assets,balance_sheet,2025-03-31
A0e8f48,Aa3bbc4,Non-Investment Liabilities - Other Liabilities,balance_sheet,2025-03-31
A2ac14e,Aa3bbc4,Non-Investment Assets - Cash,balance_sheet,2025-03-31
A2ac14e,Aa3bbc4,Non-Investment Assets - Other Assets,balance_sheet,2025-03-31
A2ac14e,Aa3bbc4,Non-Investment Liabilities - Other Liabilities,balance_sheet,2025-03-31
Acc4ce2,Afc0dbf,Non-Investment Assets - Cash,balance_sheet,2025-03-31
Acc4ce2,Afc0dbf,Non-Investment Assets - Other Assets,balance_sheet,2025-03-31
Acc4ce2,Afc0dbf,Non-Investment Liabilities - Other Liabilities,balance_sheet,2025-03-31
Acc4ce2,Afc0dbf,Non-Investment Liabilities - Subscription Line of Credit,balance_sheet,2025-03-31
A466539,Afc0dbf,Non-Investment Assets - Cash,balance_sheet,2025-03-31
A466539,Afc0dbf,Non-Investment Assets - Other Assets,balance_sheet,2025-03-31
A466539,Afc0dbf,Non-Investment Liabilities - Other Liabilities,balance_sheet,2025-03-31
A466539,Afc0dbf,Non-Investment Liabilities - Subscription Line of Credit,balance_sheet,2025-03-31
A74c64f,A8be668,Non-Investment Assets - Cash,balance_sheet,2025-03-31
A74c64f,A8be668,Non-Investment Assets - Other Assets,balance_sheet,2025-03-31
A74c64f,A8be668,Non-Investment Liabilities - Other Liabilities,balance_sheet,2025-03-31
A74c64f,A8be668,Non-Investment Liabilities - Subscription Line of Credit,balance_sheet,2025-03-31
A1bb7a5,A54f085,Non-Investment Assets - Cash,balance_sheet,2025-03-31
A1bb7a5,A54f085,Non-Investment Liabilities - Other Liabilities,balance_sheet,2025-03-31
Adc57d5,A8be668,Non-Investment Assets - Cash,balance_sheet,2025-03-31
Adc57d5,A8be668,Non-Investment Liabilities - Other Liabilities,balance_sheet,2025-03-31
A208478,A8be668,Non-Investment Assets - Cash,balance_sheet,2025-03-31
A208478,A8be668,Non-Investment Assets - Other Assets,balance_sheet,2025-03-31
A208478,A8be668,Non-Investment Liabilities - Other Liabilities,balance_sheet,2025-03-31
A208478,A8be668,Non-Investment Liabilities - Subscription Line of Credit,balance_sheet,2025-03-31
A0d0dd8,A8be668,Non-Investment Assets - Cash,balance_sheet,2025-03-31
A0d0dd8,A8be668,Non-Investment Assets - Other Assets,balance_sheet,2025-03-31
A0d0dd8,A8be668,Non-Investment Liabilities - Other Liabilities,balance_sheet,2025-03-31
A1137b9,A8be668,Non-Investment Assets - Cash,balance_sheet,2025-03-31
A1137b9,A8be668,Non-Investment Assets - Other Assets,balance_sheet,2025-03-31
A1137b9,A8be668,Non-Investment Liabilities - Other Liabilities,balance_sheet,2025-03-31
Ab5e21c,A8be668,Non-Investment Assets - Cash,balance_sheet,2025-03-31
Ab5e21c,A8be668,Non-Investment Assets - Other Assets,balance_sheet,2025-03-31
Ab5e21c,A8be668,Non-Investment Liabilities - Other Liabilities,balance_sheet,2025-03-31
Ab5e21c,A8be668,Non-Investment Liabilities - Subscription Line of Credit,balance_sheet,2025-03-31
Af289f4,A8be668,Non-Investment Assets - Cash,balance_sheet,2025-03-31
Af289f4,A8be668,Non-Investment Assets - Other Assets,balance_sheet,2025-03-31
Af289f4,A8be668,Non-Investment Liabilities - Other Liabilities,balance_sheet,2025-03-31
Af289f4,A8be668,Non-Investment Liabilities - Subscription Line of Credit,balance_sheet,2025-03-31
A6709ea,A586fd2,AO Football Transfer Receivable,accounting_entry,2025-03-31
A279d4f,A586fd2,AO Football Transfer Receivable,accounting_entry,2025-03-31
A67c3e6,A02cb18,Non-Investment Assets - Cash,balance_sheet,2025-03-31
A67c3e6,A02cb18,Non-Investment Assets - Other Assets,balance_sheet,2025-03-31
A67c3e6,A02cb18,Non-Investment Liabilities - Other Liabilities,balance_sheet,2025-03-31
Af8dafa,A02cb18,Non-Investment Assets - Cash,balance_sheet,2025-03-31
Af8dafa,A02cb18,Non-Investment Assets - Other Assets,balance_sheet,2025-03-31
Af8dafa,A02cb18,Non-Investment Liabilities - Other Liabilities,balance_sheet,2025-03-31
Acd9cbe,A02cb18,Non-Investment Assets - Cash,balance_sheet,2025-03-31
Acd9cbe,A02cb18,Non-Investment Assets - Other Assets,balance_sheet,2025-03-31
Acd9cbe,A02cb18,Non-Investment Liabilities - Other Liabilities,balance_sheet,2025-03-31
A7ed594,A61c681,Non-Investment Assets - Cash,balance_sheet,2025-03-31
A7ed594,A61c681,Non-Investment Assets - Other Assets,balance_sheet,2025-03-31
A7ed594,A61c681,Non-Investment Liabilities - Other Liabilities,balance_sheet,2025-03-31
A7ed594,A61c681,Non-Investment Liabilities - Subscription Line of Credit,balance_sheet,2025-03-31
Ada12ca,A61c681,Non-Investment Assets - Cash,balance_sheet,2025-03-31
Ada12ca,A61c681,Non-Investment Assets - Other Assets,balance_sheet,2025-03-31
Ada12ca,A61c681,Non-Investment Liabilities - Other Liabilities,balance_sheet,2025-03-31
A5479e2,A61c681,Non-Investment Assets - Cash,balance_sheet,2025-03-31
A5479e2,A61c681,Non-Investment Assets - Other Assets,balance_sheet,2025-03-31
A5479e2,A61c681,Non-Investment Liabilities - Other Liabilities,balance_sheet,2025-03-31
A433d90,A44e6c2,Non-Investment Assets - Cash,balance_sheet,2025-03-31
A433d90,A44e6c2,Non-Investment Assets - Other Assets,balance_sheet,2025-03-31
A433d90,A44e6c2,Non-Investment Liabilities - Other Liabilities,balance_sheet,2025-03-31
A4ff5ec,Af8f7a9,Non-Investment Assets - Cash,balance_sheet,2025-03-31
A4ff5ec,Af8f7a9,Non-Investment Assets - Other Assets,balance_sheet,2025-03-31
A4ff5ec,Af8f7a9,Non-Investment Liabilities - Other Liabilities,balance_sheet,2025-03-31
Acc4dee,Af8f7a9,Non-Investment Assets - Cash,balance_sheet,2025-03-31
Acc4dee,Af8f7a9,Non-Investment Assets - Other Assets,balance_sheet,2025-03-31
Acc4dee,Af8f7a9,Non-Investment Liabilities - Other Liabilities,balance_sheet,2025-03-31
A44702b,Af8f7a9,Non-Investment Assets - Cash,balance_sheet,2025-03-31
A44702b,Af8f7a9,Non-Investment Assets - Other Assets,balance_sheet,2025-03-31
A44702b,Af8f7a9,Non-Investment Liabilities - Other Liabilities,balance_sheet,2025-03-31
Aba6caa,Af8f7a9,Non-Investment Assets - Cash,balance_sheet,2025-03-31
Aba6caa,Af8f7a9,Non-Investment Assets - Other Assets,balance_sheet,2025-03-31
Aba6caa,Af8f7a9,Non-Investment Liabilities - Other Liabilities,balance_sheet,2025-03-31
Aba6caa,Af8f7a9,Tax Distributions,accounting_entry,2025-03-31
Af390f9,Af8f7a9,Non-Investment Assets - Cash,balance_sheet,2025-03-31
Af390f9,Af8f7a9,Non-Investment Assets - Other Assets,balance_sheet,2025-03-31
Af390f9,Af8f7a9,Non-Investment Liabilities - Other Liabilities,balance_sheet,2025-03-31
A73be2a,18be12,Net Non-Investment Assets from Canyon Laurell II Master Fund,balance_sheet,2025-03-31
A73be2a,18be12,Non-Investment Assets - Cash,balance_sheet,2025-03-31
A73be2a,18be12,Non-Investment Assets - Other Assets,balance_sheet,2025-03-31
A73be2a,18be12,Non-Investment Liabilities - Other Liabilities,balance_sheet,2025-03-31
A5494b2,18be12,Non-Investment Assets - Cash,balance_sheet,2025-03-31
A5494b2,18be12,Non-Investment Assets - Other Assets,balance_sheet,2025-03-31
A5494b2,18be12,Non-Investment Liabilities - Other Liabilities,balance_sheet,2025-03-31
Aa71003,18be12,Non-Investment Assets - Cash,balance_sheet,2025-03-31
Aa71003,18be12,Non-Investment Assets - Other Assets,balance_sheet,2025-03-31
Aa71003,18be12,Non-Investment Liabilities - Other Liabilities,balance_sheet,2025-03-31
Aa71003,18be12,Non-Investment Liabilities - Subscription Line of Credit,balance_sheet,2025-03-31
A153d68,A08aac2,Non-Investment Assets - Cash,balance_sheet,2025-03-31
A153d68,A08aac2,Non-Investment Assets - Other Assets,balance_sheet,2025-03-31
A153d68,A08aac2,Non-Investment Liabilities - Other Liabilities,balance_sheet,2025-03-31
A103ce5,A348789,Non-Investment Assets - Cash,balance_sheet,2025-03-31
A103ce5,A348789,Non-Investment Liabilities - Other Liabilities,balance_sheet,2025-03-31
Ab4033d,A91b7d0,Non-Investment Assets - Cash,balance_sheet,2025-03-31
Ab4033d,A91b7d0,Non-Investment Assets - Other Assets,balance_sheet,2025-03-31
Ab4033d,A91b7d0,Non-Investment Liabilities - Other Liabilities,balance_sheet,2025-03-31
Aa5bde6,A91b7d0,Non-Investment Assets - Cash,balance_sheet,2025-03-31
Aa5bde6,A91b7d0,Non-Investment Assets - Other Assets,balance_sheet,2025-03-31
Aa5bde6,A91b7d0,Non-Investment Liabilities - Other Liabilities,balance_sheet,2025-03-31
Aa5bde6,A91b7d0,Non-Investment Liabilities - Subscription Line of Credit,balance_sheet,2025-03-31
A73775f,Af8f7a9,Non-Investment Assets - Cash,balance_sheet,2025-03-31
A73775f,Af8f7a9,Non-Investment Assets - Other Assets,balance_sheet,2025-03-31
A73775f,Af8f7a9,Non-Investment Liabilities - Other Liabilities,balance_sheet,2025-03-31
A73775f,Af8f7a9,Tax Distributions,accounting_entry,2025-03-31
A40cc93,A49a079,Non-Investment Assets - Cash,balance_sheet,2025-03-31
A40cc93,A49a079,Non-Investment Assets - Other Assets,balance_sheet,2025-03-31
A40cc93,A49a079,Non-Investment Liabilities - Other Liabilities,balance_sheet,2025-03-31
Ac15ed6,A2f186b,Non-Investment Assets - Cash,balance_sheet,2025-03-31
Ac15ed6,A2f186b,Non-Investment Assets - Other Assets,balance_sheet,2025-03-31
A2a38e9,A2f186b,Non-Investment Assets - Cash,balance_sheet,2025-03-31
A2a38e9,A2f186b,Non-Investment Assets - Other Assets,balance_sheet,2025-03-31
A2a38e9,A2f186b,Non-Investment Liabilities - Other Liabilities,balance_sheet,2025-03-31
A23dda7,A2f186b,Non-Investment Assets - Cash,balance_sheet,2025-03-31
A23dda7,A2f186b,Non-Investment Liabilities - Other Liabilities,balance_sheet,2025-03-31
Ad1a396,Ad70035,Non-Investments Liabilities -  Other Liabilities,balance_sheet,2025-03-31
Ad1a396,Ad70035,Non-investments Assets - Cash,balance_sheet,2025-03-31
Ad1a396,Ad70035,Non-investments Assets - Other Assets,balance_sheet,2025-03-31
Ae67360,Ad70035,Non-Investment Assets - Cash,balance_sheet,2025-03-31
Ae67360,Ad70035,Non-Investment Assets - Other Assets,balance_sheet,2025-03-31
Ae67360,Ad70035,Non-Investment Liabilities - Other Liabilities,balance_sheet,2025-03-31
Ae4f50d,Ad70035,Non-Investment Assets - Cash,balance_sheet,2025-03-31
Ae4f50d,Ad70035,Non-Investment Assets - Other Assets,balance_sheet,2025-03-31
Ae4f50d,Ad70035,Non-Investment Liabilities - Other Liabilities,balance_sheet,2025-03-31
A23ee88,Ad70035,Non-Investment Assets - Cash,balance_sheet,2025-03-31
A23ee88,Ad70035,Non-Investment Assets - Other Assets,balance_sheet,2025-03-31
A23ee88,Ad70035,Non-Investment Liabilities - Other Liabilities,balance_sheet,2025-03-31
A11f7a2,A2e3873,Non-Investment Assets - Cash,balance_sheet,2025-03-31
A11f7a2,A2e3873,Non-Investment Assets - Other Assets,balance_sheet,2025-03-31
A11f7a2,A2e3873,Non-Investment Liabilities - Other Liabilities,balance_sheet,2025-03-31
A11f7a2,A2e3873,Non-Investment Liabilities - Subscription Line of Credit,balance_sheet,2025-03-31
A1e8a7e,Ac37569,Non-Investment Assets - Cash,balance_sheet,2025-03-31
A1e8a7e,Ac37569,Non-Investment Assets - Other Assets,balance_sheet,2025-03-31
A1e8a7e,Ac37569,Non-Investment Liabilities - Other Liabilities,balance_sheet,2025-03-31
Af5ff4f,Ac37569,Non-Investment Assets - Cash,balance_sheet,2025-03-31
Af5ff4f,Ac37569,Non-Investment Assets - Other Assets,balance_sheet,2025-03-31
Af5ff4f,Ac37569,Non-Investment Liabilities - Other Liabilities,balance_sheet,2025-03-31
Aa12a53,A8bd477,Non-Investment Liabilities - Other Liabilities,balance_sheet,2025-03-31
A9ffbf3,Ad7e703,Non-Investment Assets - Cash,balance_sheet,2025-03-31
A9ffbf3,Ad7e703,Non-Investment Assets - Other Assets,balance_sheet,2025-03-31
A9ffbf3,Ad7e703,Non-Investment Liabilities - Other Liabilities,balance_sheet,2025-03-31
A9c9bb9,A0c2722,Non-Investmentsa Assets - Cash and cash equivalents,balance_sheet,2025-03-31
A9c9bb9,A0c2722,Non-Investmentsa Assets - Other Assets,balance_sheet,2025-03-31
A9c9bb9,A0c2722,Non-Investmentsa Liabilities- Other Liabilities,balance_sheet,2025-03-31
A5466bf,Acdb9df,Non-Investment Assets - Cash,balance_sheet,2025-03-31
A5466bf,Acdb9df,Non-Investment Assets - Other Assets,balance_sheet,2025-03-31
A5466bf,Acdb9df,Non-Investment Liabilities - Other Liabilities,balance_sheet,2025-03-31
A29c2b9,Aed3782,Non-Investment Assets - Cash,balance_sheet,2025-03-31
A29c2b9,Aed3782,Non-Investment Assets - Other Assets,balance_sheet,2025-03-31
A29c2b9,Aed3782,Non-Investment Liabilities - Other Liabilities,balance_sheet,2025-03-31
Adfb13d,3.95E+42,Non-Investment Assets - Cash,balance_sheet,2025-03-31
Adfb13d,3.95E+42,Non-Investment Assets - Other Assets,balance_sheet,2025-03-31
Adfb13d,3.95E+42,Non-Investment Liabilities - Other Liabilities,balance_sheet,2025-03-31
A0841e0,3.95E+42,Non-Investment Assets - Cash,balance_sheet,2025-03-31
A0841e0,3.95E+42,Non-Investment Assets - Other Assets,balance_sheet,2025-03-31
A0841e0,3.95E+42,Non-Investment Liabilities - Other Liabilities,balance_sheet,2025-03-31
A7199bc,A96d1b3,Non-Investment Assets - Cash,balance_sheet,2025-03-31
A7199bc,A96d1b3,Non-Investment Assets - Other Assets,balance_sheet,2025-03-31
A7199bc,A96d1b3,Non-Investment Liabilities - Other Liabilities,balance_sheet,2025-03-31
A3c99e8,A9fbabf,Non-Investment Assets - Cash,balance_sheet,2025-03-31
A3c99e8,A9fbabf,Non-Investment Assets - Other Assets,balance_sheet,2025-03-31
A3c99e8,A9fbabf,Non-Investment Liabilities - Other Liabilities,balance_sheet,2025-03-31
A3c99e8,A9fbabf,Non-Investment Liabilities - Subscription Line of Credit,balance_sheet,2025-03-31
A87a21d,A9fbabf,Cash,accounting_entry,2025-03-31
A87a21d,A9fbabf,Non-Investment Assets - Cash,balance_sheet,2025-03-31
A87a21d,A9fbabf,Non-Investment Assets - Other assets,balance_sheet,2025-03-31
A87a21d,A9fbabf,Non-Investment Liabilities - Other Liabilities,balance_sheet,2025-03-31
A87a21d,A9fbabf,Non-Investment Liabilities - Subscription Line of Credit,balance_sheet,2025-03-31
A11730c,A3e342a,Non-Investment Assets - Cash,balance_sheet,2025-03-31
A11730c,A3e342a,Non-Investment Assets - Other Assets,balance_sheet,2025-03-31
A11730c,A3e342a,Non-Investment Liabilities - Other Liabilities,balance_sheet,2025-03-31
A9e2889,A3e342a,Non-Investment Assets - Cash,balance_sheet,2025-03-31
A9e2889,A3e342a,Non-Investment Assets - Other Assets,balance_sheet,2025-03-31
A9e2889,A3e342a,Non-Investment Liabilities - Other Liabilities,balance_sheet,2025-03-31
A583186,A3e342a,Non-Investment Assets - Cash,balance_sheet,2025-03-31
A583186,A3e342a,Non-Investment Assets - Other Assets,balance_sheet,2025-03-31
A583186,A3e342a,Non-Investment Liabilities - Other Liabilities,balance_sheet,2025-03-31
A7ead5b,A65900b,Non-Investment Assets - Cash,balance_sheet,2025-03-31
A7ead5b,A65900b,Non-Investment Assets - Other Assets,balance_sheet,2025-03-31
A7ead5b,A65900b,Non-Investment Liabilities - Other Liabilities,balance_sheet,2025-03-31
A1c6bfc,A65900b,Non-Investment Assets - Cash,balance_sheet,2025-03-31
A1c6bfc,A65900b,Non-Investment Assets - Other Assets,balance_sheet,2025-03-31
A1c6bfc,A65900b,Non-Investment Liabilities - Other Liabilities,balance_sheet,2025-03-31
A1c6bfc,A65900b,Non-Investment Liabilities - Subscription Line of Credit,balance_sheet,2025-03-31
Afb9c3e,A65900b,Non-Investment Assets - Cash,balance_sheet,2025-03-31
Afb9c3e,A65900b,Non-Investment Assets - Other Assets,balance_sheet,2025-03-31
Afb9c3e,A65900b,Non-Investment Liabilities - Other Liabilities,balance_sheet,2025-03-31
Afb9c3e,A65900b,Non-Investment Liabilities - Subscription Line of Credit,balance_sheet,2025-03-31
A1ecf04,A65900b,Non-Investment Assets - Cash,balance_sheet,2025-03-31
A1ecf04,A65900b,Non-Investment Assets - Other Assets,balance_sheet,2025-03-31
A1ecf04,A65900b,Non-Investment Liabilities - Other Liabilities,balance_sheet,2025-03-31
A1ecf04,A65900b,Non-Investment Liabilities - Subscription Line of Credit,balance_sheet,2025-03-31
A2257c0,A65900b,Non-Investment Assets - Cash,balance_sheet,2025-03-31
A2257c0,A65900b,Non-Investment Assets - Other Assets,balance_sheet,2025-03-31
A2257c0,A65900b,Non-Investment Liabilities - Other Liabilities,balance_sheet,2025-03-31
A2257c0,A65900b,Non-Investment Liabilities - Subscription Line of Credit,balance_sheet,2025-03-31
Abd887e,A69ce65,Non-Investment Assets - Other Assets,balance_sheet,2025-03-31
Abd887e,A69ce65,Non-Investment Liabilities - Other Liabilities,balance_sheet,2025-03-31
Abd887e,A69ce65,Non-Investment Liabilities - Subscription Line of Credit,balance_sheet,2025-03-31
Aaab069,A69ce65,Non-Investment Assets - Cash,balance_sheet,2025-03-31
Aaab069,A69ce65,Non-Investment Assets - Other Assets,balance_sheet,2025-03-31
Aaab069,A69ce65,Non-Investment Liabilities - Other Liabilities,balance_sheet,2025-03-31
Ad2d94c,A69ce65,Non-Investment Assets - Cash,balance_sheet,2025-03-31
Ad2d94c,A69ce65,Non-Investment Assets - Other Assets,balance_sheet,2025-03-31
Ad2d94c,A69ce65,Non-Investment Liabilities - Other Liabilities,balance_sheet,2025-03-31
Ad2d94c,A69ce65,Non-Investment Liabilities - Subscription Line of Credit,balance_sheet,2025-03-31
A7eee3e,A69ce65,Non-Investment Assets - Cash,balance_sheet,2025-03-31
A7eee3e,A69ce65,Non-Investment Assets - Other Assets,balance_sheet,2025-03-31
A7eee3e,A69ce65,Non-Investment Liabilities - Other Liabilities,balance_sheet,2025-03-31
A7eee3e,A69ce65,Non-Investment Liabilities - Subscription Line of Credit,balance_sheet,2025-03-31
A775233,A6c1ccf,Non-Investment Assets - Cash,balance_sheet,2025-03-31
A775233,A6c1ccf,Non-Investment Assets - Other Assets,balance_sheet,2025-03-31
A775233,A6c1ccf,Non-Investment Liabilities - Other Liabilities,balance_sheet,2025-03-31
Aa2c385,A6c1ccf,Non-Investment Assets - Cash,balance_sheet,2025-03-31
Aa2c385,A6c1ccf,Non-Investment Assets - Other Assets,balance_sheet,2025-03-31
Aa2c385,A6c1ccf,Non-Investment Liabilities - Other Liabilities,balance_sheet,2025-03-31
A191419,A6c1ccf,Non-Investment Assets - Cash,balance_sheet,2025-03-31
A191419,A6c1ccf,Non-Investment Assets - Other Assets,balance_sheet,2025-03-31
A191419,A6c1ccf,Non-Investment Liabilities - Other Liabilities,balance_sheet,2025-03-31
A27adfb,A6c1ccf,Non-Investment Assets - Cash,balance_sheet,2025-03-31
A27adfb,A6c1ccf,Non-Investment Assets - Other Assets,balance_sheet,2025-03-31
A27adfb,A6c1ccf,Non-Investment Liabilities - Other Liabilities,balance_sheet,2025-03-31
Af3e452,A6c1ccf,Non-Investment Assets - Cash,balance_sheet,2025-03-31
Af3e452,A6c1ccf,Non-Investment Assets - Other Assets,balance_sheet,2025-03-31
Af3e452,A6c1ccf,Non-Investment Liabilities - Other Liabilities,balance_sheet,2025-03-31
Acc6f90,Ad137c9,Non-Investment Liabilities - Other Liabilities,balance_sheet,2025-03-31
Acc6f90,Ad137c9,Non-Investments Assets - Cash,balance_sheet,2025-03-31
Acc6f90,Ad137c9,Non-Investments Assets - Other assets,balance_sheet,2025-03-31
A56ea14,A44e6c2,Non-Investment Assets - Cash,balance_sheet,2025-03-31
A56ea14,A44e6c2,Non-Investment Assets - Other Assets,balance_sheet,2025-03-31
A56ea14,A44e6c2,Non-Investment Liabilities - Other Liabilities,balance_sheet,2025-03-31
A56ea14,A44e6c2,Non-Investment Liabilities - Subscription Line of Credit,balance_sheet,2025-03-31
A680edc,Aded344,Non-Investment Assets - Cash,balance_sheet,2025-03-31
A680edc,Aded344,Non-Investment Assets - Other Assets,balance_sheet,2025-03-31
A79043d,Aded344,Non-Investment Assets - Cash,balance_sheet,2025-03-31
A79043d,Aded344,Non-Investment Assets - Other Assets,balance_sheet,2025-03-31
A396ea8,Aded344,Non-Investment Assets - Cash,balance_sheet,2025-03-31
A396ea8,Aded344,Non-Investment Liabilities - Other Liabilities,balance_sheet,2025-03-31
Ab7dccf,Aded344,Non-Investment Assets - Cash,balance_sheet,2025-03-31
Ab7dccf,Aded344,Non-Investment Assets - Other Assets,balance_sheet,2025-03-31
Ae5aac1,Aded344,Non-Investment Assets - Cash,balance_sheet,2025-03-31
Ae5aac1,Aded344,Non-Investment Assets - Other Assets,balance_sheet,2025-03-31
A4f0eca,A2d789a,Non-Investment Assets - Cash,balance_sheet,2025-03-31
A4f0eca,A2d789a,Non-Investment Assets - Other Assets,balance_sheet,2025-03-31
A4f0eca,A2d789a,Non-Investment Liabilities - Other Liabilities,balance_sheet,2025-03-31
A21846d,A2d789a,ASC 740-10 Accrual,accounting_entry,2025-03-31
A21846d,A2d789a,Non-Investment Assets - Cash,balance_sheet,2025-03-31
A21846d,A2d789a,Non-Investment Assets - Other Assets,balance_sheet,2025-03-31
A21846d,A2d789a,Non-Investment Liabilities - Other Liabilities,balance_sheet,2025-03-31
A21846d,A2d789a,Quarterly Unrealized Gain/Loss,accounting_entry,2025-03-31
Ae848ec,A2d789a,ASC 740-10 Accrual,accounting_entry,2025-03-31
Ae848ec,A2d789a,Non-Investment Assets - Cash,balance_sheet,2025-03-31
Ae848ec,A2d789a,Non-Investment Assets - Other Assets,balance_sheet,2025-03-31
Ae848ec,A2d789a,Non-Investment Liabilities - Other Liabilities,balance_sheet,2025-03-31
Ae848ec,A2d789a,Quarterly Unrealized Gain/Loss,accounting_entry,2025-03-31
A1e1987,A2d789a,ASC 740-10 Accrual,accounting_entry,2025-03-31
A1e1987,A2d789a,Non-Investment Assets - Cash,balance_sheet,2025-03-31
A1e1987,A2d789a,Non-Investment Assets - Other Assets,balance_sheet,2025-03-31
A1e1987,A2d789a,Non-Investment Liabilities - Other Liabilities,balance_sheet,2025-03-31
A1e1987,A2d789a,Quarterly Unrealized Gain/Loss,accounting_entry,2025-03-31
A14ab79,A2d789a,ASC 740-10 Accrual,accounting_entry,2025-03-31
A14ab79,A2d789a,Non-Investment Assets - Cash,balance_sheet,2025-03-31
A14ab79,A2d789a,Non-Investment Assets - Other Assets,balance_sheet,2025-03-31
A14ab79,A2d789a,Non-Investment Liabilities - Other Liabilities,balance_sheet,2025-03-31
A14ab79,A2d789a,Quarterly Unrealized Gain/Loss,accounting_entry,2025-03-31
Ae1b92f,A2d789a,ASC 740-10 Accrual,accounting_entry,2025-03-31
Ae1b92f,A2d789a,Non-Investment Assets - Cash,balance_sheet,2025-03-31
Ae1b92f,A2d789a,Non-Investment Assets - Other Assets,balance_sheet,2025-03-31
Ae1b92f,A2d789a,Non-Investment Liabilities - Other Liabilities,balance_sheet,2025-03-31
Ae1b92f,A2d789a,Quarterly Unrealized Gain/Loss,accounting_entry,2025-03-31
A97e381,A2d789a,ASC 740-10 Accrual,accounting_entry,2025-03-31
A97e381,A2d789a,Non-Investment Assets - Cash,balance_sheet,2025-03-31
A97e381,A2d789a,Non-Investment Liabilities - Other Liabilities,balance_sheet,2025-03-31
Ade1748,A2d789a,ASC 740-10 Accrual,accounting_entry,2025-03-31
Ade1748,A2d789a,Non-Investment Assets - Cash,balance_sheet,2025-03-31
Ade1748,A2d789a,Non-Investment Liabilities - Other Liabilities,balance_sheet,2025-03-31
Ade1748,A2d789a,Quarterly Unrealized Gain/Loss,accounting_entry,2025-03-31
A8cdb70,A2d789a,ASC 740-10 Accrual,accounting_entry,2025-03-31
A8cdb70,A2d789a,Non-Investment Assets - Cash,balance_sheet,2025-03-31
A8cdb70,A2d789a,Non-Investment Liabilities - Other Liabilities,balance_sheet,2025-03-31
A8cdb70,A2d789a,Quarterly Unrealized Gain/Loss,accounting_entry,2025-03-31
A1f001f,A2d789a,ASC 740-10 Accrual,accounting_entry,2025-03-31
A1f001f,A2d789a,Non-Investment Assets - Cash,balance_sheet,2025-03-31
A1f001f,A2d789a,Non-Investment Liabilities - Other Liabilities,balance_sheet,2025-03-31
A1f001f,A2d789a,Quarterly Unrealized Gain/Loss,accounting_entry,2025-03-31
Acd9669,A2d789a,ASC 740-10 Accrual,accounting_entry,2025-03-31
Acd9669,A2d789a,Non-Investment Assets - Cash,balance_sheet,2025-03-31
Acd9669,A2d789a,Non-Investment Assets - Other Assets,balance_sheet,2025-03-31
Acd9669,A2d789a,Non-Investment Liabilities - Other Liabilities,balance_sheet,2025-03-31
Acd9669,A2d789a,Quarterly Unrealized Gain/Loss,accounting_entry,2025-03-31
A07e679,A2d789a,ASC 740-10 Accrual,accounting_entry,2025-03-31
A07e679,A2d789a,Non-Investment Assets - Cash,balance_sheet,2025-03-31
A07e679,A2d789a,Non-Investment Assets - Other Assets,balance_sheet,2025-03-31
A07e679,A2d789a,Non-Investment Liabilities - Other Liabilities,balance_sheet,2025-03-31
A07e679,A2d789a,Quarterly Unrealized Gain/Loss,accounting_entry,2025-03-31
Ab2a293,A2d789a,ASC 740-10 Accrual,accounting_entry,2025-03-31
Ab2a293,A2d789a,Non-Investment Assets - Cash,balance_sheet,2025-03-31
Ab2a293,A2d789a,Non-Investment Assets - Other Assets,balance_sheet,2025-03-31
Ab2a293,A2d789a,Non-Investment Liabilities - Other Liabilities,balance_sheet,2025-03-31
Ab2a293,A2d789a,Quarterly Unrealized Gain/Loss,accounting_entry,2025-03-31
Aabfb4f,A2d789a,ASC 740-10 Accrual,accounting_entry,2025-03-31
Aabfb4f,A2d789a,Non-Investment Assets - Cash,balance_sheet,2025-03-31
Aabfb4f,A2d789a,Non-Investment Assets - Other Assets,balance_sheet,2025-03-31
Aabfb4f,A2d789a,Non-Investment Liabilities - Other Liabilities,balance_sheet,2025-03-31
Aabfb4f,A2d789a,Quarterly Unrealized Gain/Loss,accounting_entry,2025-03-31
A159f57,A2d789a,ASC 740-10 Accrual,accounting_entry,2025-03-31
A159f57,A2d789a,Non-Investment Assets - Cash,balance_sheet,2025-03-31
A159f57,A2d789a,Non-Investment Assets - Other Assets,balance_sheet,2025-03-31
A159f57,A2d789a,Non-Investment Liabilities - Other Liabilities,balance_sheet,2025-03-31
A159f57,A2d789a,Quarterly Unrealized Gain/Loss,accounting_entry,2025-03-31
Af38835,A2d789a,ASC 740-10 Accrual,accounting_entry,2025-03-31
Af38835,A2d789a,Non-Investment Assets - Cash,balance_sheet,2025-03-31
Af38835,A2d789a,Non-Investment Assets - Other Assets,balance_sheet,2025-03-31
Af38835,A2d789a,Non-Investment Liabilities - Other Liabilities,balance_sheet,2025-03-31
Af38835,A2d789a,Quarterly Unrealized Gain/Loss,accounting_entry,2025-03-31
Ae1bc14,A2d789a,ASC 740-10 Accrual,accounting_entry,2025-03-31
Ae1bc14,A2d789a,Non-Investment Assets - Cash,balance_sheet,2025-03-31
Ae1bc14,A2d789a,Non-Investment Assets - Other Assets,balance_sheet,2025-03-31
Ae1bc14,A2d789a,Non-Investment Liabilities - Other Liabilities,balance_sheet,2025-03-31
Ae1bc14,A2d789a,Quarterly Unrealized Gain/Loss,accounting_entry,2025-03-31
Ad1697b,A2d789a,ASC 740-10 Accrual,accounting_entry,2025-03-31
Ad1697b,A2d789a,Non-Investment Assets - Cash,balance_sheet,2025-03-31
Ad1697b,A2d789a,Non-Investment Assets - Other Assets,balance_sheet,2025-03-31
Ad1697b,A2d789a,Non-Investment Liabilities - Other Liabilities,balance_sheet,2025-03-31
Ad1697b,A2d789a,Quarterly Unrealized Gain/Loss,accounting_entry,2025-03-31
A84826f,A2d789a,ASC 740-10 Accrual,accounting_entry,2025-03-31
A84826f,A2d789a,Non-Investment Assets - Cash,balance_sheet,2025-03-31
A84826f,A2d789a,Non-Investment Assets - Other Assets,balance_sheet,2025-03-31
A84826f,A2d789a,Non-Investment Liabilities - Other Liabilities,balance_sheet,2025-03-31
A84826f,A2d789a,Quarterly Unrealized Gain/Loss,accounting_entry,2025-03-31
A828a39,A7b259c,Non-Investment Assets - Cash,balance_sheet,2025-03-31
A828a39,A7b259c,Non-Investment Assets - Other Assets,balance_sheet,2025-03-31
A828a39,A7b259c,Non-Investment Liabilities - Other Liabilities,balance_sheet,2025-03-31
A828a39,A7b259c,Non-Investment Liabilities - Subscription Line of Credit,balance_sheet,2025-03-31
A6e113b,A7b259c,Non-Investment Assets - Cash,balance_sheet,2025-03-31
A6e113b,A7b259c,Non-Investment Assets - Other Assets,balance_sheet,2025-03-31
A6e113b,A7b259c,Non-Investment Liabilities - Other Liabilities,balance_sheet,2025-03-31
A6e113b,A7b259c,Non-Investment Liabilities - Subscription Line of Credit,balance_sheet,2025-03-31
Adbd48d,A01041e,Non-Investment Assets - Cash,balance_sheet,2025-03-31
Adbd48d,A01041e,Non-Investment Assets - Other Assets,balance_sheet,2025-03-31
Adbd48d,A01041e,Non-Investment Liabilities - Other Liabilities,balance_sheet,2025-03-31
A751851,A8e74aa,Non-Investment Assets - Cash,balance_sheet,2025-03-31
A751851,A8e74aa,Non-Investment Liabilities - Other Liabilities,balance_sheet,2025-03-31
Ac1eb23,A8e74aa,Non-Investment Assets - Cash,balance_sheet,2025-03-31
Ac1eb23,A8e74aa,Non-Investment Assets - Other Assets,balance_sheet,2025-03-31
Ac1eb23,A8e74aa,Non-Investment Liabilities - Other Liabilities,balance_sheet,2025-03-31
A41fefa,A8d1733,Non-Investment Assets - Cash,balance_sheet,2025-03-31
A41fefa,A8d1733,Non-Investment Assets - Other Assets,balance_sheet,2025-03-31
A41fefa,A8d1733,Non-Investment Liabilities - Other Liabilities,balance_sheet,2025-03-31
A5bb3fe,A8d1733,Non-Investment Assets - Cash,balance_sheet,2025-03-31
A5bb3fe,A8d1733,Non-Investment Assets - Other Assets,balance_sheet,2025-03-31
A5bb3fe,A8d1733,Non-Investment Liabilities - Other Liabilities,balance_sheet,2025-03-31
A80b715,A8d1733,Non-Investment Assets - Cash,balance_sheet,2025-03-31
A80b715,A8d1733,Non-Investment Assets - Other Assets,balance_sheet,2025-03-31
A80b715,A8d1733,Non-Investment Liabilities - Other Liabilities,balance_sheet,2025-03-31
A28d8b6,A7b4b7c,Non-Investment Assets - Cash,balance_sheet,2025-03-31
A28d8b6,A7b4b7c,Non-Investment Assets - Other Assets,balance_sheet,2025-03-31
A28d8b6,A7b4b7c,Non-Investment Liabilities - Other Liabilities,balance_sheet,2025-03-31
Aaa2cfe,A7b4b7c,Non-Investment Assets - Cash,balance_sheet,2025-03-31
Aaa2cfe,A7b4b7c,Non-Investment Assets - Other Assets,balance_sheet,2025-03-31
Aaa2cfe,A7b4b7c,Non-Investment Liabilities - Other Liabilities,balance_sheet,2025-03-31
A51255c,A7b4b7c,Non-Investment Assets - Cash,balance_sheet,2025-03-31
A51255c,A7b4b7c,Non-Investment Assets - Other Assets,balance_sheet,2025-03-31
A51255c,A7b4b7c,Non-Investment Liabilities - Other Liabilities,balance_sheet,2025-03-31
A06207a,A7b4b7c,Non-Investment Assets - Cash,balance_sheet,2025-03-31
A06207a,A7b4b7c,Non-Investment Assets - Other Assets,balance_sheet,2025-03-31
A06207a,A7b4b7c,Non-Investment Liabilities - Other Liabilities,balance_sheet,2025-03-31
A6a1271,Ab9d621,Non-Investment Assets - Cash,balance_sheet,2025-03-31
A6a1271,Ab9d621,Non-Investment Assets - Other Assets,balance_sheet,2025-03-31
A6a1271,Ab9d621,Non-Investment Liabilities - Other Liabilities,balance_sheet,2025-03-31
Ab560d4,Aac22ed,Non-Investment Assets - Cash,balance_sheet,2025-03-31
Ab560d4,Aac22ed,Non-Investment Assets - Other Assets,balance_sheet,2025-03-31
Ab560d4,Aac22ed,Non-Investment Liabilities - Other Liabilities,balance_sheet,2025-03-31
A6bfae0,Aac22ed,Non-Investment Assets - Cash,balance_sheet,2025-03-31
A6bfae0,Aac22ed,Non-Investment Assets - Other Assets,balance_sheet,2025-03-31
A6bfae0,Aac22ed,Non-Investment Liabilities - Other Liabilities,balance_sheet,2025-03-31
A6bfae0,Aac22ed,Realized Proceeds Applied to Loan Repayment,accounting_entry,2025-03-31
A8ff6ae,Ab9d621,Non-Investment Assets - Cash,balance_sheet,2025-03-31
A8ff6ae,Ab9d621,Non-Investment Assets - Other Assets,balance_sheet,2025-03-31
Abacebf,Ab9d621,Non-Investment Assets - Other Assets,balance_sheet,2025-03-31
Abacebf,Ab9d621,Non-Investment Liabilities - Other Liabilities,balance_sheet,2025-03-31
Ad880d6,Ab9d621,Non-Investment Assets - Cash,balance_sheet,2025-03-31
Ad880d6,Ab9d621,Non-Investment Assets - Other Assets,balance_sheet,2025-03-31
Ad880d6,Ab9d621,Non-Investment Liabilities - Other Liabilities,balance_sheet,2025-03-31
A86b250,A4a1f26,Non-Investment Assets - Cash,balance_sheet,2025-03-31
A86b250,A4a1f26,Non-Investment Assets - Other Assets,balance_sheet,2025-03-31
A86b250,A4a1f26,Non-Investment Liabilities - Other Liabilities,balance_sheet,2025-03-31
A7906e8,A4a1f26,Non-Investment Assets - Cash,balance_sheet,2025-03-31
A7906e8,A4a1f26,Non-Investment Assets - Other Assets,balance_sheet,2025-03-31
A7906e8,A4a1f26,Non-Investment Liabilities - Other Liabilities,balance_sheet,2025-03-31
A72c0d9,A4a1f26,Non-Investment Assets - Cash,balance_sheet,2025-03-31
A72c0d9,A4a1f26,Non-Investment Assets - Other Assets,balance_sheet,2025-03-31
A72c0d9,A4a1f26,Non-Investment Liabilities - Other Liabilities,balance_sheet,2025-03-31
A4081d6,A4a1f26,Non-Investment Assets - Cash,balance_sheet,2025-03-31
A4081d6,A4a1f26,Non-Investment Assets - Other Assets,balance_sheet,2025-03-31
A4081d6,A4a1f26,Non-Investment Liabilities - Other Liabilities,balance_sheet,2025-03-31
A4081d6,A4a1f26,Non-Investment Liabilities - Subscription Line of Credit,balance_sheet,2025-03-31
A2cf5a1,A4a1f26,Non-Investment Assets - Cash,balance_sheet,2025-03-31
A2cf5a1,A4a1f26,Non-Investment Assets - Other Assets,balance_sheet,2025-03-31
A2cf5a1,A4a1f26,Non-Investment Liabilities - Other Liabilities,balance_sheet,2025-03-31
A471573,A4a1f26,Non-Investment Assets - Cash,balance_sheet,2025-03-31
A471573,A4a1f26,Non-Investment Assets - Other Assets,balance_sheet,2025-03-31
A471573,A4a1f26,Non-Investment Liabilities - Other Liabilities,balance_sheet,2025-03-31
Aa98e63,Aa130ea,Non-Investment Assets - Cash,balance_sheet,2025-03-31
Aa98e63,Aa130ea,Non-Investment Assets - Other Assets,balance_sheet,2025-03-31
Aa98e63,Aa130ea,Non-Investment Liabilities - Other Liabilities,balance_sheet,2025-03-31
Af5fed4,Aa130ea,Non-Investment Assets - Cash,balance_sheet,2025-03-31
Af5fed4,Aa130ea,Non-Investment Assets - Other Assets,balance_sheet,2025-03-31
Af5fed4,Aa130ea,Non-Investment Liabilities - Other Liabilities,balance_sheet,2025-03-31
A86e0b1,Aa130ea,Non-Investment Assets - Cash,balance_sheet,2025-03-31
A86e0b1,Aa130ea,Non-Investment Assets - Other Assets,balance_sheet,2025-03-31
A86e0b1,Aa130ea,Non-Investment Liabilities - Other Liabilities,balance_sheet,2025-03-31
A096a41,Aa130ea,Non-Investment Assets - Cash,balance_sheet,2025-03-31
A096a41,Aa130ea,Non-Investment Assets - Other Assets,balance_sheet,2025-03-31
A096a41,Aa130ea,Non-Investment Liabilities - Other Liabilities,balance_sheet,2025-03-31
Accb8dc,A128c7a,Non-Investment Assets - Cash,balance_sheet,2025-03-31
Accb8dc,A128c7a,Non-Investment Assets - Other Assets,balance_sheet,2025-03-31
Accb8dc,A128c7a,Non-Investment Liabilities - Other Liabilities,balance_sheet,2025-03-31
A60210b,A128c7a,Non-Investment Assets - Cash,balance_sheet,2025-03-31
A60210b,A128c7a,Non-Investment Assets - Other Assets,balance_sheet,2025-03-31
A60210b,A128c7a,Non-Investment Liabilities - Other Liabilities,balance_sheet,2025-03-31
A60210b,A128c7a,Non-Investment Liabilities - Subscription Line of Credit,balance_sheet,2025-03-31
Aeccf59,Af0082f,Non-Investment Assets - Cash,balance_sheet,2025-03-31
Aeccf59,Af0082f,Non-Investment Assets - Other Assets,balance_sheet,2025-03-31
Aeccf59,Af0082f,Non-Investment Liabilities - Other Liabilities,balance_sheet,2025-03-31
A65fb68,Af0082f,Non-Investment Assets - Cash,balance_sheet,2025-03-31
A65fb68,Af0082f,Non-Investment Assets - Other Assets,balance_sheet,2025-03-31
A65fb68,Af0082f,Non-Investment Liabilities - Other Liabilities,balance_sheet,2025-03-31
A9859d3,Af0082f,Non-Investment Assets - Cash,balance_sheet,2025-03-31
A9859d3,Af0082f,Non-Investment Assets - Other Assets,balance_sheet,2025-03-31
A9859d3,Af0082f,Non-Investment Liabilities - Other Liabilities,balance_sheet,2025-03-31
A80ede9,Af0082f,Non-Investment Assets - Cash,balance_sheet,2025-03-31
A80ede9,Af0082f,Non-Investment Assets - Other Assets,balance_sheet,2025-03-31
A80ede9,Af0082f,Non-Investment Liabilities - Other Liabilities,balance_sheet,2025-03-31
A72f874,Af0082f,Non-Investment Assets - Cash,balance_sheet,2025-03-31
A72f874,Af0082f,Non-Investment Assets - Other Assets,balance_sheet,2025-03-31
A72f874,Af0082f,Non-Investment Liabilities - Other Liabilities,balance_sheet,2025-03-31
A2234f1,A12c595,Non-Investment Assets - Cash,balance_sheet,2025-03-31
A2234f1,A12c595,Non-Investment Assets - Other Assets,balance_sheet,2025-03-31
A2234f1,A12c595,Non-Investment Liabilities - Other Liabilities,balance_sheet,2025-03-31
A2234f1,A12c595,Pending Escrow,accounting_entry,2025-03-31
Aab52e1,Acc91f3,Cumulative unrealized loss from foreign currency translation,accounting_entry,2025-03-31
Aab52e1,Acc91f3,Non-Investment Assets - Cash,balance_sheet,2025-03-31
Aab52e1,Acc91f3,Non-Investment Assets - Other Assets,balance_sheet,2025-03-31
Aab52e1,Acc91f3,Non-Investment Liabilities - Other Liabilities,balance_sheet,2025-03-31
A3d41c0,Acc91f3,Cumulative unrealized loss from foreign currency translation,accounting_entry,2025-03-31
A3d41c0,Acc91f3,Non-Investment Assets - Cash,balance_sheet,2025-03-31
A3d41c0,Acc91f3,Non-Investment Assets - Other Assets,balance_sheet,2025-03-31
A3d41c0,Acc91f3,Non-Investment Liabilities - Other Liabilities,balance_sheet,2025-03-31
A2f629e,Acc91f3,Cumulative unrealized loss from foreign currency translation,accounting_entry,2025-03-31
A2f629e,Acc91f3,Non-Investment Assets - Cash,balance_sheet,2025-03-31
A2f629e,Acc91f3,Non-Investment Assets - Other Assets,balance_sheet,2025-03-31
A2f629e,Acc91f3,Non-Investment Liabilities - Other Liabilities,balance_sheet,2025-03-31
A51914b,Acc91f3,Foreign Currency Translation,accounting_entry,2025-03-31
A51914b,Acc91f3,Non-Investment Assets - Cash,balance_sheet,2025-03-31
A51914b,Acc91f3,Non-Investment Assets - Other Assets,balance_sheet,2025-03-31
A51914b,Acc91f3,Non-Investment Liabilities - Other Liabilities,balance_sheet,2025-03-31
Aef37a9,A12c595,Non-Investment Assets - Cash,balance_sheet,2025-03-31
Aef37a9,A12c595,Non-Investment Assets - Other Assets,balance_sheet,2025-03-31
Aef37a9,A12c595,Non-Investment Liabilities - Other Liabilities,balance_sheet,2025-03-31
A77a5f6,A12c595,Non-Investment Assets - Cash,balance_sheet,2025-03-31
A77a5f6,A12c595,Non-Investment Assets - Other Assets,balance_sheet,2025-03-31
A77a5f6,A12c595,Non-Investment Liabilities - Other Liabilities,balance_sheet,2025-03-31
A23025c,A12c595,Non-Investment Assets - Cash,balance_sheet,2025-03-31
A23025c,A12c595,Non-Investment Assets - Other Assets,balance_sheet,2025-03-31
A23025c,A12c595,Non-Investment Liabilities - Other Liabilities,balance_sheet,2025-03-31
A23025c,A12c595,Pending Escrow,accounting_entry,2025-03-31
Ab1beeb,A6a2191,Non-Investment Assets - Cash,balance_sheet,2025-03-31
Ab1beeb,A6a2191,Non-Investment Assets - Other Assets,balance_sheet,2025-03-31
Ab1beeb,A6a2191,Non-Investment Liabilities - Other Liabilities,balance_sheet,2025-03-31
A6e9d21,A899074,Non-Investment Assets - Cash,balance_sheet,2025-03-31
A6e9d21,A899074,Non-Investment Assets - Other Assets,balance_sheet,2025-03-31
A6e9d21,A899074,Non-Investment Liabilities - Other Liabilities,balance_sheet,2025-03-31
A8b6332,A899074,Non-Investment Assets - Cash,balance_sheet,2025-03-31
A8b6332,A899074,Non-Investment Assets - Other Assets,balance_sheet,2025-03-31
A8b6332,A899074,Non-Investment Liabilities - Other Liabilities,balance_sheet,2025-03-31
Ab781b9,A899074,Non-Investment Assets - Cash,balance_sheet,2025-03-31
Ab781b9,A899074,Non-Investment Assets - Other Assets,balance_sheet,2025-03-31
Ab781b9,A899074,Non-Investment Liabilities - Other Liabilities,balance_sheet,2025-03-31
A19d854,A899074,Non-Investment Assets - Cash,balance_sheet,2025-03-31
A19d854,A899074,Non-Investment Assets - Other Assets,balance_sheet,2025-03-31
A19d854,A899074,Non-Investment Liabilities - Other Liabilities,balance_sheet,2025-03-31
Af75e33,A4d29bc,Non-Investment Assets - Cash,balance_sheet,2025-03-31
Af75e33,A4d29bc,Non-Investment Assets - Other Assets,balance_sheet,2025-03-31
Af75e33,A4d29bc,Non-Investment Liabilities - Other Liabilities,balance_sheet,2025-03-31
A1cecbf,A372a3f,Non-Investment Assets - Cash,balance_sheet,2025-03-31
A1cecbf,A372a3f,Non-Investment Liabilities - Other Liabilities,balance_sheet,2025-03-31
A4ff743,A372a3f,Non-Investment Assets - Cash,balance_sheet,2025-03-31
A4ff743,A372a3f,Non-Investment Liabilities - Other Liabilities,balance_sheet,2025-03-31
A32ca97,Ac1f496,Non-Investment Assets - Cash,balance_sheet,2025-03-31
A32ca97,Ac1f496,Non-Investment Assets - Other Assets,balance_sheet,2025-03-31
A32ca97,Ac1f496,Non-Investment Liabilities - Other Liabilities,balance_sheet,2025-03-31
A32ca97,Ac1f496,Non-Investment Liabilities - Subscription Line of Credit,balance_sheet,2025-03-31
A7d911d,A3d16f4,Non-Investment Assets - Cash,balance_sheet,2025-03-31
A7d911d,A3d16f4,Non-Investment Assets - Other Assets,balance_sheet,2025-03-31
A7d911d,A3d16f4,Non-Investment Liabilities - Other Liabilities,balance_sheet,2025-03-31
A7dba47,A3d16f4,Non-Investment Assets - Cash,balance_sheet,2025-03-31
A7dba47,A3d16f4,Non-Investment Assets - Other Assets,balance_sheet,2025-03-31
A7dba47,A3d16f4,Non-Investment Liabilities - Other Liabilities,balance_sheet,2025-03-31
A7e6207,A3d16f4,Non-Investment Assets - Cash,balance_sheet,2025-03-31
A7e6207,A3d16f4,Non-Investment Assets - Other Assets,balance_sheet,2025-03-31
A7e6207,A3d16f4,Non-Investment Liabilities - Other Liabilities,balance_sheet,2025-03-31
A7e6207,A3d16f4,Non-Investment Liabilities - Subscription Line of Credit,balance_sheet,2025-03-31
A8cbf09,A3d16f4,Non-Investment Assets - Cash,balance_sheet,2025-03-31
A8cbf09,A3d16f4,Non-Investment Assets - Other Assets,balance_sheet,2025-03-31
A8cbf09,A3d16f4,Non-Investment Liabilities - Other Liabilities,balance_sheet,2025-03-31
A8cbf09,A3d16f4,Non-Investment Liabilities - Subscription Line of Credit,balance_sheet,2025-03-31
A4923d3,A3d16f4,Non-Investment Assets - Cash,balance_sheet,2025-03-31
A4923d3,A3d16f4,Non-Investment Assets - Other Assets,balance_sheet,2025-03-31
A4923d3,A3d16f4,Non-Investment Liabilities - Other Liabilities,balance_sheet,2025-03-31
A1f3d5e,A4f8dbc,Non-Investment Assets - Cash,balance_sheet,2025-03-31
A1f3d5e,A4f8dbc,Non-Investment Assets - Other Assets,balance_sheet,2025-03-31
A1f3d5e,A4f8dbc,Non-Investment Liabilities - Other Liabilities,balance_sheet,2025-03-31
Afd067a,A945638,Non-Investment Assets - Cash,balance_sheet,2025-03-31
Afd067a,A945638,Non-Investment Assets - Other Assets,balance_sheet,2025-03-31
Afd067a,A945638,Non-Investment Liabilities - Other Liabilities,balance_sheet,2025-03-31
Afd067a,A945638,Quarterly Unrealized Gain/Loss,accounting_entry,2025-03-31
Ad8891c,A945638,Non-Investment Assets - Cash,balance_sheet,2025-03-31
Ad8891c,A945638,Non-Investment Assets - Other Assets,balance_sheet,2025-03-31
Ad8891c,A945638,Non-Investment Liabilities - Other Liabilities,balance_sheet,2025-03-31
Ad8891c,A945638,Quarterly Unrealized Gain/Loss,accounting_entry,2025-03-31
A7b4ffd,A945638,Non-Investment Assets - Cash,balance_sheet,2025-03-31
A7b4ffd,A945638,Non-Investment Assets - Other Assets,balance_sheet,2025-03-31
A7b4ffd,A945638,Non-Investment Liabilities - Other Liabilities,balance_sheet,2025-03-31
A7b4ffd,A945638,Quarterly Unrealized Gain/Loss,accounting_entry,2025-03-31
A557ea2,A945638,Non-Investment Assets - Cash,balance_sheet,2025-03-31
A557ea2,A945638,Non-Investment Liabilities - Other Liabilities,balance_sheet,2025-03-31
A557ea2,A945638,Quarterly Unrealized Gain/Loss,accounting_entry,2025-03-31
A83c2dd,A945638,Non-Investment Assets - Cash,balance_sheet,2025-03-31
A83c2dd,A945638,Non-Investment Assets - Other Assets,balance_sheet,2025-03-31
A83c2dd,A945638,Non-Investment Liabilities - Other Liabilities,balance_sheet,2025-03-31
A83c2dd,A945638,Quarterly Unrealized Gain/Loss,accounting_entry,2025-03-31
A51d5e4,A945638,Non-Investment Assets - Cash,balance_sheet,2025-03-31
A51d5e4,A945638,Non-Investment Assets - Other Assets,balance_sheet,2025-03-31
A51d5e4,A945638,Non-Investment Liabilities - Other Liabilities,balance_sheet,2025-03-31
A51d5e4,A945638,Quarterly Unrealized Gain/Loss,accounting_entry,2025-03-31
A16c87d,A945638,Non-Investment Assets - Cash,balance_sheet,2025-03-31
A16c87d,A945638,Non-Investment Assets - Other Assets,balance_sheet,2025-03-31
A16c87d,A945638,Non-Investment Liabilities - Other Liabilities,balance_sheet,2025-03-31
A16c87d,A945638,Quarterly Unrealized Gain/Loss,accounting_entry,2025-03-31
A5a0710,A945638,Non-Investment Assets - Cash,balance_sheet,2025-03-31
A5a0710,A945638,Non-Investment Assets - Other Assets,balance_sheet,2025-03-31
A5a0710,A945638,Non-Investment Liabilities - Other Liabilities,balance_sheet,2025-03-31
A5a0710,A945638,Quarterly Unrealized Gain/Loss,accounting_entry,2025-03-31
A479270,A945638,Non-Investment Assets - Cash,balance_sheet,2025-03-31
A479270,A945638,Non-Investment Assets - Other Assets,balance_sheet,2025-03-31
A479270,A945638,Non-Investment Liabilities - Other Liabilities,balance_sheet,2025-03-31
A479270,A945638,Quarterly Unrealized Gain/Loss,accounting_entry,2025-03-31
A6019fe,A945638,Non-Investment Assets - Cash,balance_sheet,2025-03-31
A6019fe,A945638,Non-Investment Assets - Other Assets,balance_sheet,2025-03-31
A6019fe,A945638,Non-Investment Liabilities - Other Liabilities,balance_sheet,2025-03-31
A6019fe,A945638,Quarterly Unrealized Gain/Loss,accounting_entry,2025-03-31
A43c056,A945638,Non-Investment Assets - Cash,balance_sheet,2025-03-31
A43c056,A945638,Non-Investment Liabilities - Other Liabilities,balance_sheet,2025-03-31
A43c056,A945638,Quarterly Unrealized Gain/Loss,accounting_entry,2025-03-31
Ae1ec02,A945638,Non-Investment Assets - Cash,balance_sheet,2025-03-31
Ae1ec02,A945638,Non-Investment Liabilities - Other Liabilities,balance_sheet,2025-03-31
Ae1ec02,A945638,Quarterly Unrealized Gain/Loss,accounting_entry,2025-03-31
A8244d8,Ab02df9,Non-Investment Assets - Cash,balance_sheet,2025-03-31
A8244d8,Ab02df9,Non-Investment Assets - Other Assets,balance_sheet,2025-03-31
A8244d8,Ab02df9,Non-Investment Liabilities - Other Liabilities,balance_sheet,2025-03-31
Ad6bb64,Ab02df9,Non-Investment Assets - Cash,balance_sheet,2025-03-31
Ad6bb64,Ab02df9,Non-Investment Assets - Other assets,balance_sheet,2025-03-31
Ad6bb64,Ab02df9,Non-Investment Liabilities - Other Liabilities,balance_sheet,2025-03-31
Ad6bb64,Ab02df9,Non-Investment Liabilities - Subscription Line of Credit,balance_sheet,2025-03-31
Abb96b2,Ab02df9,Non-Investment Assets - Cash and cash equivalents,balance_sheet,2025-03-31
Abb96b2,Ab02df9,Non-Investment Assets - Other assets,balance_sheet,2025-03-31
Abb96b2,Ab02df9,Non-Investment Liabilities - Accounts payable,balance_sheet,2025-03-31
Afb294f,A4a62c2,Non-Investment Assets - Cash,balance_sheet,2025-03-31
Afb294f,A4a62c2,Non-Investment Assets - Other Assets,balance_sheet,2025-03-31
Afb294f,A4a62c2,Non-Investment Liabilities - Other Liabilities,balance_sheet,2025-03-31
Afb294f,A4a62c2,Quarterly Unrealized Gain/Loss,accounting_entry,2025-03-31
Ac01bd2,A4a62c2,Non-Investment Assets - Cash,balance_sheet,2025-03-31
Ac01bd2,A4a62c2,Non-Investment Assets - Other Assets,balance_sheet,2025-03-31
Ac01bd2,A4a62c2,Non-Investment Liabilities - Other Liabilities,balance_sheet,2025-03-31
Ac01bd2,A4a62c2,Quarterly Unrealized Gain/Loss,accounting_entry,2025-03-31
A729d8b,A4a62c2,Non-Investment Assets - Cash,balance_sheet,2025-03-31
A729d8b,A4a62c2,Non-Investment Assets - Other Assets,balance_sheet,2025-03-31
A729d8b,A4a62c2,Non-Investment Liabilities - Other Liabilities,balance_sheet,2025-03-31
A729d8b,A4a62c2,Quarterly Unrealized Gain/Loss,accounting_entry,2025-03-31
Ac33ef9,A0f94cb,Non-Investment Assets - Cash,balance_sheet,2025-03-31
Ac33ef9,A0f94cb,Non-Investment Assets - Other Assets,balance_sheet,2025-03-31
Ac33ef9,A0f94cb,Non-Investment Liabilities - Other Liabilities,balance_sheet,2025-03-31
Ab0a5da,A7dd292,Non-Investment Assets - Cash,balance_sheet,2025-03-31
Ab0a5da,A7dd292,Non-Investment Liabilities - Other Liabilities,balance_sheet,2025-03-31
A2799f7,A9b5f84,Non-Investment Assets - Cash,balance_sheet,2025-03-31
A2799f7,A9b5f84,Non-Investment Assets - Other Assets,balance_sheet,2025-03-31
A2799f7,A9b5f84,Non-Investment Liabilities - Other Liabilities,balance_sheet,2025-03-31
A9b3aeb,A9b5f84,Non-Investment Assets - Cash,balance_sheet,2025-03-31
A9b3aeb,A9b5f84,Non-Investment Assets - Other Assets,balance_sheet,2025-03-31
A9b3aeb,A9b5f84,Non-Investment Liabilities - Other Liabilities,balance_sheet,2025-03-31
A3fdcff,A8bd477,Non-Investment Liabilities - Other Liabilities,balance_sheet,2025-03-31
Aff00c9,A02306d,Non-Investment Assets - Cash,balance_sheet,2025-03-31
Aff00c9,A02306d,Non-Investment Assets - Other assets,balance_sheet,2025-03-31
Aff00c9,A02306d,Non-Investment Liabilities - Other Liabilities,balance_sheet,2025-03-31
A0af6ce,A02306d,Non-Investment Assets - Cash,balance_sheet,2025-03-31
A0af6ce,A02306d,Non-Investment Assets - Other Assets,balance_sheet,2025-03-31
A0af6ce,A02306d,Non-Investment Liabilities - Other Liabilities,balance_sheet,2025-03-31
A1d6a44,A02306d,Non-Investment Assets - Cash,balance_sheet,2025-03-31
A1d6a44,A02306d,Non-Investment Liabilities - Other Liabilities,balance_sheet,2025-03-31
A5bfee3,A6a28da,Non-Investment Assets - Cash,balance_sheet,2025-03-31
A5bfee3,A6a28da,Non-Investment Assets - Other Assets,balance_sheet,2025-03-31
A5bfee3,A6a28da,Non-Investment Liabilities - Other Liabilities,balance_sheet,2025-03-31
Aec91fb,Aeedbe6,Non-Investment Assets - Cash,balance_sheet,2025-03-31
Aec91fb,Aeedbe6,Non-Investment Liabilities - Other Liabilities,balance_sheet,2025-03-31
A3cde4b,Aeedbe6,Non-Investment Assets - Cash,balance_sheet,2025-03-31
A3cde4b,Aeedbe6,Non-Investment Assets - Other Assets,balance_sheet,2025-03-31
A3cde4b,Aeedbe6,Non-Investment Liabilities - Other Liabilities,balance_sheet,2025-03-31
Ae3893b,A02306d,Non-Investment Assets - Cash,balance_sheet,2025-03-31
Ae3893b,A02306d,Non-Investment Assets - Other Assets,balance_sheet,2025-03-31
Ae3893b,A02306d,Non-Investment Liabilities - Other Liabilities,balance_sheet,2025-03-31
Aac1486,A3ecea4,Non-Investment Assets - Cash,balance_sheet,2025-03-31
Aac1486,A3ecea4,Non-Investment Assets - Other Assets,balance_sheet,2025-03-31
Aac1486,A3ecea4,Non-Investment Liabilities - Other Liabilities,balance_sheet,2025-03-31
A6a2745,A3ecea4,Non-Investment Assets - Cash,balance_sheet,2025-03-31
A6a2745,A3ecea4,Non-Investment Assets - Other Assets,balance_sheet,2025-03-31
Af6593f,A8bd477,Non-Investment Assets - Cash,balance_sheet,2025-03-31
Af6593f,A8bd477,Non-Investment Liabilities - Other Liabilities,balance_sheet,2025-03-31
Afd1cbe,A8bd477,Non-Investment Assets - Cash,balance_sheet,2025-03-31
Afd1cbe,A8bd477,Non-Investment Liabilities - Other Liabilities,balance_sheet,2025-03-31
A99e32e,A8bd477,Non-Investment Liabilities - Other Liabilities,balance_sheet,2025-03-31
A996a8a,A8bd477,Non-Investment Assets - Cash,balance_sheet,2025-03-31
A996a8a,A8bd477,Non-Investment Liabilities - Other Liabilities,balance_sheet,2025-03-31
Ace087b,A8bd477,Non-Investment Assets - Cash,balance_sheet,2025-03-31
Ace087b,A8bd477,Non-Investment Liabilities - Other Liabilities,balance_sheet,2025-03-31
Aadd548,A8bd477,Non-Investment Liabilities - Other Liabilities,balance_sheet,2025-03-31
Aadd548,A8bd477,Non-Investment Liabilities - Subscription Line of Credit,balance_sheet,2025-03-31
A073c3d,A8bd477,Non-Investment Assets - Cash,balance_sheet,2025-03-31
A073c3d,A8bd477,Non-Investment Liabilities - Other Liabilities,balance_sheet,2025-03-31
A048b87,Adad2f2,Non-Investment Assets - Cash,balance_sheet,2025-03-31
A4d85cc,A6a0407,Non-Investment Assets - Cash,balance_sheet,2025-03-31
A4d85cc,A6a0407,Non-Investment Liabilities - Other Liabilities,balance_sheet,2025-03-31
A0d2a71,A6a0407,Non-Investment Assets - Cash,balance_sheet,2025-03-31
A0d2a71,A6a0407,Non-Investment Assets - Other Assets,balance_sheet,2025-03-31
A0d2a71,A6a0407,Non-Investment Liabilities - Other Liabilities,balance_sheet,2025-03-31
A26a0d1,A6a0407,Non-Investment Assets - Cash,balance_sheet,2025-03-31
A26a0d1,A6a0407,Non-Investment Assets - Other Assets,balance_sheet,2025-03-31
A26a0d1,A6a0407,Non-Investment Liabilities - Other Liabilities,balance_sheet,2025-03-31
Aeedb32,A6a0407,Non-Investment Assets - Cash,balance_sheet,2025-03-31
Aeedb32,A6a0407,Non-Investment Assets - Other Assets,balance_sheet,2025-03-31
Aeedb32,A6a0407,Non-Investment Liabilities - Other Liabilities,balance_sheet,2025-03-31
Aeedb32,A6a0407,Non-Investment Liabilities - Subscription Line of Credit,balance_sheet,2025-03-31
A4e3f9d,A7970a7,Non-Investment Assets - Cash,balance_sheet,2025-03-31
A4e3f9d,A7970a7,Non-Investment Liabilities - Other Liabilities,balance_sheet,2025-03-31
Aa82eac,A7970a7,Non-Investment Assets - Cash,balance_sheet,2025-03-31
Aa82eac,A7970a7,Non-Investment Liabilities - Other Liabilities,balance_sheet,2025-03-31
A67395e,A7970a7,Non-Investment Liabilities - Other Liabilities,balance_sheet,2025-03-31
A2b1837,A7970a7,Non-Investment Liabilities - Other Liabilities,balance_sheet,2025-03-31
A8d4882,A026529,Non-Investment Assets - Cash,balance_sheet,2025-03-31
A8d4882,A026529,Non-Investment Assets - Other Assets,balance_sheet,2025-03-31
A8d4882,A026529,Non-Investment Liabilities - Other Liabilities,balance_sheet,2025-03-31
A8d4882,A026529,Quarterly Unrealized Gain/Loss,accounting_entry,2025-03-31
A84711b,A026529,ASC 740-10 Accrual,accounting_entry,2025-03-31
A84711b,A026529,Non-Investment Assets - Cash,balance_sheet,2025-03-31
A84711b,A026529,Non-Investment Assets - Other Assets,balance_sheet,2025-03-31
A84711b,A026529,Non-Investment Liabilities - Other Liabilities,balance_sheet,2025-03-31
A84711b,A026529,Quarterly Unrealized Gain/Loss,accounting_entry,2025-03-31
Afa85c1,A026529,ASC 740-10 Accrual,accounting_entry,2025-03-31
Afa85c1,A026529,Non-Investment Assets - Cash,balance_sheet,2025-03-31
Afa85c1,A026529,Non-Investment Assets - Other Assets,balance_sheet,2025-03-31
Afa85c1,A026529,Non-Investment Liabilities - Other Liabilities,balance_sheet,2025-03-31
Afa85c1,A026529,Quarterly Unrealized Gain/Loss,accounting_entry,2025-03-31
A4e71f3,A026529,ASC 740-10 Accrual,accounting_entry,2025-03-31
A4e71f3,A026529,Non-Investment Assets - Cash,balance_sheet,2025-03-31
A4e71f3,A026529,Non-Investment Assets - Other Assets,balance_sheet,2025-03-31
A4e71f3,A026529,Non-Investment Liabilities - Other Liabilities,balance_sheet,2025-03-31
A4e71f3,A026529,Quarterly Unrealized Gain/Loss,accounting_entry,2025-03-31
Ac16b86,A026529,ASC 740-10 Accrual,accounting_entry,2025-03-31
Ac16b86,A026529,Non-Investment Assets - Cash,balance_sheet,2025-03-31
Ac16b86,A026529,Non-Investment Assets - Other Assets,balance_sheet,2025-03-31
Ac16b86,A026529,Non-Investment Liabilities - Other Liabilities,balance_sheet,2025-03-31
Ac16b86,A026529,Quarterly Unrealized Gain/Loss,accounting_entry,2025-03-31
A31bf6d,A026529,ASC 740-10 Accrual,accounting_entry,2025-03-31
A31bf6d,A026529,Idle Cash,accounting_entry,2025-03-31
A31bf6d,A026529,Non-Investment Assets - Cash,balance_sheet,2025-03-31
A31bf6d,A026529,Non-Investment Assets - Other Assets,balance_sheet,2025-03-31
A31bf6d,A026529,Non-Investment Liabilities - Other Liabilities,balance_sheet,2025-03-31
A31bf6d,A026529,Quarterly Unrealized Gain/Loss,accounting_entry,2025-03-31
A666ff0,A026529,Non-Investment Assets - Cash,balance_sheet,2025-03-31
A666ff0,A026529,Non-Investment Assets - Other Assets,balance_sheet,2025-03-31
A666ff0,A026529,Non-Investment Liabilities - Other Liabilities,balance_sheet,2025-03-31
A666ff0,A026529,Quarterly Unrealized Gain/Loss,accounting_entry,2025-03-31
Ae2a183,A026529,Non-Investment Assets - Cash,balance_sheet,2025-03-31
Ae2a183,A026529,Non-Investment Assets - Other Assets,balance_sheet,2025-03-31
Ae2a183,A026529,Non-Investment Liabilities - Other Liabilities,balance_sheet,2025-03-31
A000c43,A026529,Non-Investment Assets - Cash,balance_sheet,2025-03-31
A000c43,A026529,Non-Investment Assets - Other Assets,balance_sheet,2025-03-31
A000c43,A026529,Non-Investment Liabilities - Other Liabilities,balance_sheet,2025-03-31
A000c43,A026529,Quarterly Unrealized Gain/Loss,accounting_entry,2025-03-31
A8567d1,A026529,Non-Investment Assets - Cash,balance_sheet,2025-03-31
A8567d1,A026529,Non-Investment Assets - Other Assets,balance_sheet,2025-03-31
A8567d1,A026529,Non-Investment Liabilities - Other Liabilities,balance_sheet,2025-03-31
A8567d1,A026529,Quarterly Unrealized Gain/Loss,accounting_entry,2025-03-31
A64ed3d,A026529,Non-Investment Assets - Cash,balance_sheet,2025-03-31
A64ed3d,A026529,Non-Investment Assets - Other Assets,balance_sheet,2025-03-31
A64ed3d,A026529,Non-Investment Liabilities - Other Liabilities,balance_sheet,2025-03-31
A64ed3d,A026529,Quarterly Unrealized Gain/Loss,accounting_entry,2025-03-31
Adeb96a,A026529,ASC 740-10 Accrual,accounting_entry,2025-03-31
Adeb96a,A026529,Idle Cash,accounting_entry,2025-03-31
Adeb96a,A026529,Non-Investment Assets - Cash,balance_sheet,2025-03-31
Adeb96a,A026529,Non-Investment Assets - Other Assets,balance_sheet,2025-03-31
Adeb96a,A026529,Non-Investment Liabilities - Other Liabilities,balance_sheet,2025-03-31
Adeb96a,A026529,Quarterly Unrealized Gain/Loss,accounting_entry,2025-03-31
Af8d59f,A026529,Non-Investment Assets - Cash,balance_sheet,2025-03-31
Af8d59f,A026529,Non-Investment Assets - Other Assets,balance_sheet,2025-03-31
Af8d59f,A026529,Non-Investment Liabilities - Other Liabilities,balance_sheet,2025-03-31
Af8d59f,A026529,Quarterly Unrealized Gain/Loss,accounting_entry,2025-03-31
A7bc2d3,A026529,Non-Investment Assets - Cash,balance_sheet,2025-03-31
A7bc2d3,A026529,Non-Investment Assets - Other Assets,balance_sheet,2025-03-31
A7bc2d3,A026529,Non-Investment Liabilities - Other Liabilities,balance_sheet,2025-03-31
A7bc2d3,A026529,Quarterly Unrealized Gain/Loss,accounting_entry,2025-03-31
Aa5a4bb,A026529,Non-Investment Assets - Cash,balance_sheet,2025-03-31
Aa5a4bb,A026529,Non-Investment Assets - Other Assets,balance_sheet,2025-03-31
Aa5a4bb,A026529,Non-Investment Liabilities - Other Liabilities,balance_sheet,2025-03-31
Aa5a4bb,A026529,Quarterly Unrealized Gain/Loss,accounting_entry,2025-03-31
A758776,A026529,Non-Investment Assets - Other Assets,balance_sheet,2025-03-31
A758776,A026529,Non-Investment Liabilities - Other Liabilities,balance_sheet,2025-03-31
A758776,A026529,Quarterly Unrealized Gain/Loss,accounting_entry,2025-03-31
A780765,A026529,Non-Investment Assets - Cash,balance_sheet,2025-03-31
A780765,A026529,Non-Investment Assets - Other Assets,balance_sheet,2025-03-31
A780765,A026529,Non-Investment Liabilities - Other Liabilities,balance_sheet,2025-03-31
A780765,A026529,Quarterly Unrealized Gain/Loss,accounting_entry,2025-03-31
A6b418c,A026529,Non-Investment Assets - Cash,balance_sheet,2025-03-31
A6b418c,A026529,Non-Investment Assets - Other Assets,balance_sheet,2025-03-31
A6b418c,A026529,Non-Investment Liabilities - Other Liabilities,balance_sheet,2025-03-31
A6b418c,A026529,Subtotal Private Investments,subtotal,2025-03-31
A8bb104,A026529,ASC 740-10 Accrual,accounting_entry,2025-03-31
A8bb104,A026529,Non-Investment Assets - Cash,balance_sheet,2025-03-31
A8bb104,A026529,Non-Investment Assets - Other Assets,balance_sheet,2025-03-31
A8bb104,A026529,Non-Investment Liabilities - Other Liabilities,balance_sheet,2025-03-31
A8bb104,A026529,Quarterly Unrealized Gain/Loss,accounting_entry,2025-03-31
A2d1148,A026529,Non-Investment Assets - Cash,balance_sheet,2025-03-31
A2d1148,A026529,Non-Investment Assets - Other Assets,balance_sheet,2025-03-31
A2d1148,A026529,Non-Investment Liabilities - Other Liabilities,balance_sheet,2025-03-31
A2d1148,A026529,Quarterly Unrealized Gain/Loss,accounting_entry,2025-03-31
A6e6143,A026529,Non-Investment Assets - Cash,balance_sheet,2025-03-31
A6e6143,A026529,Non-Investment Assets - Other Assets,balance_sheet,2025-03-31
A6e6143,A026529,Non-Investment Liabilities - Other Liabilities,balance_sheet,2025-03-31
A6e6143,A026529,Quarterly Unrealized Gain/Loss,accounting_entry,2025-03-31
Aff6f98,A026529,Non-Investment Assets - Cash,balance_sheet,2025-03-31
Aff6f98,A026529,Non-Investment Assets - Other Assets,balance_sheet,2025-03-31
Aff6f98,A026529,Non-Investment Liabilities - Other Liabilities,balance_sheet,2025-03-31
Aff6f98,A026529,Quarterly Unrealized Gain/Loss,accounting_entry,2025-03-31
Ae6e0df,A026529,Non-Investment Assets - Cash,balance_sheet,2025-03-31
Ae6e0df,A026529,Non-Investment Assets - Other Assets,balance_sheet,2025-03-31
Ae6e0df,A026529,Non-Investment Liabilities - Other Liabilities,balance_sheet,2025-03-31
Ae6e0df,A026529,Quarterly Unrealized Gain/Loss,accounting_entry,2025-03-31
A124f9d,A026529,Non-Investment Assets - Cash,balance_sheet,2025-03-31
A124f9d,A026529,Non-Investment Assets - Other Assets,balance_sheet,2025-03-31
A124f9d,A026529,Non-Investment Liabilities - Other Liabilities,balance_sheet,2025-03-31
A124f9d,A026529,Quarterly Unrealized Gain/Loss,accounting_entry,2025-03-31
A124f9d,A026529,Subtotal Private Investments,subtotal,2025-03-31
A577ed1,A026529,Non-Investment Assets - Cash,balance_sheet,2025-03-31
A577ed1,A026529,Non-Investment Assets - Other Assets,balance_sheet,2025-03-31
A577ed1,A026529,Non-Investment Liabilities - Other Liabilities,balance_sheet,2025-03-31
A577ed1,A026529,Quarterly Unrealized Gain/Loss,accounting_entry,2025-03-31
A4ce2f8,A026529,Non-Investment Assets - Cash,balance_sheet,2025-03-31
A4ce2f8,A026529,Non-Investment Assets - Other Assets,balance_sheet,2025-03-31
A4ce2f8,A026529,Non-Investment Liabilities - Other Liabilities,balance_sheet,2025-03-31
A4ce2f8,A026529,Quarterly Unrealized Gain/Loss,accounting_entry,2025-03-31
A4ce2f8,A026529,Subtotal Private Investments,subtotal,2025-03-31
A2ac41e,A026529,Non-Investment Assets - Cash,balance_sheet,2025-03-31
A2ac41e,A026529,Non-Investment Assets - Other Assets,balance_sheet,2025-03-31
A2ac41e,A026529,Non-Investment Liabilities - Other Liabilities,balance_sheet,2025-03-31
A2ac41e,A026529,Quarterly Unrealized Gain/Loss,accounting_entry,2025-03-31
A4c5dcd,A026529,Non-Investment Assets - Cash,balance_sheet,2025-03-31
A4c5dcd,A026529,Non-Investment Assets - Other Assets,balance_sheet,2025-03-31
A4c5dcd,A026529,Non-Investment Liabilities - Other Liabilities,balance_sheet,2025-03-31
A4c5dcd,A026529,Quarterly Unrealized Gain/Loss,accounting_entry,2025-03-31
Aba96b1,A026529,Non-Investment Assets - Cash,balance_sheet,2025-03-31
Aba96b1,A026529,Non-Investment Assets - Other Assets,balance_sheet,2025-03-31
Aba96b1,A026529,Non-Investment Liabilities - Other Liabilities,balance_sheet,2025-03-31
Aba96b1,A026529,Quarterly Unrealized Gain/Loss,accounting_entry,2025-03-31
Aba96b1,A026529,Total Portfolio Investments,subtotal,2025-03-31
A2989df,A86463a,Non-Investment Assets - Cash,balance_sheet,2025-03-31
A2989df,A86463a,Non-Investment Assets - Other Assets,balance_sheet,2025-03-31
A2989df,A86463a,Non-Investment Liabilities - Other Liabilities,balance_sheet,2025-03-31
Ac58438,Ad647a1,Non-Investment Assets - Cash,balance_sheet,2025-03-31
Ac58438,Ad647a1,Non-Investment Assets - Other Assets,balance_sheet,2025-03-31
Ac58438,Ad647a1,Non-Investment Liabilities - Other Liabilities,balance_sheet,2025-03-31
A2b73e4,Ad647a1,Non-Investment Assets - Cash,balance_sheet,2025-03-31
A2b73e4,Ad647a1,Non-Investment Assets - Other Assets,balance_sheet,2025-03-31
A2b73e4,Ad647a1,Non-Investment Liabilities - Other Liabilities,balance_sheet,2025-03-31
Ae2ca7f,Aa8e77d,Non-Investment Assets - Cash,balance_sheet,2025-03-31
Ae2ca7f,Aa8e77d,Non-Investment Liabilities - Other Liabilities,balance_sheet,2025-03-31
A13b1e6,Aa8e77d,Non-Investment Assets - Cash,balance_sheet,2025-03-31
A13b1e6,Aa8e77d,Non-Investment Assets - Other Assets,balance_sheet,2025-03-31
A13b1e6,Aa8e77d,Non-Investment Liabilities - Other Liabilities,balance_sheet,2025-03-31
A8282d7,Aa8e77d,Non-Investment Assets - Cash,balance_sheet,2025-03-31
A8282d7,Aa8e77d,Non-Investment Assets - Other Assets,balance_sheet,2025-03-31
A8282d7,Aa8e77d,Non-Investment Liabilities - Other Liabilities,balance_sheet,2025-03-31
Aa76711,Aa8e77d,Non-Investment Assets - Cash,balance_sheet,2025-03-31
Aa76711,Aa8e77d,Non-Investment Assets - Other Assets,balance_sheet,2025-03-31
Aa76711,Aa8e77d,Non-Investment Liabilities - Other Liabilities,balance_sheet,2025-03-31
A6557da,Aa8e77d,Non-Investment Assets - Cash,balance_sheet,2025-03-31
A6557da,Aa8e77d,Non-Investment Assets - Other Assets,balance_sheet,2025-03-31
A6557da,Aa8e77d,Non-Investment Liabilities - Other Liabilities,balance_sheet,2025-03-31
Af3dbec,Aa8e77d,Non-Investment Assets - Cash,balance_sheet,2025-03-31
Af3dbec,Aa8e77d,Non-Investment Assets - Other Assets,balance_sheet,2025-03-31
Af3dbec,Aa8e77d,Non-Investment Liabilities - Other Liabilities,balance_sheet,2025-03-31
A6f42ff,Aa8e77d,Non-Investment Assets - Cash,balance_sheet,2025-03-31
A6f42ff,Aa8e77d,Non-Investment Assets - Other Assets,balance_sheet,2025-03-31
A6f42ff,Aa8e77d,Non-Investment Liabilities - Other Liabilities,balance_sheet,2025-03-31
Aa0a993,Aa8e77d,Non-Investment Assets - Cash,balance_sheet,2025-03-31
Aa0a993,Aa8e77d,Non-Investment Assets - Other Assets,balance_sheet,2025-03-31
Aa0a993,Aa8e77d,Non-Investment Liabilities - Other Liabilities,balance_sheet,2025-03-31
Aa0a993,Aa8e77d,Non-Investment Liabilities - Subscription Line of Credit,balance_sheet,2025-03-31
A4fec46,Aa8e77d,Non-Investment Assets - Cash,balance_sheet,2025-03-31
A4fec46,Aa8e77d,Non-Investment Assets - Other Assets,balance_sheet,2025-03-31
A4fec46,Aa8e77d,Non-Investment Liabilities - Other Liabilities,balance_sheet,2025-03-31
A4fec46,Aa8e77d,Non-Investment Liabilities - Subscription Line of Credit,balance_sheet,2025-03-31
Ac71115,Ab27df1,Non-Investment Assets - Cash,balance_sheet,2025-03-31
Ac71115,Ab27df1,Non-Investment Assets - Other Assets,balance_sheet,2025-03-31
Ac71115,Ab27df1,Non-Investment Liabilities - Other Liabilities,balance_sheet,2025-03-31
Af4e6f7,A026fe6,Non-Investment Assets - Cash,balance_sheet,2025-03-31
Af4e6f7,A026fe6,Non-Investment Assets - Other Assets,balance_sheet,2025-03-31
Af4e6f7,A026fe6,Non-Investment Liabilities - Other Liabilities,balance_sheet,2025-03-31
A56bafa,Ab27df1,Non-Investment Assets - Cash,balance_sheet,2025-03-31
A56bafa,Ab27df1,Non-Investment Assets - Other Assets,balance_sheet,2025-03-31
A56bafa,Ab27df1,Non-Investment Liabilities - Other Liabilities,balance_sheet,2025-03-31
A56bafa,Ab27df1,Non-Investment Liabilities - Subscription Line of Credit,balance_sheet,2025-03-31
Ad893bb,A775492,Non-Investment Assets - Cash,balance_sheet,2025-03-31
Ad893bb,A775492,Non-Investment Assets - Other Assets,balance_sheet,2025-03-31
Ad893bb,A775492,Non-Investment Liabilities - Other Liabilities,balance_sheet,2025-03-31
A48791b,A775492,Non-Investment Assets - Cash,balance_sheet,2025-03-31
A48791b,A775492,Non-Investment Liabilities - Other Liabilities,balance_sheet,2025-03-31
A355e2c,A775492,Non-Investment Assets - Cash,balance_sheet,2025-03-31
A355e2c,A775492,Non-Investment Liabilities - Other Liabilities,balance_sheet,2025-03-31
A1cae97,A775492,Non-Investment Assets - Cash,balance_sheet,2025-03-31
A1cae97,A775492,Non-Investment Assets - Other Assets,balance_sheet,2025-03-31
A1cae97,A775492,Non-Investment Liabilities - Other Liabilities,balance_sheet,2025-03-31
A1cae97,A775492,Non-Investment Liabilities - Subscription Line of Credit,balance_sheet,2025-03-31
A67b879,A775492,Non-Investment Assets - Cash,balance_sheet,2025-03-31
A67b879,A775492,Non-Investment Assets - Other Assets,balance_sheet,2025-03-31
A67b879,A775492,Non-Investment Liabilities - Other Liabilities,balance_sheet,2025-03-31
A20f76b,A775492,Non-Investment Assets - Cash,balance_sheet,2025-03-31
A20f76b,A775492,Non-Investment Assets - Other Assets,balance_sheet,2025-03-31
A20f76b,A775492,Non-Investment Liabilities - Other Liabilities,balance_sheet,2025-03-31
A2ce6c1,Ac17925,Non-Investment Assets - Cash,balance_sheet,2025-03-31
A2ce6c1,Ac17925,Non-Investment Assets - Other Assets,balance_sheet,2025-03-31
A2ce6c1,Ac17925,Non-Investment Liabilities - Other Liabilities,balance_sheet,2025-03-31
A145642,Ac17925,Non-Investment Assets - Cash,balance_sheet,2025-03-31
A145642,Ac17925,Non-Investment Assets - Other Assets,balance_sheet,2025-03-31
A145642,Ac17925,Non-Investment Liabilities - Other Liabilities,balance_sheet,2025-03-31
Aebcab9,Ac17925,Non-Investment Assets - Cash,balance_sheet,2025-03-31
Aebcab9,Ac17925,Non-Investment Assets - Other Assets,balance_sheet,2025-03-31
Aebcab9,Ac17925,Non-Investment Liabilities - Other Liabilities,balance_sheet,2025-03-31
Aa967c0,Afc0dbf,Non-Investment Assets - Cash,balance_sheet,2024-12-31
Aa967c0,Afc0dbf,Non-Investment Liabilities - Other Liabilities,balance_sheet,2024-12-31
Ad52755,A664a6a,Non-Investment Assets - Cash,balance_sheet,2024-12-31
Ad52755,A664a6a,Non-Investment Assets - Other Assets,balance_sheet,2024-12-31
Ad52755,A664a6a,Non-Investment Liabilities - Other Liabilities,balance_sheet,2024-12-31
Ab73bb9,A664a6a,Non-Investment Assets - Other Assets,balance_sheet,2024-12-31
Ab73bb9,A664a6a,Non-Investment Liabilities - Other Liabilities,balance_sheet,2024-12-31
Aa874b3,Afc0dbf,Non-Investment Assets - Cash,balance_sheet,2024-12-31
Aa874b3,Afc0dbf,Non-Investment Assets - Other Assets,balance_sheet,2024-12-31
Aa874b3,Afc0dbf,Non-Investment Liabilities - Other Liabilities,balance_sheet,2024-12-31
A87187f,Afc0dbf,Non-Investment Assets - Cash,balance_sheet,2024-12-31
A87187f,Afc0dbf,Non-Investment Assets - Other Assets,balance_sheet,2024-12-31
A87187f,Afc0dbf,Non-Investment Liabilities - Other Liabilities,balance_sheet,2024-12-31
Ae8bf4c,Afc0dbf,Non-Investment Assets - Cash,balance_sheet,2024-12-31
Ae8bf4c,Afc0dbf,Non-Investment Liabilities - Other Liabilities,balance_sheet,2024-12-31
Ad0fa4d,Aa3bbc4,Non-Investment Assets - Cash,balance_sheet,2024-12-31
Ad0fa4d,Aa3bbc4,Non-Investment Liabilities - Other Liabilities,balance_sheet,2024-12-31
Abeff42,Afbe003,Non-Investment Assets - Other Assets,balance_sheet,2024-12-31
Abeff42,Afbe003,Non-Investment Liabilities - Subscription Line of Credit,balance_sheet,2024-12-31
A1fd1d1,Afbe003,Non-Investment Liabilities - Other Liabilities,balance_sheet,2024-12-31
A1ea2a3,A041a39,Non-Investment Assets - Cash,balance_sheet,2024-12-31
A1ea2a3,A041a39,Non-Investment Assets - Other Assets,balance_sheet,2024-12-31
A1ea2a3,A041a39,Non-Investment Liabilities - Other Liabilities,balance_sheet,2024-12-31
A825f85,A041a39,Non-Investment Assets - Cash,balance_sheet,2024-12-31
A825f85,A041a39,Non-Investment Assets - Other Assets,balance_sheet,2024-12-31
A825f85,A041a39,Non-Investment Liabilities - Other Liabilities,balance_sheet,2024-12-31
Af08fa6,A041a39,Non-Investment Assets - Cash,balance_sheet,2024-12-31
Af08fa6,A041a39,Non-Investment Assets - Other Assets,balance_sheet,2024-12-31
Af08fa6,A041a39,Non-Investment Liabilities - Other Liabilities,balance_sheet,2024-12-31
Ac0dd42,A041a39,Non-Investment Assets - Cash,balance_sheet,2024-12-31
Ac0dd42,A041a39,Non-Investment Assets - Other Assets,balance_sheet,2024-12-31
Ac0dd42,A041a39,Non-Investment Liabilities - Other Liabilities,balance_sheet,2024-12-31
Afc4e50,A041a39,Non-Investment Assets - Cash,balance_sheet,2024-12-31
Afc4e50,A041a39,Non-Investment Assets - Other Assets,balance_sheet,2024-12-31
Afc4e50,A041a39,Non-Investment Liabilities - Other Liabilities,balance_sheet,2024-12-31
A681b8b,A041a39,Non-Investment Assets - Cash,balance_sheet,2024-12-31
A681b8b,A041a39,Non-Investment Assets - Other Assets,balance_sheet,2024-12-31
A681b8b,A041a39,Non-Investment Liabilities - Other Liabilities,balance_sheet,2024-12-31
A2a9ea5,A041a39,Non-Investment Assets - Cash,balance_sheet,2024-12-31
A2a9ea5,A041a39,Non-Investment Assets - Other Assets,balance_sheet,2024-12-31
A2a9ea5,A041a39,Non-Investment Liabilities - Other Liabilities,balance_sheet,2024-12-31
A43502d,A041a39,Non-Investment Assets - Cash,balance_sheet,2024-12-31
A43502d,A041a39,Non-Investment Assets - Other Assets,balance_sheet,2024-12-31
A43502d,A041a39,Non-Investment Liabilities - Other Liabilities,balance_sheet,2024-12-31
A4656cb,A041a39,Non-Investment Assets - Cash,balance_sheet,2024-12-31
A4656cb,A041a39,Non-Investment Assets - Other Assets,balance_sheet,2024-12-31
A4656cb,A041a39,Non-Investment Liabilities - Other Liabilities,balance_sheet,2024-12-31
A51cf14,A041a39,Non-Investment Assets - Cash,balance_sheet,2024-12-31
A51cf14,A041a39,Non-Investment Assets - Other Assets,balance_sheet,2024-12-31
A51cf14,A041a39,Non-Investment Liabilities - Other Liabilities,balance_sheet,2024-12-31
A64d20c,A041a39,Non-Investment Assets - Cash,balance_sheet,2024-12-31
A64d20c,A041a39,Non-Investment Liabilities - Other Liabilities,balance_sheet,2024-12-31
Ae4d75e,A041a39,Non-Investment Assets - Cash,balance_sheet,2024-12-31
Ae4d75e,A041a39,Non-Investment Assets - Other Assets,balance_sheet,2024-12-31
Ae4d75e,A041a39,Non-Investment Liabilities - Other Liabilities,balance_sheet,2024-12-31
A85406a,A041a39,Non-Investment Assets - Cash,balance_sheet,2024-12-31
A85406a,A041a39,Non-Investment Liabilities - Other Liabilities,balance_sheet,2024-12-31
A0a0599,A041a39,Non-Investment Assets - Cash,balance_sheet,2024-12-31
A0a0599,A041a39,Non-Investment Assets - Other Assets,balance_sheet,2024-12-31
A0a0599,A041a39,Non-Investment Liabilities - Other Liabilities,balance_sheet,2024-12-31
Acc9329,A041a39,Non-Investment Assets - Cash,balance_sheet,2024-12-31
Acc9329,A041a39,Non-Investment Assets - Other Assets,balance_sheet,2024-12-31
Acc9329,A041a39,Non-Investment Liabilities - Other Liabilities,balance_sheet,2024-12-31
Ac6e10f,A96d213,Non-Investment Assets - Cash,balance_sheet,2024-12-31
Ac6e10f,A96d213,Non-Investment Assets - Other Assets,balance_sheet,2024-12-31
Ac6e10f,A96d213,Non-Investment Liabilities - Other Liabilities,balance_sheet,2024-12-31
Ac6e10f,A96d213,Non-Investment Liabilities - Subscription Line of Credit,balance_sheet,2024-12-31
A1554e9,A664a6a,Non-Investment Assets - Cash,balance_sheet,2024-12-31
A1554e9,A664a6a,Non-Investment Assets - Other Assets,balance_sheet,2024-12-31
A1554e9,A664a6a,Non-Investment Liabilities - Other Liabilities,balance_sheet,2024-12-31
A1554e9,A664a6a,Non-Investment Liabilities - Subscription Line of Credit,balance_sheet,2024-12-31
A3e929e,A664a6a,Non-Investment Assets - Cash,balance_sheet,2024-12-31
A3e929e,A664a6a,Non-Investment Assets - Other Assets,balance_sheet,2024-12-31
A3e929e,A664a6a,Non-Investment Liabilities - Other Liabilities,balance_sheet,2024-12-31
Ab3ea87,A5d1a01,Non-Investment Assets - Cash,balance_sheet,2024-12-31
Ab3ea87,A5d1a01,Non-Investment Assets - Other Assets,balance_sheet,2024-12-31
Ab3ea87,A5d1a01,Non-Investment Liabilities - Other Liabilities,balance_sheet,2024-12-31
Acff5f3,A619a99,Non-Investment Assets - Cash,balance_sheet,2024-12-31
Acff5f3,A619a99,Non-Investment Assets - Other Assets,balance_sheet,2024-12-31
Acff5f3,A619a99,Non-Investment Liabilities - Other Liabilities,balance_sheet,2024-12-31
Ab89eda,A619a99,Non-Investment Assets - Cash,balance_sheet,2024-12-31
Ab89eda,A619a99,Non-Investment Assets - Other Assets,balance_sheet,2024-12-31
A394dd9,Ac758cf,Non-Investment Assets - Cash,balance_sheet,2024-12-31
A394dd9,Ac758cf,Non-Investment Assets - Other Assets,balance_sheet,2024-12-31
A394dd9,Ac758cf,Non-Investment Liabilities - Other Liabilities,balance_sheet,2024-12-31
A63aa12,Ac758cf,Non-Investment Assets - Cash,balance_sheet,2024-12-31
A63aa12,Ac758cf,Non-Investment Liabilities - Other Liabilities,balance_sheet,2024-12-31
A63aa12,Ac758cf,Non-Investment Liabilities - Subscription Line of Credit,balance_sheet,2024-12-31
A6fcde0,A6f625f,Non-Investment Assets - Cash,balance_sheet,2024-12-31
A6fcde0,A6f625f,Non-Investment Assets - Other Assets,balance_sheet,2024-12-31
A6fcde0,A6f625f,Non-Investment Liabilities - Other Liabilities,balance_sheet,2024-12-31
A6fcde0,A6f625f,Non-Investment Liabilities - Subscription Line of Credit,balance_sheet,2024-12-31
A229eeb,A15464a,Non-Investment Assets - Cash,balance_sheet,2024-12-31
A229eeb,A15464a,Non-Investment Assets - Other Assets,balance_sheet,2024-12-31
A229eeb,A15464a,Non-Investment Liabilities - Other Liabilities,balance_sheet,2024-12-31
A80d33a,Ad15ca3,Non-Investment Assets - Cash,balance_sheet,2024-12-31
A80d33a,Ad15ca3,Non-Investment Liabilities - Other Liabilities,balance_sheet,2024-12-31
A3cb5c7,A109e0f,Non-Investment Assets - Cash,balance_sheet,2024-12-31
A3cb5c7,A109e0f,Non-Investment Assets - Other Assets,balance_sheet,2024-12-31
A3cb5c7,A109e0f,Non-Investment Liabilities - Other Liabilities,balance_sheet,2024-12-31
A3cb5c7,A109e0f,Non-Investment Liabilities - Subscription Line of Credit,balance_sheet,2024-12-31
A75eb76,A109e0f,Non-Investment Assets - Cash,balance_sheet,2024-12-31
A75eb76,A109e0f,Non-Investment Assets - Other Assets,balance_sheet,2024-12-31
A75eb76,A109e0f,Non-Investment Liabilities - Other Liabilities,balance_sheet,2024-12-31
A930514,A109e0f,Non-Investment Assets - Cash,balance_sheet,2024-12-31
A930514,A109e0f,Non-Investment Assets - Other Assets,balance_sheet,2024-12-31
A930514,A109e0f,Non-Investment Liabilities - Other Liabilities,balance_sheet,2024-12-31
A930514,A109e0f,Non-Investment Liabilities - Subscription Line of Credit,balance_sheet,2024-12-31
Afc9d9d,A109e0f,Non-Investment Assets - Cash,balance_sheet,2024-12-31
Afc9d9d,A109e0f,Non-Investment Liabilities - Other Liabilities,balance_sheet,2024-12-31
A6514b0,A109e0f,Non-Investment Assets - Cash,balance_sheet,2024-12-31
A6514b0,A109e0f,Non-Investment Assets - Other Assets,balance_sheet,2024-12-31
A6514b0,A109e0f,Non-Investment Liabilities - Other Liabilities,balance_sheet,2024-12-31
A0e8f48,Aa3bbc4,Non-Investment Assets - Cash,balance_sheet,2024-12-31
A0e8f48,Aa3bbc4,Non-Investment Assets - Other Assets,balance_sheet,2024-12-31
A0e8f48,Aa3bbc4,Non-Investment Liabilities - Other Liabilities,balance_sheet,2024-12-31
A2ac14e,Aa3bbc4,Non-Investment Assets - Cash,balance_sheet,2024-12-31
A2ac14e,Aa3bbc4,Non-Investment Assets - Other Assets,balance_sheet,2024-12-31
A2ac14e,Aa3bbc4,Non-Investment Liabilities - Other Liabilities,balance_sheet,2024-12-31
Acc4ce2,Afc0dbf,Non-Investment Assets - Cash,balance_sheet,2024-12-31
Acc4ce2,Afc0dbf,Non-Investment Assets - Other Assets,balance_sheet,2024-12-31
Acc4ce2,Afc0dbf,Non-Investment Liabilities - Other Liabilities,balance_sheet,2024-12-31
Acc4ce2,Afc0dbf,Non-Investment Liabilities - Subscription Line of Credit,balance_sheet,2024-12-31
A466539,Afc0dbf,Non-Investment Assets - Cash,balance_sheet,2024-12-31
A466539,Afc0dbf,Non-Investment Assets - Other Assets,balance_sheet,2024-12-31
A466539,Afc0dbf,Non-Investment Liabilities - Other Liabilities,balance_sheet,2024-12-31
A466539,Afc0dbf,Non-Investment Liabilities - Subscription Line of Credit,balance_sheet,2024-12-31
Ab0ee02,A670146,Non-Investment Assets - Cash,balance_sheet,2024-12-31
Ab0ee02,A670146,Non-Investment Liabilities - Other Liabilities,balance_sheet,2024-12-31
A36cf78,A670146,Non-Investment Assets - Cash,balance_sheet,2024-12-31
A36cf78,A670146,Non-Investment Liabilities - Other Liabilities,balance_sheet,2024-12-31
Af16116,A670146,Non-Investment Assets - Cash,balance_sheet,2024-12-31
Af16116,A670146,Non-Investment Liabilities - Other Liabilities,balance_sheet,2024-12-31
A4350ff,A99a662,Non-Investment Assets - Cash,balance_sheet,2024-12-31
A4350ff,A99a662,Non-Investment Assets - Other Assets,balance_sheet,2024-12-31
A4350ff,A99a662,Non-Investment Liabilities - Other Liabilities,balance_sheet,2024-12-31
A4f6e3c,A99a662,Non-Investment Assets - Cash,balance_sheet,2024-12-31
A4f6e3c,A99a662,Non-Investment Assets - Other Assets,balance_sheet,2024-12-31
A4f6e3c,A99a662,Non-Investment Liabilities - Other Liabilities,balance_sheet,2024-12-31
A74c64f,A8be668,Non-Investment Assets - Cash,balance_sheet,2024-12-31
A74c64f,A8be668,Non-Investment Assets - Other Assets,balance_sheet,2024-12-31
A74c64f,A8be668,Non-Investment Liabilities - Other Liabilities,balance_sheet,2024-12-31
A74c64f,A8be668,Non-Investment Liabilities - Subscription Line of Credit,balance_sheet,2024-12-31
Adc57d5,A8be668,Non-Investment Assets - Cash,balance_sheet,2024-12-31
Adc57d5,A8be668,Non-Investment Assets - Other Assets,balance_sheet,2024-12-31
Adc57d5,A8be668,Non-Investment Liabilities - Other Liabilities,balance_sheet,2024-12-31
A208478,A8be668,Non-Investment Assets - Cash,balance_sheet,2024-12-31
A208478,A8be668,Non-Investment Assets - Other Assets,balance_sheet,2024-12-31
A208478,A8be668,Non-Investment Liabilities - Other Liabilities,balance_sheet,2024-12-31
A208478,A8be668,Non-Investment Liabilities - Subscription Line of Credit,balance_sheet,2024-12-31
A0d0dd8,A8be668,Non-Investment Assets - Cash,balance_sheet,2024-12-31
A0d0dd8,A8be668,Non-Investment Assets - Other Assets,balance_sheet,2024-12-31
A0d0dd8,A8be668,Non-Investment Liabilities - Other Liabilities,balance_sheet,2024-12-31
A1137b9,A8be668,Non-Investment Assets - Cash,balance_sheet,2024-12-31
A1137b9,A8be668,Non-Investment Assets - Other Assets,balance_sheet,2024-12-31
A1137b9,A8be668,Non-Investment Liabilities - Other Liabilities,balance_sheet,2024-12-31
Ab5e21c,A8be668,Non-Investment Assets - Cash,balance_sheet,2024-12-31
Ab5e21c,A8be668,Non-Investment Assets - Other Assets,balance_sheet,2024-12-31
Ab5e21c,A8be668,Non-Investment Liabilities - Other Liabilities,balance_sheet,2024-12-31
Ab5e21c,A8be668,Non-Investment Liabilities - Subscription Line of Credit,balance_sheet,2024-12-31
Af289f4,A8be668,Non-Investment Assets - Cash,balance_sheet,2024-12-31
Af289f4,A8be668,Non-Investment Assets - Other Assets,balance_sheet,2024-12-31
Af289f4,A8be668,Non-Investment Liabilities - Other Liabilities,balance_sheet,2024-12-31
Af289f4,A8be668,Non-Investment Liabilities - Subscription Line of Credit,balance_sheet,2024-12-31
A6709ea,A586fd2,AO Football Transfer Receivable,accounting_entry,2024-12-31
A279d4f,A586fd2,AO Football Transfer Receivable,accounting_entry,2024-12-31
A67c3e6,A02cb18,Non-Investment Assets - Cash,balance_sheet,2024-12-31
A67c3e6,A02cb18,Non-Investment Assets - Other Assets,balance_sheet,2024-12-31
A67c3e6,A02cb18,Non-Investment Liabilities - Other Liabilities,balance_sheet,2024-12-31
Af8dafa,A02cb18,Non-Investment Assets - Cash,balance_sheet,2024-12-31
Af8dafa,A02cb18,Non-Investment Assets - Other Assets,balance_sheet,2024-12-31
Af8dafa,A02cb18,Non-Investment Liabilities - Other Liabilities,balance_sheet,2024-12-31
Acd9cbe,A02cb18,Non-Investment Assets - Cash,balance_sheet,2024-12-31
Acd9cbe,A02cb18,Non-Investment Assets - Other Assets,balance_sheet,2024-12-31
Acd9cbe,A02cb18,Non-Investment Liabilities - Other Liabilities,balance_sheet,2024-12-31
Ace7356,Acbde3b,Non Investment Liabilities - Other Liabilities,balance_sheet,2024-12-31
A7ed594,A61c681,Non-Investment Assets - Cash,balance_sheet,2024-12-31
A7ed594,A61c681,Non-Investment Assets - Other Assets,balance_sheet,2024-12-31
A7ed594,A61c681,Non-Investment Liabilities - Other Liabilities,balance_sheet,2024-12-31
A7ed594,A61c681,Non-Investment Liabilities - Subscription Line of Credit,balance_sheet,2024-12-31
Ada12ca,A61c681,Non-Investment Assets - Cash,balance_sheet,2024-12-31
Ada12ca,A61c681,Non-Investment Assets - Other Assets,balance_sheet,2024-12-31
Ada12ca,A61c681,Non-Investment Liabilities - Other Liabilities,balance_sheet,2024-12-31
A5479e2,A61c681,Non-Investment Assets - Cash,balance_sheet,2024-12-31
A5479e2,A61c681,Non-Investment Assets - Other Assets,balance_sheet,2024-12-31
A5479e2,A61c681,Non-Investment Liabilities - Other Liabilities,balance_sheet,2024-12-31
Aa56f0f,A99a662,Non-Investment Assets - Cash,balance_sheet,2024-12-31
Aa56f0f,A99a662,Non-Investment Liabilities - Other Liabilities,balance_sheet,2024-12-31
A433d90,A44e6c2,Non-Investment Assets - Cash,balance_sheet,2024-12-31
A433d90,A44e6c2,Non-Investment Assets - Other Assets,balance_sheet,2024-12-31
A433d90,A44e6c2,Non-Investment Liabilities - Other Liabilities,balance_sheet,2024-12-31
A4ff5ec,Af8f7a9,Non-Investment Assets - Cash,balance_sheet,2024-12-31
A4ff5ec,Af8f7a9,Non-Investment Assets - Other Assets,balance_sheet,2024-12-31
A4ff5ec,Af8f7a9,Non-Investment Liabilities - Other Liabilities,balance_sheet,2024-12-31
Acc4dee,Af8f7a9,Non-Investment Assets - Cash,balance_sheet,2024-12-31
Acc4dee,Af8f7a9,Non-Investment Assets - Other Assets,balance_sheet,2024-12-31
Acc4dee,Af8f7a9,Non-Investment Liabilities - Other Liabilities,balance_sheet,2024-12-31
A44702b,Af8f7a9,Non-Investment Assets - Cash,balance_sheet,2024-12-31
A44702b,Af8f7a9,Non-Investment Assets - Other Assets,balance_sheet,2024-12-31
A44702b,Af8f7a9,Non-Investment Liabilities - Other Liabilities,balance_sheet,2024-12-31
Aba6caa,Af8f7a9,Non-Investment Assets - Cash,balance_sheet,2024-12-31
Aba6caa,Af8f7a9,Non-Investment Assets - Other Assets,balance_sheet,2024-12-31
Aba6caa,Af8f7a9,Non-Investment Liabilities - Other Liabilities,balance_sheet,2024-12-31
Af390f9,Af8f7a9,Non-Investment Assets - Cash,balance_sheet,2024-12-31
Af390f9,Af8f7a9,Non-Investment Assets - Other Assets,balance_sheet,2024-12-31
Af390f9,Af8f7a9,Non-Investment Liabilities - Other Liabilities,balance_sheet,2024-12-31
A73be2a,18be12,Net Non-Investment Assets from Canyon Laurell II Master Fund,balance_sheet,2024-12-31
A73be2a,18be12,Non-Investment Assets - Cash,balance_sheet,2024-12-31
A73be2a,18be12,Non-Investment Assets - Other Assets,balance_sheet,2024-12-31
A73be2a,18be12,Non-Investment Liabilities - Other Liabilities,balance_sheet,2024-12-31
A5494b2,18be12,Non-Investment Assets - Cash,balance_sheet,2024-12-31
A5494b2,18be12,Non-Investment Assets - Other Assets,balance_sheet,2024-12-31
A5494b2,18be12,Non-Investment Liabilities - Other Liabilities,balance_sheet,2024-12-31
Aa71003,18be12,Non-Investment Assets - Cash,balance_sheet,2024-12-31
Aa71003,18be12,Non-Investment Assets - Other Assets,balance_sheet,2024-12-31
Aa71003,18be12,Non-Investment Liabilities - Other Liabilities,balance_sheet,2024-12-31
Aa71003,18be12,Non-Investment Liabilities - Subscription Line of Credit,balance_sheet,2024-12-31
A153d68,A08aac2,Non-Investment Assets - Cash,balance_sheet,2024-12-31
A153d68,A08aac2,Non-Investment Assets - Other Assets,balance_sheet,2024-12-31
A153d68,A08aac2,Non-Investment Liabilities - Other Liabilities,balance_sheet,2024-12-31
A103ce5,A348789,Non-Investment Assets - Cash,balance_sheet,2024-12-31
A103ce5,A348789,Non-Investment Liabilities - Other Liabilities,balance_sheet,2024-12-31
Ab4033d,A91b7d0,Non-Investment Assets - Cash,balance_sheet,2024-12-31
Ab4033d,A91b7d0,Non-Investment Assets - Other Assets,balance_sheet,2024-12-31
Ab4033d,A91b7d0,Non-Investment Liabilities - Other Liabilities,balance_sheet,2024-12-31
Ab4033d,A91b7d0,Non-Investment Liabilities - Subscription Line of Credit,balance_sheet,2024-12-31
Aa5bde6,A91b7d0,Non-Investment Assets - Cash,balance_sheet,2024-12-31
Aa5bde6,A91b7d0,Non-Investment Assets - Other Assets,balance_sheet,2024-12-31
Aa5bde6,A91b7d0,Non-Investment Liabilities - Other Liabilities,balance_sheet,2024-12-31
Aa5bde6,A91b7d0,Non-Investment Liabilities - Subscription Line of Credit,balance_sheet,2024-12-31
A73775f,Af8f7a9,Non-Investment Assets - Cash,balance_sheet,2024-12-31
A73775f,Af8f7a9,Non-Investment Assets - Other Assets,balance_sheet,2024-12-31
A73775f,Af8f7a9,Non-Investment Liabilities - Other Liabilities,balance_sheet,2024-12-31
A73775f,Af8f7a9,Tax Distributions,accounting_entry,2024-12-31
A40cc93,A49a079,Non-Investment Assets - Cash,balance_sheet,2024-12-31
A40cc93,A49a079,Non-Investment Assets - Other Assets,balance_sheet,2024-12-31
A40cc93,A49a079,Non-Investment Liabilities - Other Liabilities,balance_sheet,2024-12-31
Ac15ed6,A2f186b,Non-Investment Assets - Cash,balance_sheet,2024-12-31
Ac15ed6,A2f186b,Non-Investment Assets - Other Assets,balance_sheet,2024-12-31
A2a38e9,A2f186b,Non-Investment Assets - Cash,balance_sheet,2024-12-31
A2a38e9,A2f186b,Non-Investment Assets - Other Assets,balance_sheet,2024-12-31
A2a38e9,A2f186b,Non-Investment Liabilities - Other Liabilities,balance_sheet,2024-12-31
Ad1a396,Ad70035,Non-Investments Liabilities -  Other Liabilities,balance_sheet,2024-12-31
Ad1a396,Ad70035,Non-investments Assets - Cash,balance_sheet,2024-12-31
Ad1a396,Ad70035,Non-investments Assets - Other Assets,balance_sheet,2024-12-31
Ae67360,Ad70035,Non-Investment Assets - Cash,balance_sheet,2024-12-31
Ae67360,Ad70035,Non-Investment Assets - Other Assets,balance_sheet,2024-12-31
Ae67360,Ad70035,Non-Investment Liabilities - Other Liabilities,balance_sheet,2024-12-31
Ae4f50d,Ad70035,Non-Investment Assets - Cash,balance_sheet,2024-12-31
Ae4f50d,Ad70035,Non-Investment Assets - Other Assets,balance_sheet,2024-12-31
Ae4f50d,Ad70035,Non-Investment Liabilities - Other Liabilities,balance_sheet,2024-12-31
A23ee88,Ad70035,Non-Investment Assets - Cash,balance_sheet,2024-12-31
A23ee88,Ad70035,Non-Investment Assets - Other Assets,balance_sheet,2024-12-31
A23ee88,Ad70035,Non-Investment Liabilities - Other Liabilities,balance_sheet,2024-12-31
A11f7a2,A2e3873,Non-Investment Assets - Cash,balance_sheet,2024-12-31
A11f7a2,A2e3873,Non-Investment Assets - Other Assets,balance_sheet,2024-12-31
A11f7a2,A2e3873,Non-Investment Liabilities - Other Liabilities,balance_sheet,2024-12-31
A11f7a2,A2e3873,Non-Investment Liabilities - Subscription Line of Credit,balance_sheet,2024-12-31
A1e8a7e,Ac37569,Non-Investment Assets - Cash,balance_sheet,2024-12-31
A1e8a7e,Ac37569,Non-Investment Assets - Other Assets,balance_sheet,2024-12-31
A1e8a7e,Ac37569,Non-Investment Liabilities - Other Liabilities,balance_sheet,2024-12-31
Af5ff4f,Ac37569,Non-Investment Assets - Cash,balance_sheet,2024-12-31
Af5ff4f,Ac37569,Non-Investment Assets - Other Assets,balance_sheet,2024-12-31
Af5ff4f,Ac37569,Non-Investment Liabilities - Other Liabilities,balance_sheet,2024-12-31
Aa12a53,A8bd477,Non-Investment Liabilities - Other Liabilities,balance_sheet,2024-12-31
A9ffbf3,Ad7e703,Non-Investment Assets - Cash,balance_sheet,2024-12-31
A9ffbf3,Ad7e703,Non-Investment Liabilities - Other Liabilities,balance_sheet,2024-12-31
A9c9bb9,A0c2722,Non-Investmentsa Assets - Cash and cash equivalents,balance_sheet,2024-12-31
A9c9bb9,A0c2722,Non-Investmentsa Assets - Other Assets,balance_sheet,2024-12-31
A9c9bb9,A0c2722,Non-Investmentsa Liabilities- Other Liabilities,balance_sheet,2024-12-31
Adf56a5,A6299d5,Non-Investment Assets - Cash,balance_sheet,2024-12-31
Adf56a5,A6299d5,Non-Investment Assets - Other Assets,balance_sheet,2024-12-31
A615cff,A18fded,Non-Investment Assets - Cash,balance_sheet,2024-12-31
A615cff,A18fded,Non-Investment Liabilities - Other Liabilities,balance_sheet,2024-12-31
A5466bf,Acdb9df,Non-Investment Assets - Cash,balance_sheet,2024-12-31
A5466bf,Acdb9df,Non-Investment Assets - Other Assets,balance_sheet,2024-12-31
A5466bf,Acdb9df,Non-Investment Liabilities - Other Liabilities,balance_sheet,2024-12-31
A29c2b9,Aed3782,Non-Investment Assets - Cash,balance_sheet,2024-12-31
A29c2b9,Aed3782,Non-Investment Assets - Other Assets,balance_sheet,2024-12-31
A29c2b9,Aed3782,Non-Investment Liabilities - Other Liabilities,balance_sheet,2024-12-31
Af017ce,3.95E+42,Non-Investment Assets - Cash,balance_sheet,2024-12-31
Af017ce,3.95E+42,Non-Investment Assets - Other Assets,balance_sheet,2024-12-31
Af017ce,3.95E+42,Non-Investment Liabilities - Other Liabilities,balance_sheet,2024-12-31
A6d0e2b,3.95E+42,Non-Investment Assets - Cash,balance_sheet,2024-12-31
A6d0e2b,3.95E+42,Non-Investment Assets - Other Assets,balance_sheet,2024-12-31
A6d0e2b,3.95E+42,Non-Investment Liabilities - Other Liabilities,balance_sheet,2024-12-31
A21e474,3.95E+42,Non-Investment Assets - Cash,balance_sheet,2024-12-31
A21e474,3.95E+42,Non-Investment Assets - Other Assets,balance_sheet,2024-12-31
A21e474,3.95E+42,Non-Investment Liabilities - Other Liabilities,balance_sheet,2024-12-31
A82f5de,3.95E+42,Non-Investment Assets - Cash,balance_sheet,2024-12-31
A82f5de,3.95E+42,Non-Investment Assets - Other Assets,balance_sheet,2024-12-31
A82f5de,3.95E+42,Non-Investment Liabilities - Other Liabilities,balance_sheet,2024-12-31
A82f5de,3.95E+42,Non-Investment Liabilities - Subscription Line of Credit,balance_sheet,2024-12-31
A0841e0,3.95E+42,Non-Investment Assets - Cash,balance_sheet,2024-12-31
A0841e0,3.95E+42,Non-Investment Assets - Other Assets,balance_sheet,2024-12-31
A0841e0,3.95E+42,Non-Investment Liabilities - Other Liabilities,balance_sheet,2024-12-31
A7199bc,A96d1b3,Non-Investment Assets - Cash,balance_sheet,2024-12-31
A7199bc,A96d1b3,Non-Investment Assets - Other Assets,balance_sheet,2024-12-31
A7199bc,A96d1b3,Non-Investment Liabilities - Other Liabilities,balance_sheet,2024-12-31
A3c99e8,A9fbabf,Non-Investment Assets - Cash,balance_sheet,2024-12-31
A3c99e8,A9fbabf,Non-Investment Assets - Other Assets,balance_sheet,2024-12-31
A3c99e8,A9fbabf,Non-Investment Liabilities - Other Liabilities,balance_sheet,2024-12-31
A3c99e8,A9fbabf,Non-Investment Liabilities - Subscription Line of Credit,balance_sheet,2024-12-31
A87a21d,A9fbabf,Cash,accounting_entry,2024-12-31
A87a21d,A9fbabf,Non-Investment Assets - Cash,balance_sheet,2024-12-31
A87a21d,A9fbabf,Non-Investment Assets - Other assets,balance_sheet,2024-12-31
A87a21d,A9fbabf,Non-Investment Liabilities - Other Liabilities,balance_sheet,2024-12-31
A87a21d,A9fbabf,Non-Investment Liabilities - Subscription Line of Credit,balance_sheet,2024-12-31
A11730c,A3e342a,Non-Investment Assets - Cash,balance_sheet,2024-12-31
A11730c,A3e342a,Non-Investment Assets - Other Assets,balance_sheet,2024-12-31
A11730c,A3e342a,Non-Investment Liabilities - Other Liabilities,balance_sheet,2024-12-31
A9e2889,A3e342a,Non-Investment Assets - Cash,balance_sheet,2024-12-31
A9e2889,A3e342a,Non-Investment Assets - Other Assets,balance_sheet,2024-12-31
A9e2889,A3e342a,Non-Investment Liabilities - Other Liabilities,balance_sheet,2024-12-31
A583186,A3e342a,Non-Investment Assets - Cash,balance_sheet,2024-12-31
A583186,A3e342a,Non-Investment Assets - Other Assets,balance_sheet,2024-12-31
A583186,A3e342a,Non-Investment Liabilities - Other Liabilities,balance_sheet,2024-12-31
A7ead5b,A65900b,Non-Investment Assets - Cash,balance_sheet,2024-12-31
A7ead5b,A65900b,Non-Investment Assets - Other Assets,balance_sheet,2024-12-31
A7ead5b,A65900b,Non-Investment Liabilities - Other Liabilities,balance_sheet,2024-12-31
A1c6bfc,A65900b,Non-Investment Assets - Cash,balance_sheet,2024-12-31
A1c6bfc,A65900b,Non-Investment Assets - Other Assets,balance_sheet,2024-12-31
A1c6bfc,A65900b,Non-Investment Liabilities - Other Liabilities,balance_sheet,2024-12-31
Afb9c3e,A65900b,Non-Investment Assets - Cash,balance_sheet,2024-12-31
Afb9c3e,A65900b,Non-Investment Assets - Other Assets,balance_sheet,2024-12-31
Afb9c3e,A65900b,Non-Investment Liabilities - Other Liabilities,balance_sheet,2024-12-31
A1ecf04,A65900b,Non-Investment Assets - Cash,balance_sheet,2024-12-31
A1ecf04,A65900b,Non-Investment Assets - Other Assets,balance_sheet,2024-12-31
A1ecf04,A65900b,Non-Investment Liabilities - Other Liabilities,balance_sheet,2024-12-31
A2257c0,A65900b,Non-Investment Assets - Cash,balance_sheet,2024-12-31
A2257c0,A65900b,Non-Investment Assets - Other Assets,balance_sheet,2024-12-31
A2257c0,A65900b,Non-Investment Liabilities - Other Liabilities,balance_sheet,2024-12-31
A2257c0,A65900b,Non-Investment Liabilities - Subscription Line of Credit,balance_sheet,2024-12-31
Af5c876,A2053b4,Non-Investment Assets - Cash,balance_sheet,2024-12-31
Af5c876,A2053b4,Non-Investment Liabilities - Other Liabilities,balance_sheet,2024-12-31
Abd887e,A69ce65,Non-Investment Liabilities - Other Liabilities,balance_sheet,2024-12-31
Abd887e,A69ce65,Non-Investment Liabilities - Subscription Line of Credit,balance_sheet,2024-12-31
Aaab069,A69ce65,Non-Investment Assets - Cash,balance_sheet,2024-12-31
Aaab069,A69ce65,Non-Investment Assets - Other Assets,balance_sheet,2024-12-31
Aaab069,A69ce65,Non-Investment Liabilities - Other Liabilities,balance_sheet,2024-12-31
Ad2d94c,A69ce65,Non-Investment Assets - Cash,balance_sheet,2024-12-31
Ad2d94c,A69ce65,Non-Investment Assets - Other Assets,balance_sheet,2024-12-31
Ad2d94c,A69ce65,Non-Investment Liabilities - Other Liabilities,balance_sheet,2024-12-31
Ad2d94c,A69ce65,Non-Investment Liabilities - Subscription Line of Credit,balance_sheet,2024-12-31
A7eee3e,A69ce65,Non-Investment Assets - Other Assets,balance_sheet,2024-12-31
A7eee3e,A69ce65,Non-Investment Liabilities - Other Liabilities,balance_sheet,2024-12-31
A7eee3e,A69ce65,Non-Investment Liabilities - Subscription Line of Credit,balance_sheet,2024-12-31
Afa36f2,A6941fe,Non-Investment Assets - Cash.,balance_sheet,2024-12-31
Afa36f2,A6941fe,Non-Investment Assets - Other Assets.,balance_sheet,2024-12-31
Afa36f2,A6941fe,Non-Investment Liabilities - Other Liabilities.,balance_sheet,2024-12-31
Af7f070,A6941fe,Non-Investment Assets - Cash.,balance_sheet,2024-12-31
Af7f070,A6941fe,Non-Investment Assets - Other Assets.,balance_sheet,2024-12-31
Af7f070,A6941fe,Non-Investment Liabilities - Other Liabilities.,balance_sheet,2024-12-31
A4e4547,A6941fe,Non-Investment Assets - Cash,balance_sheet,2024-12-31
A4e4547,A6941fe,Non-Investment Liabilities - Other Liabilities,balance_sheet,2024-12-31
A1f6229,A6941fe,Non-Investment Assets - Cash,balance_sheet,2024-12-31
A1f6229,A6941fe,Non-Investment Liabilities - Other Liabilities,balance_sheet,2024-12-31
Ab408e9,A6941fe,Non-Investment Assets - Cash,balance_sheet,2024-12-31
Ab408e9,A6941fe,Non-Investment Liabilities - Other Liabilities,balance_sheet,2024-12-31
A583f8f,A6941fe,Non-Investment Assets - Cash,balance_sheet,2024-12-31
A583f8f,A6941fe,Non-Investment Assets - Other Assets,balance_sheet,2024-12-31
A583f8f,A6941fe,Non-Investment Liabilities - Other Liabilities,balance_sheet,2024-12-31
A4974ad,A6941fe,Non-Investment Assets - Cash.,balance_sheet,2024-12-31
A4974ad,A6941fe,Non-Investment Assets - Other Assets.,balance_sheet,2024-12-31
A4974ad,A6941fe,Non-Investment Liabilities - Other Liabilities.,balance_sheet,2024-12-31
A775233,A6c1ccf,Non-Investment Assets - Cash,balance_sheet,2024-12-31
A775233,A6c1ccf,Non-Investment Liabilities - Other Liabilities,balance_sheet,2024-12-31
Aa2c385,A6c1ccf,Non-Investment Assets - Cash,balance_sheet,2024-12-31
Aa2c385,A6c1ccf,Non-Investment Assets - Other Assets,balance_sheet,2024-12-31
Aa2c385,A6c1ccf,Non-Investment Liabilities - Other Liabilities,balance_sheet,2024-12-31
Ace52ab,A6c1ccf,Non-Investment Assets - Cash,balance_sheet,2024-12-31
Ace52ab,A6c1ccf,Non-Investment Liabilities - Other Liabilities,balance_sheet,2024-12-31
A092704,A6c1ccf,Non-Investment Asset - Cash,balance_sheet,2024-12-31
A092704,A6c1ccf,Non-Investment Liabilities - Other Liabilities,balance_sheet,2024-12-31
A191419,A6c1ccf,Non-Investment Assets - Cash,balance_sheet,2024-12-31
A191419,A6c1ccf,Non-Investment Assets - Other Assets,balance_sheet,2024-12-31
A191419,A6c1ccf,Non-Investment Liabilities - Other Liabilities,balance_sheet,2024-12-31
A27adfb,A6c1ccf,Non-Investment Assets - Cash,balance_sheet,2024-12-31
A27adfb,A6c1ccf,Non-Investment Assets - Other Assets,balance_sheet,2024-12-31
A27adfb,A6c1ccf,Non-Investment Liabilities - Other Liabilities,balance_sheet,2024-12-31
Af3e452,A6c1ccf,Non-Investment Assets - Cash,balance_sheet,2024-12-31
Af3e452,A6c1ccf,Non-Investment Liabilities - Other Liabilities,balance_sheet,2024-12-31
A44bd87,A6c1ccf,Non-Investment Assets - Cash,balance_sheet,2024-12-31
A44bd87,A6c1ccf,Non-Investment Assets - Other Liabilities,balance_sheet,2024-12-31
Acc6f90,Ad137c9,Non-Investment Liabilities - Other Liabilities,balance_sheet,2024-12-31
Acc6f90,Ad137c9,Non-Investments Assets - Cash,balance_sheet,2024-12-31
Acc6f90,Ad137c9,Non-Investments Assets - Other assets,balance_sheet,2024-12-31
A3e5704,Aded344,Non-Investment Assets - Cash,balance_sheet,2024-12-31
A3e5704,Aded344,Non-Investment Assets - Other Assets,balance_sheet,2024-12-31
A3e5704,Aded344,Non-Investment Liabilities - Other Liabilities,balance_sheet,2024-12-31
Aabdf3f,Aded344,Non-Investment Assets - Cash,balance_sheet,2024-12-31
Aabdf3f,Aded344,Non-Investment Assets - Other Assets,balance_sheet,2024-12-31
Aabdf3f,Aded344,Non-Investment Liabilities - Other Liabilities,balance_sheet,2024-12-31
A639c17,Aded344,Non-Investment Assets - Cash,balance_sheet,2024-12-31
A639c17,Aded344,Non-Investment Liabilities - Other Liabilities,balance_sheet,2024-12-31
A555d5f,Aded344,Non-Investment Assets - Cash,balance_sheet,2024-12-31
A555d5f,Aded344,Non-Investment Liabilities - Other Liabilities,balance_sheet,2024-12-31
Abc54d3,Aded344,Non-Investment Assets - Cash,balance_sheet,2024-12-31
Abc54d3,Aded344,Non-Investment Liabilities - Other Liabilities,balance_sheet,2024-12-31
A7804fe,Aded344,Non-Investment Assets - Cash,balance_sheet,2024-12-31
A7804fe,Aded344,Non-Investments Liabilities - Other liabilities,balance_sheet,2024-12-31
A56ea14,A44e6c2,Non-Investment Assets - Cash,balance_sheet,2024-12-31
A56ea14,A44e6c2,Non-Investment Assets - Other Assets,balance_sheet,2024-12-31
A56ea14,A44e6c2,Non-Investment Liabilities - Other Liabilities,balance_sheet,2024-12-31
A56ea14,A44e6c2,Non-Investment Liabilities - Subscription Line of Credit,balance_sheet,2024-12-31
A680edc,Aded344,Non-Investment Assets - Cash,balance_sheet,2024-12-31
A680edc,Aded344,Non-Investment Assets - Other Assets,balance_sheet,2024-12-31
A680edc,Aded344,Non-Investment Liabilities - Other Liabilities,balance_sheet,2024-12-31
A79043d,Aded344,Non-Investment Assets - Cash,balance_sheet,2024-12-31
A79043d,Aded344,Non-Investment Assets - Other Assets,balance_sheet,2024-12-31
A79043d,Aded344,Non-Investment Liabilities - Other Liabilities,balance_sheet,2024-12-31
A396ea8,Aded344,Non-Investment Assets - Cash,balance_sheet,2024-12-31
A396ea8,Aded344,Non-Investment Assets - Other Assets,balance_sheet,2024-12-31
A396ea8,Aded344,Non-Investment Liabilities - Other Liabilities,balance_sheet,2024-12-31
Ad18ba4,Aded344,Non-Investment Assets - Cash,balance_sheet,2024-12-31
Ad18ba4,Aded344,Non-Investment Assets - Other Assets,balance_sheet,2024-12-31
Ad18ba4,Aded344,Non-Investment Liabilities - Other Liabilities,balance_sheet,2024-12-31
Ab7dccf,Aded344,Non-Investment Assets - Cash,balance_sheet,2024-12-31
Ab7dccf,Aded344,Non-Investment Assets - Other Assets,balance_sheet,2024-12-31
Ab7dccf,Aded344,Non-Investment Liabilities - Other Liabilities,balance_sheet,2024-12-31
Ae27857,Aded344,Non-Investment Assets - Cash,balance_sheet,2024-12-31
Ae27857,Aded344,Non-Investment Assets - Other Assets,balance_sheet,2024-12-31
Ae27857,Aded344,Non-Investment Liabilities - Other Liabilities,balance_sheet,2024-12-31
Ae27857,Aded344,Non-Investment Liabilities - Subscription Line of Credit,balance_sheet,2024-12-31
Ae5aac1,Aded344,Non-Investment Assets - Cash,balance_sheet,2024-12-31
Ae5aac1,Aded344,Non-Investment Assets - Other Assets,balance_sheet,2024-12-31
Ae5aac1,Aded344,Non-Investment Liabilities - Other Liabilities,balance_sheet,2024-12-31
A4f0eca,A2d789a,Non-Investment Assets - Cash,balance_sheet,2024-12-31
A4f0eca,A2d789a,Non-Investment Assets - Other Assets,balance_sheet,2024-12-31
A4f0eca,A2d789a,Non-Investment Liabilities - Other Liabilities,balance_sheet,2024-12-31
A21846d,A2d789a,ASC 740-10 Accrual,accounting_entry,2024-12-31
A21846d,A2d789a,Non-Investment Assets - Cash,balance_sheet,2024-12-31
A21846d,A2d789a,Non-Investment Assets - Other Assets,balance_sheet,2024-12-31
A21846d,A2d789a,Non-Investment Liabilities - Other Liabilities,balance_sheet,2024-12-31
Ae848ec,A2d789a,ASC 740-10 Accrual,accounting_entry,2024-12-31
Ae848ec,A2d789a,Non-Investment Assets - Cash,balance_sheet,2024-12-31
Ae848ec,A2d789a,Non-Investment Assets - Other Assets,balance_sheet,2024-12-31
Ae848ec,A2d789a,Non-Investment Liabilities - Other Liabilities,balance_sheet,2024-12-31
A1e1987,A2d789a,ASC 740-10 Accrual,accounting_entry,2024-12-31
A1e1987,A2d789a,Non-Investment Assets - Cash,balance_sheet,2024-12-31
A1e1987,A2d789a,Non-Investment Assets - Other Assets,balance_sheet,2024-12-31
A1e1987,A2d789a,Non-Investment Liabilities - Other Liabilities,balance_sheet,2024-12-31
A14ab79,A2d789a,ASC 740-10 Accrual,accounting_entry,2024-12-31
A14ab79,A2d789a,Non-Investment Assets - Cash,balance_sheet,2024-12-31
A14ab79,A2d789a,Non-Investment Assets - Other Assets,balance_sheet,2024-12-31
A14ab79,A2d789a,Non-Investment Liabilities - Other Liabilities,balance_sheet,2024-12-31
Ae1b92f,A2d789a,ASC 740-10 Accrual,accounting_entry,2024-12-31
Ae1b92f,A2d789a,Non-Investment Assets - Cash,balance_sheet,2024-12-31
Ae1b92f,A2d789a,Non-Investment Assets - Other Assets,balance_sheet,2024-12-31
Ae1b92f,A2d789a,Non-Investment Liabilities - Other Liabilities,balance_sheet,2024-12-31
A97e381,A2d789a,ASC 740-10 Accrual,accounting_entry,2024-12-31
A97e381,A2d789a,Non-Investment Assets - Cash,balance_sheet,2024-12-31
A97e381,A2d789a,Non-Investment Liabilities - Other Liabilities,balance_sheet,2024-12-31
Ade1748,A2d789a,ASC 740-10 Accrual,accounting_entry,2024-12-31
Ade1748,A2d789a,Non-Investment Assets - Cash,balance_sheet,2024-12-31
Ade1748,A2d789a,Non-Investment Liabilities - Other Liabilities,balance_sheet,2024-12-31
A8cdb70,A2d789a,ASC 740-10 Accrual,accounting_entry,2024-12-31
A8cdb70,A2d789a,Non-Investment Assets - Cash,balance_sheet,2024-12-31
A8cdb70,A2d789a,Non-Investment Liabilities - Other Liabilities,balance_sheet,2024-12-31
A8cdb70,A2d789a,Quarterly Unrealized Gain/Loss,accounting_entry,2024-12-31
A1f001f,A2d789a,ASC 740-10 Accrual,accounting_entry,2024-12-31
A1f001f,A2d789a,Non-Investment Assets - Cash,balance_sheet,2024-12-31
A1f001f,A2d789a,Non-Investment Liabilities - Other Liabilities,balance_sheet,2024-12-31
A1f001f,A2d789a,Quarterly Unrealized Gain/Loss,accounting_entry,2024-12-31
Acd9669,A2d789a,ASC 740-10 Accrual,accounting_entry,2024-12-31
Acd9669,A2d789a,Non-Investment Assets - Cash,balance_sheet,2024-12-31
Acd9669,A2d789a,Non-Investment Assets - Other Assets,balance_sheet,2024-12-31
Acd9669,A2d789a,Non-Investment Liabilities - Other Liabilities,balance_sheet,2024-12-31
Acd9669,A2d789a,Quarterly Unrealized Gain/Loss,accounting_entry,2024-12-31
A07e679,A2d789a,ASC 740-10 Accrual,accounting_entry,2024-12-31
A07e679,A2d789a,Non-Investment Assets - Cash,balance_sheet,2024-12-31
A07e679,A2d789a,Non-Investment Assets - Other Assets,balance_sheet,2024-12-31
A07e679,A2d789a,Non-Investment Liabilities - Other Liabilities,balance_sheet,2024-12-31
Ab2a293,A2d789a,ASC 740-10 Accrual,accounting_entry,2024-12-31
Ab2a293,A2d789a,Non-Investment Assets - Cash,balance_sheet,2024-12-31
Ab2a293,A2d789a,Non-Investment Assets - Other Assets,balance_sheet,2024-12-31
Ab2a293,A2d789a,Non-Investment Liabilities - Other Liabilities,balance_sheet,2024-12-31
Ab2a293,A2d789a,Quarterly Unrealized Gain/Loss,accounting_entry,2024-12-31
Aabfb4f,A2d789a,ASC 740-10 Accrual,accounting_entry,2024-12-31
Aabfb4f,A2d789a,Non-Investment Assets - Cash,balance_sheet,2024-12-31
Aabfb4f,A2d789a,Non-Investment Assets - Other Assets,balance_sheet,2024-12-31
Aabfb4f,A2d789a,Non-Investment Liabilities - Other Liabilities,balance_sheet,2024-12-31
A159f57,A2d789a,ASC 740-10 Accrual,accounting_entry,2024-12-31
A159f57,A2d789a,Non-Investment Assets - Cash,balance_sheet,2024-12-31
A159f57,A2d789a,Non-Investment Assets - Other Assets,balance_sheet,2024-12-31
A159f57,A2d789a,Non-Investment Liabilities - Other Liabilities,balance_sheet,2024-12-31
Af38835,A2d789a,ASC 740-10 Accrual,accounting_entry,2024-12-31
Af38835,A2d789a,Non-Investment Assets - Cash,balance_sheet,2024-12-31
Af38835,A2d789a,Non-Investment Assets - Other Assets,balance_sheet,2024-12-31
Af38835,A2d789a,Non-Investment Liabilities - Other Liabilities,balance_sheet,2024-12-31
Ae1bc14,A2d789a,ASC 740-10 Accrual,accounting_entry,2024-12-31
Ae1bc14,A2d789a,Non-Investment Assets - Cash,balance_sheet,2024-12-31
Ae1bc14,A2d789a,Non-Investment Assets - Other Assets,balance_sheet,2024-12-31
Ae1bc14,A2d789a,Non-Investment Liabilities - Other Liabilities,balance_sheet,2024-12-31
Ae1bc14,A2d789a,Subtotal Crypto Assets,subtotal,2024-12-31
Ad1697b,A2d789a,ASC 740-10 Accrual,accounting_entry,2024-12-31
Ad1697b,A2d789a,Non-Investment Assets - Cash,balance_sheet,2024-12-31
Ad1697b,A2d789a,Non-Investment Assets - Other Assets,balance_sheet,2024-12-31
A84826f,A2d789a,ASC 740-10 Accrual,accounting_entry,2024-12-31
A84826f,A2d789a,Non-Investment Assets - Cash,balance_sheet,2024-12-31
A84826f,A2d789a,Non-Investment Assets - Other Assets,balance_sheet,2024-12-31
A84826f,A2d789a,Non-Investment Liabilities - Other Liabilities,balance_sheet,2024-12-31
A828a39,A7b259c,Non-Investment Assets - Cash,balance_sheet,2024-12-31
A828a39,A7b259c,Non-Investment Assets - Other Assets,balance_sheet,2024-12-31
A828a39,A7b259c,Non-Investment Liabilities - Other Liabilities,balance_sheet,2024-12-31
A828a39,A7b259c,Non-Investment Liabilities - Subscription Line of Credit,balance_sheet,2024-12-31
A6e113b,A7b259c,Non-Investment Assets - Cash,balance_sheet,2024-12-31
A6e113b,A7b259c,Non-Investment Assets - Other Assets,balance_sheet,2024-12-31
A6e113b,A7b259c,Non-Investment Liabilities - Other Liabilities,balance_sheet,2024-12-31
A6e113b,A7b259c,Non-Investment Liabilities - Subscription Line of Credit,balance_sheet,2024-12-31
Adbd48d,A01041e,Non-Investment Assets - Cash,balance_sheet,2024-12-31
Adbd48d,A01041e,Non-Investment Assets - Other Assets,balance_sheet,2024-12-31
Adbd48d,A01041e,Non-Investment Liabilities - Other Liabilities,balance_sheet,2024-12-31
A751851,A8e74aa,Non-Investment Assets - Cash,balance_sheet,2024-12-31
A751851,A8e74aa,Non-Investment Assets - Other Assets,balance_sheet,2024-12-31
A751851,A8e74aa,Non-Investment Liabilities - Other Liabilities,balance_sheet,2024-12-31
Ac1eb23,A8e74aa,Non-Investment Assets - Cash,balance_sheet,2024-12-31
Ac1eb23,A8e74aa,Non-Investment Assets - Other Assets,balance_sheet,2024-12-31
Ac1eb23,A8e74aa,Non-Investment Liabilities - Other Liabilities,balance_sheet,2024-12-31
A2c973b,A8d1733,Non-Investment Assets - Cash,balance_sheet,2024-12-31
A2c973b,A8d1733,Non-Investment Assets - Other Assets,balance_sheet,2024-12-31
A2c973b,A8d1733,Non-Investment liabilities - Other liabilities,balance_sheet,2024-12-31
A41fefa,A8d1733,Non-Investment Assets - Cash,balance_sheet,2024-12-31
A41fefa,A8d1733,Non-Investment Assets - Other Assets,balance_sheet,2024-12-31
A41fefa,A8d1733,Non-Investment Liabilities - Other Liabilities,balance_sheet,2024-12-31
A5bb3fe,A8d1733,Non-Investment Assets - Cash,balance_sheet,2024-12-31
A5bb3fe,A8d1733,Non-Investment Assets - Other Assets,balance_sheet,2024-12-31
A5bb3fe,A8d1733,Non-Investment Liabilities - Other Liabilities,balance_sheet,2024-12-31
A80b715,A8d1733,Non-Investment Assets - Cash,balance_sheet,2024-12-31
A80b715,A8d1733,Non-Investment Assets - Other Assets,balance_sheet,2024-12-31
A80b715,A8d1733,Non-Investment Liabilities - Other Liabilities,balance_sheet,2024-12-31
Ae4c498,A8d1733,Non-Investment Assets - Cash,balance_sheet,2024-12-31
Ae4c498,A8d1733,Non-Investment Assets - Other Assets,balance_sheet,2024-12-31
Ae4c498,A8d1733,Non-Investment Liabilities - Other Liabilities,balance_sheet,2024-12-31
A28d8b6,A7b4b7c,Non-Investment Assets - Cash,balance_sheet,2024-12-31
A28d8b6,A7b4b7c,Non-Investment Assets - Other Assets,balance_sheet,2024-12-31
A28d8b6,A7b4b7c,Non-Investment Liabilities - Other Liabilities,balance_sheet,2024-12-31
Aaa2cfe,A7b4b7c,Non-Investment Assets - Cash,balance_sheet,2024-12-31
Aaa2cfe,A7b4b7c,Non-Investment Assets - Other Assets,balance_sheet,2024-12-31
Aaa2cfe,A7b4b7c,Non-Investment Liabilities - Other Liabilities,balance_sheet,2024-12-31
A51255c,A7b4b7c,Non-Investment Assets - Cash,balance_sheet,2024-12-31
A51255c,A7b4b7c,Non-Investment Assets - Other Assets,balance_sheet,2024-12-31
A51255c,A7b4b7c,Non-Investment Liabilities - Other Liabilities,balance_sheet,2024-12-31
A06207a,A7b4b7c,Non-Investment Assets - Cash,balance_sheet,2024-12-31
A06207a,A7b4b7c,Non-Investment Assets - Other Assets,balance_sheet,2024-12-31
A06207a,A7b4b7c,Non-Investment Liabilities - Other Liabilities,balance_sheet,2024-12-31
A6a1271,Ab9d621,Non-Investment Assets - Cash,balance_sheet,2024-12-31
A6a1271,Ab9d621,Non-Investment Assets - Other Assets,balance_sheet,2024-12-31
Ab560d4,Aac22ed,Non-Investment Assets - Cash,balance_sheet,2024-12-31
Ab560d4,Aac22ed,Non-Investment Assets - Other Assets,balance_sheet,2024-12-31
Ab560d4,Aac22ed,Non-Investment Liabilities - Other Liabilities,balance_sheet,2024-12-31
A6bfae0,Aac22ed,Non-Investment Assets - Cash,balance_sheet,2024-12-31
A6bfae0,Aac22ed,Non-Investment Assets - Other Assets,balance_sheet,2024-12-31
A6bfae0,Aac22ed,Non-Investment Liabilities - Other Liabilities,balance_sheet,2024-12-31
A6bfae0,Aac22ed,Realized Proceeds Applied to Loan Repayment,accounting_entry,2024-12-31
A7bcb3d,Ad915f3,Non-Investment Assets - Cash,balance_sheet,2024-12-31
A7bcb3d,Ad915f3,Non-Investment Assets - Other Assets,balance_sheet,2024-12-31
A7bcb3d,Ad915f3,Non-Investment Liabilities - Other Liabilities,balance_sheet,2024-12-31
Af76863,Ad915f3,Non-Investment Assets - Cash,balance_sheet,2024-12-31
Af76863,Ad915f3,Non-Investment Assets - Other Assets,balance_sheet,2024-12-31
Af76863,Ad915f3,Non-Investment Liabilities - Other Liabilities,balance_sheet,2024-12-31
A8ff6ae,Ab9d621,Non-Investment Assets - Cash,balance_sheet,2024-12-31
A8ff6ae,Ab9d621,Non-Investment Assets - Other Assets,balance_sheet,2024-12-31
Abacebf,Ab9d621,Non-Investment Assets - Other Assets,balance_sheet,2024-12-31
Abacebf,Ab9d621,Non-Investment Liabilities - Other Liabilities,balance_sheet,2024-12-31
Ad880d6,Ab9d621,Non-Investment Assets - Other Assets,balance_sheet,2024-12-31
Ad880d6,Ab9d621,Non-Investment Liabilities - Other Liabilities,balance_sheet,2024-12-31
A86b250,A4a1f26,Non-Investment Assets - Cash,balance_sheet,2024-12-31
A86b250,A4a1f26,Non-Investment Assets - Other Assets,balance_sheet,2024-12-31
A86b250,A4a1f26,Non-Investment Liabilities - Other Liabilities,balance_sheet,2024-12-31
A7906e8,A4a1f26,Non-Investment Assets - Cash,balance_sheet,2024-12-31
A7906e8,A4a1f26,Non-Investment Assets - Other Assets,balance_sheet,2024-12-31
A7906e8,A4a1f26,Non-Investment Liabilities - Other Liabilities,balance_sheet,2024-12-31
A7906e8,A4a1f26,Non-Investment Liabilities - Subscription Line of Credit,balance_sheet,2024-12-31
A72c0d9,A4a1f26,Non-Investment Assets - Cash,balance_sheet,2024-12-31
A72c0d9,A4a1f26,Non-Investment Assets - Other Assets,balance_sheet,2024-12-31
A72c0d9,A4a1f26,Non-Investment Liabilities - Other Liabilities,balance_sheet,2024-12-31
A4081d6,A4a1f26,Non-Investment Assets - Cash,balance_sheet,2024-12-31
A4081d6,A4a1f26,Non-Investment Assets - Other Assets,balance_sheet,2024-12-31
A4081d6,A4a1f26,Non-Investment Liabilities - Other Liabilities,balance_sheet,2024-12-31
A4081d6,A4a1f26,Non-Investment Liabilities - Subscription Line of Credit,balance_sheet,2024-12-31
A2cf5a1,A4a1f26,Non-Investment Assets - Cash,balance_sheet,2024-12-31
A2cf5a1,A4a1f26,Non-Investment Assets - Other Assets,balance_sheet,2024-12-31
A2cf5a1,A4a1f26,Non-Investment Liabilities - Other Liabilities,balance_sheet,2024-12-31
A471573,A4a1f26,Non-Investment Assets - Cash,balance_sheet,2024-12-31
A471573,A4a1f26,Non-Investment Assets - Other Assets,balance_sheet,2024-12-31
A471573,A4a1f26,Non-Investment Liabilities - Other Liabilities,balance_sheet,2024-12-31
Aa98e63,Aa130ea,Non-Investment Assets - Cash,balance_sheet,2024-12-31
Aa98e63,Aa130ea,Non-Investment Assets - Other Assets,balance_sheet,2024-12-31
Aa98e63,Aa130ea,Non-Investment Liabilities - Other Liabilities,balance_sheet,2024-12-31
Af5fed4,Aa130ea,Non-Investment Assets - Cash,balance_sheet,2024-12-31
Af5fed4,Aa130ea,Non-Investment Assets - Other Assets,balance_sheet,2024-12-31
Af5fed4,Aa130ea,Non-Investment Liabilities - Other Liabilities,balance_sheet,2024-12-31
A86e0b1,Aa130ea,Non-Investment Assets - Cash,balance_sheet,2024-12-31
A86e0b1,Aa130ea,Non-Investment Liabilities - Other Liabilities,balance_sheet,2024-12-31
A096a41,Aa130ea,Non-Investment Assets - Cash,balance_sheet,2024-12-31
A096a41,Aa130ea,Non-Investment Assets - Other Assets,balance_sheet,2024-12-31
A096a41,Aa130ea,Non-Investment Liabilities - Other Liabilities,balance_sheet,2024-12-31
Accb8dc,A128c7a,Non-Investment Assets - Cash,balance_sheet,2024-12-31
Accb8dc,A128c7a,Non-Investment Assets - Other Assets,balance_sheet,2024-12-31
Accb8dc,A128c7a,Non-Investment Liabilities - Other Liabilities,balance_sheet,2024-12-31
A60210b,A128c7a,Non-Investment Assets - Cash,balance_sheet,2024-12-31
A60210b,A128c7a,Non-Investment Liabilities - Other Liabilities,balance_sheet,2024-12-31
A60210b,A128c7a,Non-Investment Liabilities - Subscription Line of Credit,balance_sheet,2024-12-31
A80d406,A15f96f,Non-Investment Assets - Cash,balance_sheet,2024-12-31
A80d406,A15f96f,Non-Investment Assets - Other Assets,balance_sheet,2024-12-31
A80d406,A15f96f,Non-Investment Liabilities - Other Liabilities,balance_sheet,2024-12-31
Aeccf59,Af0082f,Non-Investment Assets - Cash,balance_sheet,2024-12-31
Aeccf59,Af0082f,Non-Investment Assets - Other Assets,balance_sheet,2024-12-31
Aeccf59,Af0082f,Non-Investment Liabilities - Other Liabilities,balance_sheet,2024-12-31
A65fb68,Af0082f,Non-Investment Assets - Cash,balance_sheet,2024-12-31
A65fb68,Af0082f,Non-Investment Assets - Other Assets,balance_sheet,2024-12-31
A65fb68,Af0082f,Non-Investment Liabilities - Other Liabilities,balance_sheet,2024-12-31
A9859d3,Af0082f,Non-Investment Assets - Cash,balance_sheet,2024-12-31
A9859d3,Af0082f,Non-Investment Assets - Other Assets,balance_sheet,2024-12-31
A9859d3,Af0082f,Non-Investment Liabilities - Other Liabilities,balance_sheet,2024-12-31
A80ede9,Af0082f,Non-Investment Assets - Cash,balance_sheet,2024-12-31
A80ede9,Af0082f,Non-Investment Assets - Other Assets,balance_sheet,2024-12-31
A80ede9,Af0082f,Non-Investment Liabilities - Other Liabilities,balance_sheet,2024-12-31
A72f874,Af0082f,Non-Investment Assets - Cash,balance_sheet,2024-12-31
A72f874,Af0082f,Non-Investment Assets - Other Assets,balance_sheet,2024-12-31
A72f874,Af0082f,Non-Investment Liabilities - Other Liabilities,balance_sheet,2024-12-31
A2234f1,A12c595,Non-Investment Assets - Cash,balance_sheet,2024-12-31
A2234f1,A12c595,Non-Investment Assets - Other Assets,balance_sheet,2024-12-31
A2234f1,A12c595,Non-Investment Liabilities - Other Liabilities,balance_sheet,2024-12-31
A2234f1,A12c595,Pending Escrow,accounting_entry,2024-12-31
Aab52e1,Acc91f3,Cumulative unrealized loss from foreign currency translation,accounting_entry,2024-12-31
Aab52e1,Acc91f3,Non-Investment Assets - Cash,balance_sheet,2024-12-31
Aab52e1,Acc91f3,Non-Investment Assets - Other Assets,balance_sheet,2024-12-31
Aab52e1,Acc91f3,Non-Investment Liabilities - Other Liabilities,balance_sheet,2024-12-31
A3d41c0,Acc91f3,Cumulative unrealized loss from foreign currency translation,accounting_entry,2024-12-31
A3d41c0,Acc91f3,Non-Investment Assets - Cash,balance_sheet,2024-12-31
A3d41c0,Acc91f3,Non-Investment Assets - Other Assets,balance_sheet,2024-12-31
A3d41c0,Acc91f3,Non-Investment Liabilities - Other Liabilities,balance_sheet,2024-12-31
A2f629e,Acc91f3,Cumulative unrealized loss from foreign currency translation,accounting_entry,2024-12-31
A2f629e,Acc91f3,Non-Investment Assets - Cash,balance_sheet,2024-12-31
A2f629e,Acc91f3,Non-Investment Assets - Other Assets,balance_sheet,2024-12-31
A2f629e,Acc91f3,Non-Investment Liabilities - Other Liabilities,balance_sheet,2024-12-31
A51914b,Acc91f3,Foreign Currency Translation,accounting_entry,2024-12-31
A51914b,Acc91f3,Non-Investment Assets - Cash,balance_sheet,2024-12-31
A51914b,Acc91f3,Non-Investment Assets - Other Assets,balance_sheet,2024-12-31
A51914b,Acc91f3,Non-Investment Liabilities - Other Liabilities,balance_sheet,2024-12-31
Aef37a9,A12c595,Non-Investment Assets - Cash,balance_sheet,2024-12-31
Aef37a9,A12c595,Non-Investment Assets - Other Assets,balance_sheet,2024-12-31
Aef37a9,A12c595,Non-Investment Liabilities - Other Liabilities,balance_sheet,2024-12-31
A77a5f6,A12c595,Non-Investment Assets - Cash,balance_sheet,2024-12-31
A77a5f6,A12c595,Non-Investment Assets - Other Assets,balance_sheet,2024-12-31
A77a5f6,A12c595,Non-Investment Liabilities - Other Liabilities,balance_sheet,2024-12-31
A23025c,A12c595,Non-Investment Assets - Cash,balance_sheet,2024-12-31
A23025c,A12c595,Non-Investment Assets - Other Assets,balance_sheet,2024-12-31
A23025c,A12c595,Non-Investment Liabilities - Other Liabilities,balance_sheet,2024-12-31
A23025c,A12c595,Pending Escrow,accounting_entry,2024-12-31
A221849,Aded344,Non-Investment Assets - Cash,balance_sheet,2024-12-31
A221849,Aded344,Non-Investment Liabilities - Other Liabilities,balance_sheet,2024-12-31
Ab1beeb,A6a2191,Non-Investment Assets - Cash,balance_sheet,2024-12-31
Ab1beeb,A6a2191,Non-Investment Assets - Other Assets,balance_sheet,2024-12-31
Ab1beeb,A6a2191,Non-Investment Liabilities - Other Liabilities,balance_sheet,2024-12-31
A6e9d21,A899074,Non-Investment Assets - Cash,balance_sheet,2024-12-31
A6e9d21,A899074,Non-Investment Assets - Other Assets,balance_sheet,2024-12-31
A6e9d21,A899074,Non-Investment Liabilities - Other Liabilities,balance_sheet,2024-12-31
A8b6332,A899074,Non-Investment Assets - Cash,balance_sheet,2024-12-31
A8b6332,A899074,Non-Investment Assets - Other Assets,balance_sheet,2024-12-31
A8b6332,A899074,Non-Investment Liabilities - Other Liabilities,balance_sheet,2024-12-31
Ab781b9,A899074,Non-Investment Assets - Cash,balance_sheet,2024-12-31
Ab781b9,A899074,Non-Investment Assets - Other Assets,balance_sheet,2024-12-31
Ab781b9,A899074,Non-Investment Liabilities - Other Liabilities,balance_sheet,2024-12-31
A19d854,A899074,Non-Investment Assets - Cash,balance_sheet,2024-12-31
A19d854,A899074,Non-Investment Assets - Other Assets,balance_sheet,2024-12-31
A19d854,A899074,Non-Investment Liabilities - Other Liabilities,balance_sheet,2024-12-31
Af75e33,A4d29bc,Non-Investment Assets - Cash,balance_sheet,2024-12-31
Af75e33,A4d29bc,Non-Investment Assets - Other Assets,balance_sheet,2024-12-31
Af75e33,A4d29bc,Non-Investment Liabilities - Other Liabilities,balance_sheet,2024-12-31
A1cecbf,A372a3f,Non-Investment Assets - Cash,balance_sheet,2024-12-31
A1cecbf,A372a3f,Non-Investment Liabilities - Other Liabilities,balance_sheet,2024-12-31
A4ff743,A372a3f,Non-Investment Assets - Cash,balance_sheet,2024-12-31
A4ff743,A372a3f,Non-Investment Assets - Other Assets,balance_sheet,2024-12-31
A4ff743,A372a3f,Non-Investment Liabilities - Other Liabilities,balance_sheet,2024-12-31
A32ca97,Ac1f496,Non-Investment Assets - Cash,balance_sheet,2024-12-31
A32ca97,Ac1f496,Non-Investment Assets - Other Assets,balance_sheet,2024-12-31
A32ca97,Ac1f496,Non-Investment Liabilities - Other Liabilities,balance_sheet,2024-12-31
A32ca97,Ac1f496,Non-Investment Liabilities - Subscription Line of Credit,balance_sheet,2024-12-31
A7d911d,A3d16f4,Non-Investment Assets - Cash,balance_sheet,2024-12-31
A7d911d,A3d16f4,Non-Investment Assets - Other Assets,balance_sheet,2024-12-31
A7d911d,A3d16f4,Non-Investment Liabilities - Other Liabilities,balance_sheet,2024-12-31
A7dba47,A3d16f4,Non-Investment Assets - Cash,balance_sheet,2024-12-31
A7dba47,A3d16f4,Non-Investment Assets - Other Assets,balance_sheet,2024-12-31
A7dba47,A3d16f4,Non-Investment Liabilities - Other Liabilities,balance_sheet,2024-12-31
A7e6207,A3d16f4,Non-Investment Assets - Cash,balance_sheet,2024-12-31
A7e6207,A3d16f4,Non-Investment Assets - Other Assets,balance_sheet,2024-12-31
A7e6207,A3d16f4,Non-Investment Liabilities - Other Liabilities,balance_sheet,2024-12-31
A7e6207,A3d16f4,Non-Investment Liabilities - Subscription Line of Credit,balance_sheet,2024-12-31
A8cbf09,A3d16f4,Non-Investment Assets - Cash,balance_sheet,2024-12-31
A8cbf09,A3d16f4,Non-Investment Assets - Other Assets,balance_sheet,2024-12-31
A8cbf09,A3d16f4,Non-Investment Liabilities - Other Liabilities,balance_sheet,2024-12-31
A4923d3,A3d16f4,Non-Investment Assets - Cash,balance_sheet,2024-12-31
A4923d3,A3d16f4,Non-Investment Assets - Other Assets,balance_sheet,2024-12-31
A4923d3,A3d16f4,Non-Investment Liabilities - Other Liabilities,balance_sheet,2024-12-31
A1f3d5e,A4f8dbc,Non-Investment Assets - Cash,balance_sheet,2024-12-31
A1f3d5e,A4f8dbc,Non-Investment Assets - Other Assets,balance_sheet,2024-12-31
A1f3d5e,A4f8dbc,Non-Investment Liabilities - Other Liabilities,balance_sheet,2024-12-31
A8b56b9,Af8a639,Non-Investment Assets - Cash,balance_sheet,2024-12-31
A8b56b9,Af8a639,Non-Investment Assets - Other Assets,balance_sheet,2024-12-31
A8b56b9,Af8a639,Non-Investment Liabilities - Other Liabilities,balance_sheet,2024-12-31
A429e54,Af8a639,Non-Investment Assets - Cash,balance_sheet,2024-12-31
A429e54,Af8a639,Non-Investment Assets - Other Assets,balance_sheet,2024-12-31
A429e54,Af8a639,Non-Investment Liabilities - Other Liabilities,balance_sheet,2024-12-31
Afd067a,A945638,Non-Investment Assets - Cash,balance_sheet,2024-12-31
Afd067a,A945638,Non-Investment Assets - Other Assets,balance_sheet,2024-12-31
Afd067a,A945638,Non-Investment Liabilities - Other Liabilities,balance_sheet,2024-12-31
Afd067a,A945638,Quarterly Unrealized Gain/Loss,accounting_entry,2024-12-31
Ad8891c,A945638,Non-Investment Assets - Cash,balance_sheet,2024-12-31
Ad8891c,A945638,Non-Investment Assets - Other Assets,balance_sheet,2024-12-31
Ad8891c,A945638,Non-Investment Liabilities - Other Liabilities,balance_sheet,2024-12-31
Ad8891c,A945638,Quarterly Unrealized Gain/Loss,accounting_entry,2024-12-31
A7b4ffd,A945638,Non-Investment Assets - Cash,balance_sheet,2024-12-31
A7b4ffd,A945638,Non-Investment Assets - Other Assets,balance_sheet,2024-12-31
A7b4ffd,A945638,Non-Investment Liabilities - Other Liabilities,balance_sheet,2024-12-31
A7b4ffd,A945638,Quarterly Unrealized Gain/Loss,accounting_entry,2024-12-31
A557ea2,A945638,Non-Investment Assets - Cash,balance_sheet,2024-12-31
A557ea2,A945638,Non-Investment Assets - Other Assets,balance_sheet,2024-12-31
A557ea2,A945638,Non-Investment Liabilities - Other Liabilities,balance_sheet,2024-12-31
A557ea2,A945638,Quarterly Unrealized Gain/Loss,accounting_entry,2024-12-31
A83c2dd,A945638,Non-Investment Assets - Cash,balance_sheet,2024-12-31
A83c2dd,A945638,Non-Investment Assets - Other Assets,balance_sheet,2024-12-31
A83c2dd,A945638,Non-Investment Liabilities - Other Liabilities,balance_sheet,2024-12-31
A83c2dd,A945638,Quarterly Unrealized Gain/Loss,accounting_entry,2024-12-31
A51d5e4,A945638,Non-Investment Assets - Cash,balance_sheet,2024-12-31
A51d5e4,A945638,Non-Investment Liabilities - Other Liabilities,balance_sheet,2024-12-31
A51d5e4,A945638,Quarterly Unrealized Gain/Loss,accounting_entry,2024-12-31
A16c87d,A945638,Non-Investment Assets - Cash,balance_sheet,2024-12-31
A16c87d,A945638,Non-Investment Liabilities - Other Liabilities,balance_sheet,2024-12-31
A5a0710,A945638,Non-Investment Assets - Cash,balance_sheet,2024-12-31
A5a0710,A945638,Non-Investment Assets - Other Assets,balance_sheet,2024-12-31
A5a0710,A945638,Non-Investment Liabilities - Other Liabilities,balance_sheet,2024-12-31
A479270,A945638,Non-Investment Assets - Cash,balance_sheet,2024-12-31
A479270,A945638,Non-Investment Assets - Other Assets,balance_sheet,2024-12-31
A479270,A945638,Non-Investment Liabilities - Other Liabilities,balance_sheet,2024-12-31
A479270,A945638,Quarterly Unrealized Gain/Loss,accounting_entry,2024-12-31
A6019fe,A945638,Non-Investment Assets - Cash,balance_sheet,2024-12-31
A6019fe,A945638,Non-Investment Assets - Other Assets,balance_sheet,2024-12-31
A6019fe,A945638,Non-Investment Liabilities - Other Liabilities,balance_sheet,2024-12-31
A6019fe,A945638,Quarterly Unrealized Gain/Loss,accounting_entry,2024-12-31
A43c056,A945638,Non-Investment Assets - Cash,balance_sheet,2024-12-31
A43c056,A945638,Non-Investment Assets - Other Assets,balance_sheet,2024-12-31
A43c056,A945638,Non-Investment Liabilities - Other Liabilities,balance_sheet,2024-12-31
A43c056,A945638,Quarterly Unrealized Gain/Loss,accounting_entry,2024-12-31
Ae1ec02,A945638,Non-Investment Assets - Cash,balance_sheet,2024-12-31
Ae1ec02,A945638,Non-Investment Assets - Other Assets,balance_sheet,2024-12-31
Ae1ec02,A945638,Non-Investment Liabilities - Other Liabilities,balance_sheet,2024-12-31
Ae1ec02,A945638,Quarterly Unrealized Gain/Loss,accounting_entry,2024-12-31
A8244d8,Ab02df9,Non-Investment Assets - Cash,balance_sheet,2024-12-31
A8244d8,Ab02df9,Non-Investment Assets - Other Assets,balance_sheet,2024-12-31
A8244d8,Ab02df9,Non-Investment Liabilities - Other Liabilities,balance_sheet,2024-12-31
Ad6bb64,Ab02df9,Non-Investment Assets - Cash,balance_sheet,2024-12-31
Ad6bb64,Ab02df9,Non-Investment Assets - Other assets,balance_sheet,2024-12-31
Ad6bb64,Ab02df9,Non-Investment Liabilities - Other Liabilities,balance_sheet,2024-12-31
Abb96b2,Ab02df9,Non-Investment Assets - Cash and cash equivalents,balance_sheet,2024-12-31
Abb96b2,Ab02df9,Non-Investment Assets - Other assets,balance_sheet,2024-12-31
Abb96b2,Ab02df9,Non-Investment Liabilities - Accounts payable,balance_sheet,2024-12-31
Afb294f,A4a62c2,Non-Investment Assets - Cash,balance_sheet,2024-12-31
Afb294f,A4a62c2,Non-Investment Assets - Other Assets,balance_sheet,2024-12-31
Afb294f,A4a62c2,Non-Investment Liabilities - Other Liabilities,balance_sheet,2024-12-31
Ac01bd2,A4a62c2,Non-Investment Assets - Cash,balance_sheet,2024-12-31
Ac01bd2,A4a62c2,Non-Investment Assets - Other Assets,balance_sheet,2024-12-31
Ac01bd2,A4a62c2,Non-Investment Liabilities - Other Liabilities,balance_sheet,2024-12-31
A729d8b,A4a62c2,Non-Investment Assets - Cash,balance_sheet,2024-12-31
A729d8b,A4a62c2,Non-Investment Assets - Other Assets,balance_sheet,2024-12-31
A729d8b,A4a62c2,Non-Investment Liabilities - Other Liabilities,balance_sheet,2024-12-31
Ac33ef9,A0f94cb,Non-Investment Assets - Cash,balance_sheet,2024-12-31
Ac33ef9,A0f94cb,Non-Investment Liabilities - Other Liabilities,balance_sheet,2024-12-31
Ab0a5da,A7dd292,Non-Investment Assets - Cash,balance_sheet,2024-12-31
Ab0a5da,A7dd292,Non-Investment Liabilities - Other Liabilities,balance_sheet,2024-12-31
A2799f7,A9b5f84,Non-Investment Assets - Cash,balance_sheet,2024-12-31
A2799f7,A9b5f84,Non-Investment Assets - Other Assets,balance_sheet,2024-12-31
A2799f7,A9b5f84,Non-Investment Liabilities - Other Liabilities,balance_sheet,2024-12-31
A9b3aeb,A9b5f84,Non-Investment Assets - Cash,balance_sheet,2024-12-31
A9b3aeb,A9b5f84,Non-Investment Assets - Other Assets,balance_sheet,2024-12-31
A9b3aeb,A9b5f84,Non-Investment Liabilities - Other Liabilities,balance_sheet,2024-12-31
A3fdcff,A8bd477,Non-Investment Liabilities - Other Liabilities,balance_sheet,2024-12-31
Aff00c9,A02306d,Non-Investment Assets - Cash,balance_sheet,2024-12-31
Aff00c9,A02306d,Non-Investment Assets - Other assets,balance_sheet,2024-12-31
Aff00c9,A02306d,Non-Investment Liabilities - Other Liabilities,balance_sheet,2024-12-31
A0af6ce,A02306d,Non-Investment Assets - Cash,balance_sheet,2024-12-31
A0af6ce,A02306d,Non-Investment Assets - Other Assets,balance_sheet,2024-12-31
A0af6ce,A02306d,Non-Investment Liabilities - Other Liabilities,balance_sheet,2024-12-31
A1d6a44,A02306d,Non-Investment Assets - Cash,balance_sheet,2024-12-31
A1d6a44,A02306d,Non-Investment Liabilities - Other Liabilities,balance_sheet,2024-12-31
A5bfee3,A6a28da,Non-Investment Assets - Cash,balance_sheet,2024-12-31
A5bfee3,A6a28da,Non-Investment Assets - Other Assets,balance_sheet,2024-12-31
A5bfee3,A6a28da,Non-Investment Liabilities - Other Liabilities,balance_sheet,2024-12-31
A5bfee3,A6a28da,Non-Investment Liabilities - Subscription Line of Credit,balance_sheet,2024-12-31
Aec91fb,Aeedbe6,Non-Investment Assets - Cash,balance_sheet,2024-12-31
Aec91fb,Aeedbe6,Non-Investment Liabilities - Other Liabilities,balance_sheet,2024-12-31
A3cde4b,Aeedbe6,Non-Investment Assets - Cash,balance_sheet,2024-12-31
A3cde4b,Aeedbe6,Non-Investment Assets - Other Assets,balance_sheet,2024-12-31
A3cde4b,Aeedbe6,Non-Investment Liabilities - Other Liabilities,balance_sheet,2024-12-31
Ae3893b,A02306d,Non-Investment Assets - Cash,balance_sheet,2024-12-31
Ae3893b,A02306d,Non-Investment Assets - Other Assets,balance_sheet,2024-12-31
Ae3893b,A02306d,Non-Investment Liabilities - Other Liabilities,balance_sheet,2024-12-31
Aac1486,A3ecea4,Non-Investment Assets - Cash,balance_sheet,2024-12-31
Aac1486,A3ecea4,Non-Investment Assets - Other Assets,balance_sheet,2024-12-31
Aac1486,A3ecea4,Non-Investment Liabilities - Other Liabilities,balance_sheet,2024-12-31
A6a2745,A3ecea4,Non-Investment Assets - Cash,balance_sheet,2024-12-31
A6a2745,A3ecea4,Non-Investment Liabilities - Subscription Line of Credit,balance_sheet,2024-12-31
Af6593f,A8bd477,Non-Investment Liabilities - Other Liabilities,balance_sheet,2024-12-31
Afd1cbe,A8bd477,Non-Investment Assets - Cash,balance_sheet,2024-12-31
Afd1cbe,A8bd477,Non-Investment Liabilities - Other Liabilities,balance_sheet,2024-12-31
A99e32e,A8bd477,Non-Investment Liabilities - Other Liabilities,balance_sheet,2024-12-31
A996a8a,A8bd477,Non-Investment Assets - Cash,balance_sheet,2024-12-31
A996a8a,A8bd477,Non-Investment Liabilities - Other Liabilities,balance_sheet,2024-12-31
Ace087b,A8bd477,Non-Investment Assets - Cash,balance_sheet,2024-12-31
Ace087b,A8bd477,Non-Investment Liabilities - Other Liabilities,balance_sheet,2024-12-31
Aadd548,A8bd477,Non-Investment Assets - Cash,balance_sheet,2024-12-31
Aadd548,A8bd477,Non-Investment Liabilities - Other Liabilities,balance_sheet,2024-12-31
Aadd548,A8bd477,Non-Investment Liabilities - Subscription Line of Credit,balance_sheet,2024-12-31
A073c3d,A8bd477,Non-Investment Assets - Cash,balance_sheet,2024-12-31
A073c3d,A8bd477,Non-Investment Liabilities - Other Liabilities,balance_sheet,2024-12-31
A4d85cc,A6a0407,Non-Investment Assets - Cash,balance_sheet,2024-12-31
A4d85cc,A6a0407,Non-Investment Liabilities - Other Liabilities,balance_sheet,2024-12-31
A0d2a71,A6a0407,Non-Investment Assets - Cash,balance_sheet,2024-12-31
A0d2a71,A6a0407,Non-Investment Assets - Other Assets,balance_sheet,2024-12-31
A0d2a71,A6a0407,Non-Investment Liabilities - Other Liabilities,balance_sheet,2024-12-31
A0d2a71,A6a0407,Non-Investment Liabilities - Subscription Line of Credit,balance_sheet,2024-12-31
A26a0d1,A6a0407,Non-Investment Assets - Cash,balance_sheet,2024-12-31
A26a0d1,A6a0407,Non-Investment Assets - Other Assets,balance_sheet,2024-12-31
A26a0d1,A6a0407,Non-Investment Liabilities - Other Liabilities,balance_sheet,2024-12-31
Aeedb32,A6a0407,Non-Investment Assets - Cash,balance_sheet,2024-12-31
Aeedb32,A6a0407,Non-Investment Assets - Other Assets,balance_sheet,2024-12-31
Aeedb32,A6a0407,Non-Investment Liabilities - Other Liabilities,balance_sheet,2024-12-31
Aeedb32,A6a0407,Non-Investment Liabilities - Subscription Line of Credit,balance_sheet,2024-12-31
A4e3f9d,A7970a7,Non-Investment Assets - Cash,balance_sheet,2024-12-31
A4e3f9d,A7970a7,Non-Investment Liabilities - Other Liabilities,balance_sheet,2024-12-31
Aa82eac,A7970a7,Non-Investment Liabilities - Other Liabilities,balance_sheet,2024-12-31
A67395e,A7970a7,Non-Investment Liabilities - Other Liabilities,balance_sheet,2024-12-31
A2b1837,A7970a7,Non-Investment Liabilities - Other Liabilities,balance_sheet,2024-12-31
A8d4882,A026529,Non-Investment Assets - Cash,balance_sheet,2024-12-31
A8d4882,A026529,Non-Investment Assets - Other Assets,balance_sheet,2024-12-31
A8d4882,A026529,Non-Investment Liabilities - Other Liabilities,balance_sheet,2024-12-31
A84711b,A026529,ASC 740-10 Accrual,accounting_entry,2024-12-31
A84711b,A026529,Non-Investment Assets - Cash,balance_sheet,2024-12-31
A84711b,A026529,Non-Investment Assets - Other Assets,balance_sheet,2024-12-31
A84711b,A026529,Non-Investment Liabilities - Other Liabilities,balance_sheet,2024-12-31
Afa85c1,A026529,ASC 740-10 Accrual,accounting_entry,2024-12-31
Afa85c1,A026529,Non-Investment Assets - Cash,balance_sheet,2024-12-31
Afa85c1,A026529,Non-Investment Assets - Other Assets,balance_sheet,2024-12-31
Afa85c1,A026529,Non-Investment Liabilities - Other Liabilities,balance_sheet,2024-12-31
A4e71f3,A026529,ASC 740-10 Accrual,accounting_entry,2024-12-31
A4e71f3,A026529,Non-Investment Assets - Cash,balance_sheet,2024-12-31
A4e71f3,A026529,Non-Investment Assets - Other Assets,balance_sheet,2024-12-31
A4e71f3,A026529,Non-Investment Liabilities - Other Liabilities,balance_sheet,2024-12-31
Ac16b86,A026529,ASC 740-10 Accrual,accounting_entry,2024-12-31
Ac16b86,A026529,Non-Investment Assets - Cash,balance_sheet,2024-12-31
Ac16b86,A026529,Non-Investment Assets - Other Assets,balance_sheet,2024-12-31
Ac16b86,A026529,Non-Investment Liabilities - Other Liabilities,balance_sheet,2024-12-31
A31bf6d,A026529,ASC 740-10 Accrual,accounting_entry,2024-12-31
A31bf6d,A026529,Idle Cash,accounting_entry,2024-12-31
A31bf6d,A026529,Non-Investment Assets - Cash,balance_sheet,2024-12-31
A31bf6d,A026529,Non-Investment Assets - Other Assets,balance_sheet,2024-12-31
A31bf6d,A026529,Non-Investment Liabilities - Other Liabilities,balance_sheet,2024-12-31
A666ff0,A026529,Non-Investment Assets - Cash,balance_sheet,2024-12-31
A666ff0,A026529,Non-Investment Assets - Other Assets,balance_sheet,2024-12-31
A666ff0,A026529,Non-Investment Liabilities - Other Liabilities,balance_sheet,2024-12-31
A666ff0,A026529,Quarterly Unrealized Gain/Loss,accounting_entry,2024-12-31
Ae2a183,A026529,Non-Investment Assets - Cash,balance_sheet,2024-12-31
Ae2a183,A026529,Non-Investment Assets - Other Assets,balance_sheet,2024-12-31
A000c43,A026529,Non-Investment Assets - Cash,balance_sheet,2024-12-31
A000c43,A026529,Non-Investment Assets - Other Assets,balance_sheet,2024-12-31
A000c43,A026529,Non-Investment Liabilities - Other Liabilities,balance_sheet,2024-12-31
A000c43,A026529,Quarterly Unrealized Gain/Loss,accounting_entry,2024-12-31
A000c43,A026529,Subtotal Private Investments,subtotal,2024-12-31
A8567d1,A026529,Non-Investment Assets - Cash,balance_sheet,2024-12-31
A8567d1,A026529,Non-Investment Assets - Other Assets,balance_sheet,2024-12-31
A8567d1,A026529,Non-Investment Liabilities - Other Liabilities,balance_sheet,2024-12-31
A8567d1,A026529,Quarterly Unrealized Gain/Loss,accounting_entry,2024-12-31
A64ed3d,A026529,Non-Investment Assets - Cash,balance_sheet,2024-12-31
A64ed3d,A026529,Non-Investment Assets - Other Assets,balance_sheet,2024-12-31
A64ed3d,A026529,Non-Investment Liabilities - Other Liabilities,balance_sheet,2024-12-31
A64ed3d,A026529,Quarterly Unrealized Gain/Loss,accounting_entry,2024-12-31
Adeb96a,A026529,ASC 740-10 Accrual,accounting_entry,2024-12-31
Adeb96a,A026529,Idle Cash,accounting_entry,2024-12-31
Adeb96a,A026529,Non-Investment Assets - Cash,balance_sheet,2024-12-31
Adeb96a,A026529,Non-Investment Assets - Other Assets,balance_sheet,2024-12-31
Adeb96a,A026529,Non-Investment Liabilities - Other Liabilities,balance_sheet,2024-12-31
Af8d59f,A026529,Non-Investment Assets - Cash,balance_sheet,2024-12-31
Af8d59f,A026529,Non-Investment Assets - Other Assets,balance_sheet,2024-12-31
Af8d59f,A026529,Non-Investment Liabilities - Other Liabilities,balance_sheet,2024-12-31
Af8d59f,A026529,Quarterly Unrealized Gain/Loss,accounting_entry,2024-12-31
A7bc2d3,A026529,Idle Cash,accounting_entry,2024-12-31
A7bc2d3,A026529,Non-Investment Assets - Cash,balance_sheet,2024-12-31
A7bc2d3,A026529,Non-Investment Assets - Other Assets,balance_sheet,2024-12-31
A7bc2d3,A026529,Non-Investment Liabilities - Other Liabilities,balance_sheet,2024-12-31
A7bc2d3,A026529,Quarterly Unrealized Gain/Loss,accounting_entry,2024-12-31
Aa5a4bb,A026529,Non-Investment Assets - Cash,balance_sheet,2024-12-31
Aa5a4bb,A026529,Non-Investment Assets - Other Assets,balance_sheet,2024-12-31
Aa5a4bb,A026529,Non-Investment Liabilities - Other Liabilities,balance_sheet,2024-12-31
Aa5a4bb,A026529,Quarterly Unrealized Gain/Loss,accounting_entry,2024-12-31
A758776,A026529,Non-Investment Assets - Cash,balance_sheet,2024-12-31
A758776,A026529,Non-Investment Assets - Other Assets,balance_sheet,2024-12-31
A758776,A026529,Non-Investment Liabilities - Other Liabilities,balance_sheet,2024-12-31
A758776,A026529,Quarterly Unrealized Gain/Loss,accounting_entry,2024-12-31
A780765,A026529,Non-Investment Assets - Cash,balance_sheet,2024-12-31
A780765,A026529,Non-Investment Assets - Other Assets,balance_sheet,2024-12-31
A780765,A026529,Non-Investment Liabilities - Other Liabilities,balance_sheet,2024-12-31
A780765,A026529,Quarterly Unrealized Gain/Loss,accounting_entry,2024-12-31
A6b418c,A026529,Non-Investment Assets - Cash,balance_sheet,2024-12-31
A6b418c,A026529,Non-Investment Assets - Other Assets,balance_sheet,2024-12-31
A6b418c,A026529,Subtotal Private Investments,subtotal,2024-12-31
A8bb104,A026529,ASC 740-10 Accrual,accounting_entry,2024-12-31
A8bb104,A026529,Non-Investment Assets - Cash,balance_sheet,2024-12-31
A8bb104,A026529,Non-Investment Assets - Other Assets,balance_sheet,2024-12-31
A8bb104,A026529,Non-Investment Liabilities - Other Liabilities,balance_sheet,2024-12-31
A2d1148,A026529,Non-Investment Assets - Cash,balance_sheet,2024-12-31
A2d1148,A026529,Non-Investment Assets - Other Assets,balance_sheet,2024-12-31
A2d1148,A026529,Non-Investment Liabilities - Other Liabilities,balance_sheet,2024-12-31
A2d1148,A026529,Quarterly Unrealized Gain/Loss,accounting_entry,2024-12-31
A6e6143,A026529,Non-Investment Assets - Cash,balance_sheet,2024-12-31
A6e6143,A026529,Non-Investment Assets - Other Assets,balance_sheet,2024-12-31
A6e6143,A026529,Non-Investment Liabilities - Other Liabilities,balance_sheet,2024-12-31
A6e6143,A026529,Quarterly Unrealized Gain/Loss,accounting_entry,2024-12-31
Aff6f98,A026529,Non-Investment Assets - Cash,balance_sheet,2024-12-31
Aff6f98,A026529,Non-Investment Assets - Other Assets,balance_sheet,2024-12-31
Aff6f98,A026529,Non-Investment Liabilities - Other Liabilities,balance_sheet,2024-12-31
Aff6f98,A026529,Quarterly Unrealized Gain/Loss,accounting_entry,2024-12-31
Ae6e0df,A026529,Non-Investment Assets - Cash,balance_sheet,2024-12-31
Ae6e0df,A026529,Non-Investment Assets - Other Assets,balance_sheet,2024-12-31
Ae6e0df,A026529,Non-Investment Liabilities - Other Liabilities,balance_sheet,2024-12-31
A124f9d,A026529,Non-Investment Assets - Cash,balance_sheet,2024-12-31
A124f9d,A026529,Non-Investment Assets - Other Assets,balance_sheet,2024-12-31
A124f9d,A026529,Non-Investment Liabilities - Other Liabilities,balance_sheet,2024-12-31
A124f9d,A026529,Quarterly Unrealized Gain/Loss,accounting_entry,2024-12-31
A577ed1,A026529,Non-Investment Assets - Cash,balance_sheet,2024-12-31
A577ed1,A026529,Non-Investment Assets - Other Assets,balance_sheet,2024-12-31
A577ed1,A026529,Non-Investment Liabilities - Other Liabilities,balance_sheet,2024-12-31
A4ce2f8,A026529,Non-Investment Assets - Cash,balance_sheet,2024-12-31
A4ce2f8,A026529,Non-Investment Assets - Other Assets,balance_sheet,2024-12-31
A4ce2f8,A026529,Non-Investment Liabilities - Other Liabilities,balance_sheet,2024-12-31
A2ac41e,A026529,Non-Investment Assets - Cash,balance_sheet,2024-12-31
A2ac41e,A026529,Non-Investment Assets - Other Assets,balance_sheet,2024-12-31
A2ac41e,A026529,Non-Investment Liabilities - Other Liabilities,balance_sheet,2024-12-31
A4c5dcd,A026529,Non-Investment Assets - Cash,balance_sheet,2024-12-31
A4c5dcd,A026529,Non-Investment Assets - Other Assets,balance_sheet,2024-12-31
A4c5dcd,A026529,Non-Investment Liabilities - Other Liabilities,balance_sheet,2024-12-31
A4c5dcd,A026529,Quarterly Unrealized Gain/Loss,accounting_entry,2024-12-31
Aba96b1,A026529,Non-Investment Assets - Cash,balance_sheet,2024-12-31
Aba96b1,A026529,Non-Investment Assets - Other Assets,balance_sheet,2024-12-31
Aba96b1,A026529,Non-Investment Liabilities - Other Liabilities,balance_sheet,2024-12-31
Aba96b1,A026529,Quarterly Unrealized Gain/Loss,accounting_entry,2024-12-31
Ab7e680,A026529,Non-Investment Assets - Other Assets,balance_sheet,2024-12-31
Ab7e680,A026529,Non-Investment Liabilities - Other Liabilities,balance_sheet,2024-12-31
A2989df,A86463a,Non-Investment Assets - Cash,balance_sheet,2024-12-31
A2989df,A86463a,Non-Investment Assets - Other Assets,balance_sheet,2024-12-31
A2989df,A86463a,Non-Investment Liabilities - Other Liabilities,balance_sheet,2024-12-31
Ac58438,Ad647a1,Non-Investment Assets - Cash,balance_sheet,2024-12-31
Ac58438,Ad647a1,Non-Investment Assets - Other Assets,balance_sheet,2024-12-31
Ac58438,Ad647a1,Non-Investment Liabilities - Other Liabilities,balance_sheet,2024-12-31
Ac58438,Ad647a1,Non-Investment Liabilities - Subscription Line of Credit,balance_sheet,2024-12-31
A2b73e4,Ad647a1,Non-Investment Assets - Cash,balance_sheet,2024-12-31
A2b73e4,Ad647a1,Non-Investment Assets - Other Assets,balance_sheet,2024-12-31
A2b73e4,Ad647a1,Non-Investment Liabilities - Other Liabilities,balance_sheet,2024-12-31
A2b73e4,Ad647a1,Non-Investment Liabilities - Subscription Line of Credit,balance_sheet,2024-12-31
Ae2ca7f,Aa8e77d,Non-Investment Assets - Cash,balance_sheet,2024-12-31
Ae2ca7f,Aa8e77d,Non-Investment Liabilities - Other Liabilities,balance_sheet,2024-12-31
A13b1e6,Aa8e77d,Non-Investment Assets - Cash,balance_sheet,2024-12-31
A13b1e6,Aa8e77d,Non-Investment Assets - Other Assets,balance_sheet,2024-12-31
A13b1e6,Aa8e77d,Non-Investment Liabilities - Other Liabilities,balance_sheet,2024-12-31
A8282d7,Aa8e77d,Non-Investment Assets - Cash,balance_sheet,2024-12-31
A8282d7,Aa8e77d,Non-Investment Assets - Other Assets,balance_sheet,2024-12-31
A8282d7,Aa8e77d,Non-Investment Liabilities - Other Liabilities,balance_sheet,2024-12-31
Aa76711,Aa8e77d,Non-Investment Assets - Cash,balance_sheet,2024-12-31
Aa76711,Aa8e77d,Non-Investment Assets - Other Assets,balance_sheet,2024-12-31
Aa76711,Aa8e77d,Non-Investment Liabilities - Other Liabilities,balance_sheet,2024-12-31
A6557da,Aa8e77d,Non-Investment Assets - Cash,balance_sheet,2024-12-31
A6557da,Aa8e77d,Non-Investment Assets - Other Assets,balance_sheet,2024-12-31
A6557da,Aa8e77d,Non-Investment Liabilities - Other Liabilities,balance_sheet,2024-12-31
Af3dbec,Aa8e77d,Non-Investment Assets - Cash,balance_sheet,2024-12-31
Af3dbec,Aa8e77d,Non-Investment Assets - Other Assets,balance_sheet,2024-12-31
Af3dbec,Aa8e77d,Non-Investment Liabilities - Other Liabilities,balance_sheet,2024-12-31
Af3dbec,Aa8e77d,Non-Investment Liabilities - Subscription Line of Credit,balance_sheet,2024-12-31
A6f42ff,Aa8e77d,Non-Investment Assets - Cash,balance_sheet,2024-12-31
A6f42ff,Aa8e77d,Non-Investment Assets - Other Assets,balance_sheet,2024-12-31
A6f42ff,Aa8e77d,Non-Investment Liabilities - Other Liabilities,balance_sheet,2024-12-31
Aa0a993,Aa8e77d,Non-Investment Assets - Cash,balance_sheet,2024-12-31
Aa0a993,Aa8e77d,Non-Investment Assets - Other Assets,balance_sheet,2024-12-31
Aa0a993,Aa8e77d,Non-Investment Liabilities - Other Liabilities,balance_sheet,2024-12-31
Aa0a993,Aa8e77d,Non-Investment Liabilities - Subscription Line of Credit,balance_sheet,2024-12-31
A4fec46,Aa8e77d,Non-Investment Assets - Cash,balance_sheet,2024-12-31
A4fec46,Aa8e77d,Non-Investment Assets - Other Assets,balance_sheet,2024-12-31
A4fec46,Aa8e77d,Non-Investment Liabilities - Other Liabilities,balance_sheet,2024-12-31
A4fec46,Aa8e77d,Non-Investment Liabilities - Subscription Line of Credit,balance_sheet,2024-12-31
Ac71115,Ab27df1,Non-Investment Assets - Cash,balance_sheet,2024-12-31
Ac71115,Ab27df1,Non-Investment Assets - Other Assets,balance_sheet,2024-12-31
Ac71115,Ab27df1,Non-Investment Liabilities - Other Liabilities,balance_sheet,2024-12-31
Af4e6f7,A026fe6,Non-Investment Assets - Cash,balance_sheet,2024-12-31
Af4e6f7,A026fe6,Non-Investment Assets - Other Assets,balance_sheet,2024-12-31
Af4e6f7,A026fe6,Non-Investment Liabilities - Other Liabilities,balance_sheet,2024-12-31
A56bafa,Ab27df1,Non-Investment Assets - Cash,balance_sheet,2024-12-31
A56bafa,Ab27df1,Non-Investment Assets - Other Assets,balance_sheet,2024-12-31
A56bafa,Ab27df1,Non-Investment Liabilities - Other Liabilities,balance_sheet,2024-12-31
A56bafa,Ab27df1,Non-Investment Liabilities - Subscription Line of Credit,balance_sheet,2024-12-31
Ad893bb,A775492,Non-Investment Assets - Cash,balance_sheet,2024-12-31
Ad893bb,A775492,Non-Investment Liabilities - Other Liabilities,balance_sheet,2024-12-31
A48791b,A775492,Non-Investment Assets - Cash,balance_sheet,2024-12-31
A48791b,A775492,Non-Investment Liabilities - Other Liabilities,balance_sheet,2024-12-31
A355e2c,A775492,Non-Investment Assets - Cash,balance_sheet,2024-12-31
A355e2c,A775492,Non-Investment Liabilities - Other Liabilities,balance_sheet,2024-12-31
A1cae97,A775492,Non-Investment Assets - Cash,balance_sheet,2024-12-31
A1cae97,A775492,Non-Investment Assets - Other Assets,balance_sheet,2024-12-31
A1cae97,A775492,Non-Investment Liabilities - Other Liabilities,balance_sheet,2024-12-31
A1cae97,A775492,Non-Investment Liabilities - Subscription Line of Credit,balance_sheet,2024-12-31
A67b879,A775492,Non-Investment Assets - Cash,balance_sheet,2024-12-31
A67b879,A775492,Non-Investment Assets - Other Assets,balance_sheet,2024-12-31
A67b879,A775492,Non-Investment Liabilities - Other Liabilities,balance_sheet,2024-12-31
A20f76b,A775492,Non-Investment Assets - Cash,balance_sheet,2024-12-31
A20f76b,A775492,Non-Investment Assets - Other Assets,balance_sheet,2024-12-31
A20f76b,A775492,Non-Investment Liabilities - Other Liabilities,balance_sheet,2024-12-31
A2ce6c1,Ac17925,Non-Investment Assets - Cash,balance_sheet,2024-12-31
A2ce6c1,Ac17925,Non-Investment Assets - Other Assets,balance_sheet,2024-12-31
A2ce6c1,Ac17925,Non-Investment Liabilities - Other Liabilities,balance_sheet,2024-12-31
A145642,Ac17925,Non-Investment Assets - Cash,balance_sheet,2024-12-31
A145642,Ac17925,Non-Investment Assets - Other Assets,balance_sheet,2024-12-31
A145642,Ac17925,Non-Investment Liabilities - Other Liabilities,balance_sheet,2024-12-31
Aebcab9,Ac17925,Non-Investment Assets - Cash,balance_sheet,2024-12-31
Aebcab9,Ac17925,Non-Investment Assets - Other Assets,balance_sheet,2024-12-31
Aebcab9,Ac17925,Non-Investment Liabilities - Other Liabilities,balance_sheet,2024-12-31
