Fund Allocator ID,Investment Manager Allocator ID,Source Asset,As At Date,Deal Status,missing_expected_fields
Aa967c0,Afc0dbf,"8000 Tartak Street Owner LLC (""Embassy Suites"")",2026-03-31,Current,Capital Invested
Ad52755,A664a6a,"Paymerang, LLC",2026-03-31,Fully Exited,Capital Invested
Ab73bb9,A664a6a,"eHealth Global Technologies, Inc",2026-03-31,Current,Capital Invested
Aa874b3,Afc0dbf,"LAQ 2023-LAQ Class G Mortgage Trust (""CMBS"")",2026-03-31,Current,Capital Invested
A87187f,Afc0dbf,ACP Newbury 2 Investor LLC,2026-03-31,Current,Capital Invested
Acc9329,A041a39,Arcanist (TwoArcanists Corp.),2026-03-31,Current,Geographic Focus
Acc9329,A041a39,"Arda Industries, Inc.",2026-03-31,Current,Geographic Focus
Acc9329,A041a39,"Induction AI, Inc.",2026-03-31,Current,Geographic Focus
Ae7bb35,A5d1a01,Alo,2026-03-31,,"Capital Invested, Current Cost, Unrealized Value, Deal Status"
Ae7bb35,A5d1a01,Apotek Hjrtat,2026-03-31,,"Capital Invested, Current Cost, Unrealized Value, Deal Status"
Ae7bb35,A5d1a01,CTEK,2026-03-31,,"Capital Invested, Current Cost, Unrealized Value, Deal Status"
Ae7bb35,A5d1a01,Carnegie,2026-03-31,,"Capital Invested, Current Cost, Unrealized Value, Deal Status"
Ae7bb35,A5d1a01,Curato,2026-03-31,,"Capital Invested, Current Cost, Unrealized Value, Deal Status"
Ae7bb35,A5d1a01,EWOS,2026-03-31,,"Capital Invested, Current Cost, Unrealized Value, Deal Status"
Ae7bb35,A5d1a01,Eltek,2026-03-31,,"Capital Invested, Current Cost, Unrealized Value, Deal Status"
Ae7bb35,A5d1a01,FMD,2026-03-31,,"Capital Invested, Current Cost, Unrealized Value, Deal Status"
Ae7bb35,A5d1a01,Max Matthiessen,2026-03-31,,"Capital Invested, Current Cost, Unrealized Value, Deal Status"
Ae7bb35,A5d1a01,Meltwater,2026-03-31,,"Capital Invested, Current Cost, Unrealized Value, Deal Status"
Ae7bb35,A5d1a01,Norsk Gjenvinning,2026-03-31,,"Capital Invested, Current Cost, Unrealized Value, Deal Status"
Ae7bb35,A5d1a01,Nova Austral,2026-03-31,,"Capital Invested, Current Cost, Unrealized Value, Deal Status"
Ae7bb35,A5d1a01,ONE Nordic,2026-03-31,,"Capital Invested, Current Cost, Unrealized Value, Deal Status"
Ae7bb35,A5d1a01,Orchid,2026-03-31,,"Capital Invested, Deal Status"
Ae7bb35,A5d1a01,SATS,2026-03-31,,"Capital Invested, Current Cost, Unrealized Value, Deal Status"
Ae7bb35,A5d1a01,Sonion,2026-03-31,,"Capital Invested, Current Cost, Unrealized Value, Deal Status"
A63aa12,Ac758cf,Dossier,2026-03-31,Current,"Sector, Geographic Focus"
A6fcde0,A6f625f,"AIM Parent Holdings, LLC",2026-03-31,Current,Capital Invested
A6fcde0,A6f625f,"ARF CLC Holdings, LLC",2026-03-31,Current,Capital Invested
A6fcde0,A6f625f,"American Tanker Holding Company, Inc.",2026-03-31,Current,Capital Invested
A6fcde0,A6f625f,"MG Transport Holdings, LLC",2026-03-31,Current,Capital Invested
A6fcde0,A6f625f,Other Investments,2026-03-31,Current,Capital Invested
A6fcde0,A6f625f,U.S. Marine Management LLC,2026-03-31,Current,Capital Invested
A80d33a,Ad15ca3,Armour Group Limited,2026-03-31,Current,Capital Invested
A3cb5c7,A109e0f,"AP Fund Holdings, LP",2026-03-31,Current,Capital Invested
A3cb5c7,A109e0f,"Ara AG Fiber Aggregator, LP",2026-03-31,Current,Capital Invested
A3cb5c7,A109e0f,"Ara Aloxe, Ltd.",2026-03-31,Current,Capital Invested
A3cb5c7,A109e0f,"Ara CM Holdings, LP",2026-03-31,Current,Capital Invested
A3cb5c7,A109e0f,"Ara Divert Holdings, LP",2026-03-31,Current,Capital Invested
A3cb5c7,A109e0f,"Ara Fund II BW Holdings, LP",2026-03-31,Current,Capital Invested
A3cb5c7,A109e0f,"Ara Fund II H2 Holdings, LP",2026-03-31,Current,Capital Invested
A3cb5c7,A109e0f,"Ara Fund II ST Holdings, LP",2026-03-31,Current,Capital Invested
A3cb5c7,A109e0f,"Ara PG Aggregator II, LP",2026-03-31,Current,Capital Invested
A3cb5c7,A109e0f,"Ara PG Aggregator, LP",2026-03-31,Current,Capital Invested
A3cb5c7,A109e0f,"Ara PS Holdings, LP",2026-03-31,Current,Capital Invested
A3cb5c7,A109e0f,"Ara Repeats Holdings, Ltd.",2026-03-31,,"Capital Invested, Deal Status"
A3cb5c7,A109e0f,"Cycle0 Aggregatorco, Ltd.",2026-03-31,Current,Capital Invested
A3cb5c7,A109e0f,PET AGG Limited (UK),2026-03-31,Current,Capital Invested
A930514,A109e0f,Ara Fund I Annex,2026-03-31,,"Capital Invested, Current Cost, Unrealized Value, Deal Status"
A930514,A109e0f,"Ara Fund III Splitter, LP",2026-03-31,Current,Capital Invested
A930514,A109e0f,"Ara Sedron Holdings, LP",2026-03-31,Current,Capital Invested
A930514,A109e0f,BioVeritas,2026-03-31,,"Capital Invested, Current Cost, Unrealized Value, Deal Status"
A930514,A109e0f,CFP Energy,2026-03-31,Current,Capital Invested
A930514,A109e0f,Cycle0,2026-03-31,Current,Capital Invested
A930514,A109e0f,GIDARA Energy,2026-03-31,,"Capital Invested, Current Cost, Unrealized Value, Deal Status"
A930514,A109e0f,Genera,2026-03-31,Current,Capital Invested
A930514,A109e0f,Microtec,2026-03-31,Current,Capital Invested
A930514,A109e0f,Paratus,2026-03-31,Current,Capital Invested
A930514,A109e0f,Utility Global,2026-03-31,,"Capital Invested, Current Cost, Unrealized Value, Deal Status"
A930514,A109e0f,Vacuumschmelze (VAC),2026-03-31,Current,Capital Invested
Afc9d9d,A109e0f,"Ara PG Aggregator, LP",2026-03-31,Current,Capital Invested
A6514b0,A109e0f,"Ara VAC IE Aggregator, LP",2026-03-31,Current,Capital Invested
Acc4ce2,Afc0dbf,"ACF II 4550 LVD Domestic LLC (""Embassy Suites La Jolla"")",2026-03-31,Current,Capital Invested
Acc4ce2,Afc0dbf,"ACF II 4C LLC (""Frisco 1690 Farm to Market LLC"")",2026-03-31,Current,Capital Invested
Acc4ce2,Afc0dbf,"ACF II CS LLC (""Woodlands College Station"")",2026-03-31,Current,Capital Invested
Acc4ce2,Afc0dbf,"ACF II Durrington LLC (""Stone Oak 21915 US Hwy LLC"")",2026-03-31,Current,Capital Invested
Acc4ce2,Afc0dbf,"ACF II LCV LLC (""Dallas 12500 Merit LLC"")",2026-03-31,Current,Capital Invested
Acc4ce2,Afc0dbf,ACF II Mission Gorge Intermediate LLC,2026-03-31,Current,Capital Invested
Acc4ce2,Afc0dbf,"ACF II NPL LLC (""NPL Loan Portfolio"")",2026-03-31,Current,Capital Invested
Acc4ce2,Afc0dbf,"ACF II Nova LLC (""San Antonio 14200 Vance Jackson LLC"")",2026-03-31,Current,Capital Invested
Acc4ce2,Afc0dbf,"ACF II SJ 8000 Intermediate LLC (""8000 Tartak Street Owners LLC"")",2026-03-31,Current,Capital Invested
Acc4ce2,Afc0dbf,"ACF II SOHO Holdings LLC (""Sotherly Hotels Portfolio"")",2026-03-31,Current,Capital Invested
Acc4ce2,Afc0dbf,ACF II SOHO Mezz Holdings LLC,2026-03-31,Current,Capital Invested
Acc4ce2,Afc0dbf,ACF II West Champions LLC,2026-03-31,Current,Capital Invested
Acc4ce2,Afc0dbf,"ACF II Woodlands Domestic LLC (""Woodlands Hospitality"")",2026-03-31,Current,Capital Invested
Acc4ce2,Afc0dbf,ACF II Woodlands LLC,2026-03-31,Current,Capital Invested
A466539,Afc0dbf,ACP BHI Direct Investment LLC,2026-03-31,Current,Capital Invested
A466539,Afc0dbf,ACP Beechwood Holdco LLC,2026-03-31,Current,Capital Invested
A466539,Afc0dbf,ACP CR Intermediate LLC,2026-03-31,Current,Capital Invested
A466539,Afc0dbf,ACP Corepoint JV LLC,2026-03-31,Current,Capital Invested
A466539,Afc0dbf,ACP Decatur LLC,2026-03-31,Current,Capital Invested
A466539,Afc0dbf,ACP El Segundo Mezz LLC,2026-03-31,Current,Capital Invested
A466539,Afc0dbf,ACP Mesquite Investor LLC,2026-03-31,Current,Capital Invested
A466539,Afc0dbf,ACP Monterey Hotel LLC,2026-03-31,Current,Capital Invested
A466539,Afc0dbf,ACP Newbury 2 Investor Intermediate LLC,2026-03-31,Current,Capital Invested
A466539,Afc0dbf,ACP Perry Intermediate LLC,2026-03-31,Current,Capital Invested
A466539,Afc0dbf,ACP Royal Lahaina LLC,2026-03-31,Current,Capital Invested
A466539,Afc0dbf,ACP SFR Pref LLC,2026-03-31,Current,Capital Invested
A466539,Afc0dbf,ACPC Elle Collections LLC,2026-03-31,Current,Capital Invested
A466539,Afc0dbf,Abacus Alamo Ranch Tenant LP,2026-03-31,Current,Capital Invested
A466539,Afc0dbf,Airport Hotels JV Manager LLC,2026-03-31,Current,Capital Invested
A466539,Afc0dbf,Ascendant Capital Fiber Holdings LLC,2026-03-31,Current,Capital Invested
A466539,Afc0dbf,B/A MF Investments LLC,2026-03-31,Current,Capital Invested
A960738,A670146,Acuity MD,2026-03-31,Current,Capital Invested
A960738,A670146,AgentSync,2026-03-31,Current,Capital Invested
A960738,A670146,Anduril,2026-03-31,Current,Capital Invested
A960738,A670146,Atreides SPC Offshore Investment in SpaceX,2026-03-31,Current,Capital Invested
A960738,A670146,Atreides Special Circumstances Offshore Fund Series N (Twitter),2026-03-31,Current,Capital Invested
A960738,A670146,Axiado Corporation,2026-03-31,Current,Capital Invested
A960738,A670146,Ayar Labs Inc,2026-03-31,Current,Capital Invested
A960738,A670146,Bombas LLC,2026-03-31,Current,Capital Invested
A960738,A670146,Carbon Health Technologies Inc.,2026-03-31,Current,Capital Invested
A960738,A670146,CelLink Corporation,2026-03-31,Current,Capital Invested
A960738,A670146,"Celero Communications, Inc.",2026-03-31,Current,Capital Invested
A960738,A670146,Cerebras Systems Inc.,2026-03-31,Current,Capital Invested
A960738,A670146,Chain Reaction,2026-03-31,Current,Capital Invested
A960738,A670146,Check Technologies Inc,2026-03-31,Current,Capital Invested
A960738,A670146,Crusoe Energy Holdings Inc.,2026-03-31,Current,Capital Invested
A960738,A670146,Cspeed,2026-03-31,Current,Capital Invested
A960738,A670146,Deep Cogito INC,2026-03-31,Current,Capital Invested
A960738,A670146,Drivenets,2026-03-31,Current,Capital Invested
A960738,A670146,Dustphotonics LTD,2026-03-31,Current,Capital Invested
A960738,A670146,Eight Sleep,2026-03-31,Current,Capital Invested
A960738,A670146,Electric AI,2026-03-31,Current,Capital Invested
A960738,A670146,Element Labs LTD.,2026-03-31,Current,Capital Invested
A960738,A670146,Empower Semiconducter INC,2026-03-31,Current,Capital Invested
A960738,A670146,Enfabrica Corporation,2026-03-31,,"Capital Invested, Deal Status"
A960738,A670146,Figment,2026-03-31,Current,Capital Invested
A960738,A670146,FluidStack Ltd.,2026-03-31,Current,Capital Invested
A960738,A670146,Fortell Research,2026-03-31,Current,Capital Invested
A960738,A670146,Genvid,2026-03-31,Current,Capital Invested
A960738,A670146,GoPuff,2026-03-31,Current,Capital Invested
A960738,A670146,Haul Hub Inc,2026-03-31,Current,Capital Invested
A960738,A670146,Imaging Ltd,2026-03-31,Current,Capital Invested
A960738,A670146,Investment in SPC Series R (X Holdings),2026-03-31,Current,Capital Invested
A960738,A670146,Investment in SPC,2026-03-31,Current,Capital Invested
A960738,A670146,K Health Inc.,2026-03-31,Current,Capital Invested
A960738,A670146,Lacework Inc,2026-03-31,Current,Capital Invested
A960738,A670146,Largo Films SA,2026-03-31,Current,Capital Invested
A960738,A670146,Lightbits Labs LTD,2026-03-31,Current,Capital Invested
A960738,A670146,Lyte Technologies,2026-03-31,Current,Capital Invested
A960738,A670146,Magic School Inc,2026-03-31,Current,Capital Invested
A960738,A670146,Matic Robots INC,2026-03-31,Current,Capital Invested
A960738,A670146,Metafy Inc,2026-03-31,Current,Capital Invested
A960738,A670146,Moov Technologies,2026-03-31,Current,Capital Invested
A960738,A670146,Mythic Inc.,2026-03-31,Current,Capital Invested
A960738,A670146,Nexar INC,2026-03-31,Current,Capital Invested
A960738,A670146,Nexite Ltd.,2026-03-31,Current,Capital Invested
A960738,A670146,OpenDeal Inc,2026-03-31,Current,Capital Invested
A960738,A670146,Orgio Inc,2026-03-31,Current,Capital Invested
A960738,A670146,Osmo,2026-03-31,Current,Capital Invested
A960738,A670146,Oura Health Oy,2026-03-31,Current,Capital Invested
A960738,A670146,Pallet Labs Inc,2026-03-31,Current,Capital Invested
A960738,A670146,Photonic INC,2026-03-31,Current,Capital Invested
A960738,A670146,Point Digital Finance Inc,2026-03-31,Current,Capital Invested
A960738,A670146,Prefect Technologies Inc,2026-03-31,Current,Capital Invested
A960738,A670146,QM Technologies,2026-03-31,Current,Capital Invested
A960738,A670146,"Realm Living, Inc.",2026-03-31,Current,Capital Invested
A960738,A670146,SiFive Inc,2026-03-31,Current,Capital Invested
A960738,A670146,Sightful Computers Ltd,2026-03-31,Current,Capital Invested
A960738,A670146,Skyryse INC,2026-03-31,Current,Capital Invested
A960738,A670146,SpaceX,2026-03-31,Current,Capital Invested
A960738,A670146,TBC-The Boring Company,2026-03-31,Current,Capital Invested
A960738,A670146,TensorWave Inc,2026-03-31,Current,Capital Invested
A960738,A670146,Web AI,2026-03-31,Current,Capital Invested
A960738,A670146,WekalO Ltd.,2026-03-31,Current,Capital Invested
A960738,A670146,X.AI,2026-03-31,Current,Capital Invested
A960738,A670146,Xsight Labs Ltd.,2026-03-31,Current,Capital Invested
A960738,A670146,Z League Inc,2026-03-31,Current,Capital Invested
A960738,A670146,Zipline International Inc,2026-03-31,Current,Capital Invested
A960738,A670146,Zola Inc,2026-03-31,Current,Capital Invested
A74c64f,A8be668,Chronos Labs Limited,2026-03-31,Written Down,Capital Invested
A74c64f,A8be668,Layer-2 Development corp,2026-03-31,Current,Capital Invested
A74c64f,A8be668,Medici Collective Co.,2026-03-31,Written Down,Capital Invested
A74c64f,A8be668,Offscreen Inc.,2026-03-31,Written Down,Capital Invested
A74c64f,A8be668,"Orb Labs, Inc.",2026-03-31,Written Down,Capital Invested
A74c64f,A8be668,Syncracy Fund Management LLC,2026-03-31,Written Off,Capital Invested
Ae20eb8,A54f085,"Commonwealth Fusion Systems, LLC",2026-03-31,Current,Capital Invested
Ab5e21c,A8be668,"Finley Technologies, Inc.",2026-03-31,Written Off,Capital Invested
A6709ea,A586fd2,Air Methods Corp,2026-03-31,Partially Exited,Current Cost
A6709ea,A586fd2,Altice France SA,2026-03-31,Partially Exited,Current Cost
A6709ea,A586fd2,Alvaria Inc,2026-03-31,Partially Exited,Current Cost
A6709ea,A586fd2,Apex Tool Group LLC,2026-03-31,Partially Exited,Current Cost
A6709ea,A586fd2,Arc Gaming & Technologies,2026-03-31,Partially Exited,Current Cost
A6709ea,A586fd2,CashRepublic Holdings Inc,2026-03-31,Partially Exited,Current Cost
A6709ea,A586fd2,Chief Power Finance,2026-03-31,Partially Exited,Current Cost
A6709ea,A586fd2,DAZN Limited,2026-03-31,Partially Exited,Current Cost
A6709ea,A586fd2,Doncasters Group,2026-03-31,Partially Exited,Current Cost
A6709ea,A586fd2,Fortrex Inc,2026-03-31,Partially Exited,Current Cost
A6709ea,A586fd2,ICP Group,2026-03-31,Partially Exited,Current Cost
A6709ea,A586fd2,J Palmer Collective LLC,2026-03-31,Partially Exited,Current Cost
A6709ea,A586fd2,Jonas Group Entertainment,2026-03-31,Partially Exited,Current Cost
A6709ea,A586fd2,Multimedia Music LP,2026-03-31,Partially Exited,Current Cost
A6709ea,A586fd2,New Enterprise Stone & Lime,2026-03-31,Partially Exited,Current Cost
A6709ea,A586fd2,NextDecade Corp,2026-03-31,Partially Exited,Current Cost
A6709ea,A586fd2,Pabst Blue Ribbon LLC,2026-03-31,Partially Exited,Current Cost
A6709ea,A586fd2,Project Banda (2025),2026-03-31,Partially Exited,Current Cost
A6709ea,A586fd2,Project Bath,2026-03-31,Partially Exited,Current Cost
A6709ea,A586fd2,Project Burgundy,2026-03-31,Partially Exited,Current Cost
A6709ea,A586fd2,Project Emerald,2026-03-31,Partially Exited,Current Cost
A6709ea,A586fd2,Project Ignite,2026-03-31,Partially Exited,Current Cost
A6709ea,A586fd2,Project Talisman,2026-03-31,Partially Exited,Current Cost
A6709ea,A586fd2,Project Trident (2025),2026-03-31,Partially Exited,Current Cost
A6709ea,A586fd2,Resolute Investment Managers,2026-03-31,Partially Exited,Current Cost
A6709ea,A586fd2,Spanish Broadcasting Inc (Debt),2026-03-31,Partially Exited,Current Cost
A6709ea,A586fd2,VATit Group Limited (2023 Facility),2026-03-31,Partially Exited,Current Cost
A67c3e6,A02cb18,EMC,2026-03-31,Fully Exited,Capital Invested
A67c3e6,A02cb18,ER-Telecom,2026-03-31,Fully Exited,Capital Invested
A67c3e6,A02cb18,Eco-Dolie,2026-03-31,Fully Exited,Capital Invested
A67c3e6,A02cb18,Etalon,2026-03-31,Fully Exited,Capital Invested
A67c3e6,A02cb18,FCB Group,2026-03-31,Fully Exited,Capital Invested
A67c3e6,A02cb18,Nostrum Oil&Gas,2026-03-31,Fully Exited,Capital Invested
A67c3e6,A02cb18,Novomet,2026-03-31,Fully Exited,Capital Invested
A67c3e6,A02cb18,Orient Express Bank,2026-03-31,Fully Exited,Capital Invested
A67c3e6,A02cb18,SK Rezerve,2026-03-31,Fully Exited,Capital Invested
A67c3e6,A02cb18,Teplant,2026-03-31,Written Off,Capital Invested
A44702b,Af8f7a9,Passive Investments,2026-03-31,Current,"Sector, Geographic Focus"
A73be2a,18be12,Auraria Student Lofts,2026-03-31,,Deal Status
A73be2a,18be12,Drewery Place,2026-03-31,,Deal Status
A73be2a,18be12,Embassy Suites,2026-03-31,,Deal Status
A73be2a,18be12,Haverly,2026-03-31,,Deal Status
A73be2a,18be12,Integra Vistas Apartments,2026-03-31,,Deal Status
A73be2a,18be12,L&O Apartments,2026-03-31,,Deal Status
A73be2a,18be12,Parkview on Hollybrook,2026-03-31,,Deal Status
A73be2a,18be12,Pell Public Storage,2026-03-31,,Deal Status
A73be2a,18be12,Rhode Island Student Housing,2026-03-31,,Deal Status
A73be2a,18be12,The Westerly,2026-03-31,,Deal Status
A73be2a,18be12,Thirty75 Tech,2026-03-31,,Deal Status
A73be2a,18be12,VivaBella,2026-03-31,,Deal Status
Aa71003,18be12,2900 Terrace,2026-03-31,Current,Capital Invested
Aa71003,18be12,35 Stone,2026-03-31,Current,Capital Invested
Aa71003,18be12,Aer Lamar,2026-03-31,Current,Capital Invested
Aa71003,18be12,American House Oak Park,2026-03-31,,"Capital Invested, Current Cost, Unrealized Value, Deal Status"
Aa71003,18be12,Artisan Oaks,2026-03-31,,"Capital Invested, Current Cost, Unrealized Value, Deal Status"
Aa71003,18be12,"Arya - Los Angeles, California",2026-03-31,,"Capital Invested, Current Cost, Unrealized Value, Deal Status"
Aa71003,18be12,Bridge Point,2026-03-31,,"Capital Invested, Current Cost, Unrealized Value, Deal Status"
Aa71003,18be12,Capital One Facility Portfolio,2026-03-31,Current,Capital Invested
Aa71003,18be12,Ferncliff,2026-03-31,Current,Capital Invested
Aa71003,18be12,Freddie Mac 2021 - KF126 B Piece,2026-03-31,Current,Capital Invested
Aa71003,18be12,Freddie Mac 2022 - KF134 B Piece,2026-03-31,Current,Capital Invested
Aa71003,18be12,Freddie Mac 2022 - KF145 B Piece,2026-03-31,Current,Capital Invested
Aa71003,18be12,Freddie Mac 2022 - KF151,2026-03-31,Current,Capital Invested
Aa71003,18be12,Freddie Mac 2023 - KF151 B Piece,2026-03-31,,"Capital Invested, Current Cost, Unrealized Value, Deal Status"
Aa71003,18be12,Freddie Mac 2025-MN12,2026-03-31,Current,Capital Invested
Aa71003,18be12,Freddie Mac 2026-MN13,2026-03-31,Current,Capital Invested
Aa71003,18be12,Inspire Sonoran Desert,2026-03-31,Current,Capital Invested
Aa71003,18be12,JP Morgan Facility Portfolio,2026-03-31,Current,Capital Invested
Aa71003,18be12,La Sierra,2026-03-31,,"Capital Invested, Current Cost, Unrealized Value, Deal Status"
Aa71003,18be12,Navona,2026-03-31,Current,Capital Invested
Aa71003,18be12,Nova Tallahassee,2026-03-31,,"Capital Invested, Current Cost, Unrealized Value, Deal Status"
Aa71003,18be12,SaltAire - Torrance,2026-03-31,,"Capital Invested, Current Cost, Unrealized Value, Deal Status"
Aa71003,18be12,South Tryon Flats,2026-03-31,Current,Capital Invested
Aa71003,18be12,The Bouldin & 1301 S Lamar,2026-03-31,,"Capital Invested, Current Cost, Unrealized Value, Deal Status"
Aa71003,18be12,"The Saint Grand - Chicago, Illinois",2026-03-31,,"Capital Invested, Current Cost, Unrealized Value, Deal Status"
Aa71003,18be12,The Valiant,2026-03-31,Current,Capital Invested
Aa71003,18be12,Towerview at Ballantyne,2026-03-31,Current,Capital Invested
A40cc93,A49a079,"Altamira Parent Holdings, LLC",2026-03-31,,"Capital Invested, Deal Status"
A40cc93,A49a079,"AppOmni, Inc.",2026-03-31,Current,Capital Invested
A40cc93,A49a079,"Arctic Wolf Networks, Inc. (f/k/a Revelstoke)",2026-03-31,Current,Capital Invested
A40cc93,A49a079,"Authentic8, Inc.",2026-03-31,Current,Capital Invested
A40cc93,A49a079,BigID Inc.,2026-03-31,Current,Capital Invested
A40cc93,A49a079,"Databricks, Inc. (f/k/a Okera)",2026-03-31,Current,Capital Invested
A40cc93,A49a079,"Diamanti, Inc.",2026-03-31,Current,Capital Invested
A40cc93,A49a079,"Frontier Aggregator, LLC (f/k/a Fortress Security)",2026-03-31,Current,Capital Invested
A40cc93,A49a079,Harness Inc. (f/k/a ZeroNorth),2026-03-31,Current,Capital Invested
A40cc93,A49a079,Inky Technology Corporation,2026-03-31,,"Capital Invested, Deal Status"
A40cc93,A49a079,KKR Olive Co-Invest L.P. (a/k/a Optiv),2026-03-31,Current,Capital Invested
A40cc93,A49a079,Mitiga Security Inc.,2026-03-31,Current,Capital Invested
A40cc93,A49a079,"ProcessUnity ComboCo, LLC (f/k/a CyberGRX)",2026-03-31,Current,Capital Invested
A40cc93,A49a079,"Query.AI, Inc.",2026-03-31,Current,Capital Invested
A40cc93,A49a079,"Singularity TopCo LLC (a/k/a Human, f/k/a White Ops)",2026-03-31,Current,Capital Invested
A23ee88,Ad70035,"Tract (LandCo) I, LP",2026-03-31,Current,Capital Invested
94148b,c51f36,Kraken,2026-03-31,,"Capital Invested, Current Cost, Unrealized Value, Deal Status"
A1e8a7e,Ac37569,American-Sino Healthcare,2026-03-31,Partially Exited,Current Cost
A1e8a7e,Ac37569,C1 Consumer,2026-03-31,Partially Exited,Current Cost
A1e8a7e,Ac37569,Jamieson Wellness,2026-03-31,Partially Exited,Current Cost
A1e8a7e,Ac37569,Oriental Yuhong Waterproof Technology,2026-03-31,Partially Exited,Current Cost
A1e8a7e,Ac37569,Project Crane,2026-03-31,Partially Exited,Current Cost
A1e8a7e,Ac37569,Xingsheng Preference Group Purchasing,2026-03-31,Partially Exited,Current Cost
Af5ff4f,Ac37569,China Feihe,2026-03-31,Partially Exited,Current Cost
Af5ff4f,Ac37569,Datong Insurance Services,2026-03-31,Partially Exited,Current Cost
Af5ff4f,Ac37569,Dongbao Pharmaceutical,2026-03-31,Partially Exited,Current Cost
Af5ff4f,Ac37569,Far East Horizon Leasing,2026-03-31,Partially Exited,Current Cost
Af5ff4f,Ac37569,Oriental Yuhong Waterproof Technology,2026-03-31,Partially Exited,Current Cost
Af5ff4f,Ac37569,Shape Technologies,2026-03-31,Partially Exited,Current Cost
Af5ff4f,Ac37569,Sinopharm Leasing,2026-03-31,Partially Exited,Current Cost
Af5ff4f,Ac37569,V2 Healthcare,2026-03-31,Partially Exited,Current Cost
Af5ff4f,Ac37569,Venus Medtech,2026-03-31,Partially Exited,Current Cost
Af5ff4f,Ac37569,Xingsheng Preference Group Purchasing,2026-03-31,Partially Exited,Current Cost
Ab80ef5,A7d02b3,Apax X L.P.,2026-03-31,Current,"Capital Invested, Current Cost"
Ab80ef5,A7d02b3,"Ares Corporate Opportunities Fund VI, L.P.",2026-03-31,Current,"Capital Invested, Current Cost"
Ab80ef5,A7d02b3,"Audax Private Equity Fund VII-B, L.P.",2026-03-31,,"Capital Invested, Current Cost, Unrealized Value, Deal Status"
Ab80ef5,A7d02b3,BC Partners Fund XI,2026-03-31,,"Capital Invested, Current Cost, Unrealized Value, Deal Status"
Ab80ef5,A7d02b3,"Baring Asia Private Equity Fund VIII, L.P.",2026-03-31,Current,"Capital Invested, Current Cost"
Ab80ef5,A7d02b3,Blackstone Tactical Opportunities Fund IV L.P.,2026-03-31,Current,"Capital Invested, Current Cost"
Ab80ef5,A7d02b3,Bregal Unternehmerkapital III SCSp,2026-03-31,Partially Exited,Current Cost
Ab80ef5,A7d02b3,Bridgepoint Europe VII,2026-03-31,Partially Exited,Current Cost
Ab80ef5,A7d02b3,"CPE China Fund IV, L.P.",2026-03-31,Partially Exited,Current Cost
Ab80ef5,A7d02b3,CVC Capital Partners Asia V L.P.,2026-03-31,Partially Exited,Current Cost
Ab80ef5,A7d02b3,"Centerbridge Capital Partners IV, L.P.",2026-03-31,Current,"Capital Invested, Current Cost"
Ab80ef5,A7d02b3,"Clayton, Dubilier & Rice Fund XI, L.P.",2026-03-31,Partially Exited,Current Cost
Ab80ef5,A7d02b3,"Francisco Partners VI, L.P.",2026-03-31,Partially Exited,Current Cost
Ab80ef5,A7d02b3,"Francisco Partners VII, L.P.",2026-03-31,,"Capital Invested, Current Cost, Unrealized Value, Deal Status"
Ab80ef5,A7d02b3,GI Partners Fund VI LP,2026-03-31,Current,"Capital Invested, Current Cost"
Ab80ef5,A7d02b3,"Green Equity Investors VIII, L.P.",2026-03-31,Partially Exited,Current Cost
Ab80ef5,A7d02b3,IDG China Venture Capital Fund VII L.P.,2026-03-31,Current,"Capital Invested, Current Cost"
Ab80ef5,A7d02b3,KKR Asian Fund IV SCSp,2026-03-31,Current,"Capital Invested, Current Cost"
Ab80ef5,A7d02b3,"L Catterton IX, L.P.",2026-03-31,Partially Exited,Current Cost
Ab80ef5,A7d02b3,"MBK Partners Fund V, L.P.",2026-03-31,Partially Exited,Current Cost
Ab80ef5,A7d02b3,Montagu VI L.P.,2026-03-31,Partially Exited,Current Cost
Ab80ef5,A7d02b3,"New Mountain Partners VI, L.P.",2026-03-31,Current,"Capital Invested, Current Cost"
Ab80ef5,A7d02b3,"Nordic Capital Fund XI, L.P.",2026-03-31,,"Capital Invested, Current Cost, Unrealized Value, Deal Status"
Ab80ef5,A7d02b3,"Nordic Capital X, L.P.",2026-03-31,Current,"Capital Invested, Current Cost"
Ab80ef5,A7d02b3,"Oak Hill Capital Partners V, L.P.",2026-03-31,Current,"Capital Invested, Current Cost"
Ab80ef5,A7d02b3,Oakley Capital V-B1 SCSp,2026-03-31,Current,"Capital Invested, Current Cost"
Ab80ef5,A7d02b3,PAI Partners VIII-1 SCSp,2026-03-31,,"Capital Invested, Current Cost, Unrealized Value, Deal Status"
Ab80ef5,A7d02b3,"PSG V, L.P.",2026-03-31,Current,"Capital Invested, Current Cost"
Ab80ef5,A7d02b3,Project Antarctica,2026-03-31,Partially Exited,Current Cost
Ab80ef5,A7d02b3,Project Artemis,2026-03-31,Partially Exited,Current Cost
Ab80ef5,A7d02b3,Project Ash,2026-03-31,Partially Exited,Current Cost
Ab80ef5,A7d02b3,Project Atlas,2026-03-31,Partially Exited,Current Cost
Ab80ef5,A7d02b3,Project Balvenie,2026-03-31,Partially Exited,Current Cost
Ab80ef5,A7d02b3,Project Boylston,2026-03-31,Partially Exited,Current Cost
Ab80ef5,A7d02b3,Project Cadence,2026-03-31,Partially Exited,Current Cost
Ab80ef5,A7d02b3,Project Ceres,2026-03-31,Partially Exited,Current Cost
Ab80ef5,A7d02b3,Project Cereza,2026-03-31,Partially Exited,Current Cost
Ab80ef5,A7d02b3,Project Chimera,2026-03-31,Partially Exited,Current Cost
Ab80ef5,A7d02b3,Project Clover,2026-03-31,Partially Exited,Current Cost
Ab80ef5,A7d02b3,Project Crestone,2026-03-31,Partially Exited,Current Cost
Ab80ef5,A7d02b3,Project Digital,2026-03-31,Partially Exited,Current Cost
Ab80ef5,A7d02b3,Project Eight,2026-03-31,Partially Exited,Current Cost
Ab80ef5,A7d02b3,Project Fig,2026-03-31,Partially Exited,Current Cost
Ab80ef5,A7d02b3,Project Gallop,2026-03-31,Partially Exited,Current Cost
Ab80ef5,A7d02b3,Project Giant,2026-03-31,Partially Exited,Current Cost
Ab80ef5,A7d02b3,Project Grasshopper,2026-03-31,Partially Exited,Current Cost
Ab80ef5,A7d02b3,Project Hercules,2026-03-31,Partially Exited,Current Cost
Ab80ef5,A7d02b3,Project Hybrid,2026-03-31,Partially Exited,Current Cost
Ab80ef5,A7d02b3,Project ICON,2026-03-31,Partially Exited,Current Cost
Ab80ef5,A7d02b3,Project Kansas,2026-03-31,Partially Exited,Current Cost
Ab80ef5,A7d02b3,Project Lloyds,2026-03-31,Partially Exited,Current Cost
Ab80ef5,A7d02b3,Project Mesa,2026-03-31,Partially Exited,Current Cost
Ab80ef5,A7d02b3,Project Newton,2026-03-31,Partially Exited,Current Cost
Ab80ef5,A7d02b3,Project Orion,2026-03-31,Partially Exited,Current Cost
Ab80ef5,A7d02b3,Project Pearl,2026-03-31,Partially Exited,Current Cost
Ab80ef5,A7d02b3,Project Pioneer,2026-03-31,Partially Exited,Current Cost
Ab80ef5,A7d02b3,Project Plymouth,2026-03-31,Partially Exited,Current Cost
Ab80ef5,A7d02b3,Project Pomelo,2026-03-31,Partially Exited,Current Cost
Ab80ef5,A7d02b3,Project Purple,2026-03-31,Partially Exited,Current Cost
Ab80ef5,A7d02b3,Project Raindrop,2026-03-31,Partially Exited,Current Cost
Ab80ef5,A7d02b3,Project Roast,2026-03-31,Partially Exited,Current Cost
Ab80ef5,A7d02b3,Project Sapphire,2026-03-31,Partially Exited,Current Cost
Ab80ef5,A7d02b3,Project Spike,2026-03-31,Partially Exited,Current Cost
Ab80ef5,A7d02b3,Project Spire,2026-03-31,Partially Exited,Current Cost
Ab80ef5,A7d02b3,Project Sunshine,2026-03-31,Partially Exited,Current Cost
Ab80ef5,A7d02b3,Project Tilburg,2026-03-31,Partially Exited,Current Cost
Ab80ef5,A7d02b3,Project Timber II,2026-03-31,Partially Exited,Current Cost
Ab80ef5,A7d02b3,Project Triangle,2026-03-31,Partially Exited,Current Cost
Ab80ef5,A7d02b3,Project Twenty-Four,2026-03-31,Partially Exited,Current Cost
Ab80ef5,A7d02b3,Project Vision,2026-03-31,Partially Exited,Current Cost
Ab80ef5,A7d02b3,Project Voyage,2026-03-31,Partially Exited,Current Cost
Ab80ef5,A7d02b3,Roark Capital Partners VI LP,2026-03-31,,"Capital Invested, Current Cost, Unrealized Value, Deal Status"
Ab80ef5,A7d02b3,"TCV XI, L.P.",2026-03-31,Partially Exited,Current Cost
Ab80ef5,A7d02b3,"TPG Growth V, L.P.",2026-03-31,Partially Exited,Current Cost
Ab80ef5,A7d02b3,"The Veritas Capital Fund VII, L.P.",2026-03-31,Current,"Capital Invested, Current Cost"
Ab80ef5,A7d02b3,"The Veritas Capital Fund VIII, L.P.",2026-03-31,,"Capital Invested, Current Cost, Unrealized Value, Deal Status"
Ab80ef5,A7d02b3,"Thomas H. Lee Equity Fund IX, L.P.",2026-03-31,Current,"Capital Invested, Current Cost"
Ab80ef5,A7d02b3,"Tiger Global Private Investment Partners XV, L.P.",2026-03-31,Current,"Capital Invested, Current Cost"
Ab80ef5,A7d02b3,"Trident IX, L.P.",2026-03-31,Partially Exited,Current Cost
Ab80ef5,A7d02b3,"Trident VIII, L.P.",2026-03-31,Partially Exited,Current Cost
Ab80ef5,A7d02b3,Undisclosed Investments,2026-03-31,Partially Exited,Current Cost
Ab80ef5,A7d02b3,"WCAS XIV, L.P.",2026-03-31,Current,"Capital Invested, Current Cost"
Ac472e1,A7d02b3,Altor Fund VI (No. 2) AB,2026-03-31,,"Capital Invested, Current Cost, Unrealized Value, Deal Status"
Ac472e1,A7d02b3,"American Securities Partners IX, L.P.",2026-03-31,,Deal Status
Ac472e1,A7d02b3,Apax XI USD L.P.,2026-03-31,,"Capital Invested, Current Cost, Unrealized Value, Deal Status"
Ac472e1,A7d02b3,Apheon Midcap Buyout VI SCSP,2026-03-31,,"Capital Invested, Current Cost, Unrealized Value, Deal Status"
Ac472e1,A7d02b3,"Apollo Investment Fund X, L.P.",2026-03-31,Current,"Capital Invested, Current Cost"
Ac472e1,A7d02b3,"BPEA Private Equity Fund IX (No.2), SCSp",2026-03-31,,"Capital Invested, Current Cost, Unrealized Value, Deal Status"
Ac472e1,A7d02b3,"Bain Capital Fund XIV, L.P.",2026-03-31,,Deal Status
Ac472e1,A7d02b3,"Carlyle Asia Partners VI, L.P.",2026-03-31,,"Capital Invested, Current Cost, Deal Status"
Ac472e1,A7d02b3,"Centerbridge Capital Partners V, L.P.",2026-03-31,Current,"Capital Invested, Current Cost"
Ac472e1,A7d02b3,"Court Square Capital Partners Fund V, L.P.",2026-03-31,Partially Exited,Current Cost
Ac472e1,A7d02b3,EMK Capital Partners III LP,2026-03-31,Current,"Capital Invested, Current Cost"
Ac472e1,A7d02b3,InvestIndustrial VIII SCSp,2026-03-31,Current,"Capital Invested, Current Cost"
Ac472e1,A7d02b3,"K6 Private Investors, L.P.",2026-03-31,Written Off,Capital Invested
Ac472e1,A7d02b3,"KPS Special Situations Fund VI, LP",2026-03-31,Current,"Capital Invested, Current Cost"
Ac472e1,A7d02b3,"Kohlberg Investors X, L.P.",2026-03-31,Partially Exited,Current Cost
Ac472e1,A7d02b3,"Levine Leichtman Capital Partners VII, L.P.",2026-03-31,Partially Exited,Current Cost
Ac472e1,A7d02b3,Lindsay Goldberg VI L.P.,2026-03-31,,"Capital Invested, Current Cost, Unrealized Value, Deal Status"
Ac472e1,A7d02b3,Norvestor IX SCSp,2026-03-31,Current,"Capital Invested, Current Cost"
Ac472e1,A7d02b3,"Oak Hill Capital Partners VI, L.P.",2026-03-31,Partially Exited,Current Cost
Ac472e1,A7d02b3,PAG Asia IV LP,2026-03-31,,"Capital Invested, Current Cost, Unrealized Value, Deal Status"
Ac472e1,A7d02b3,"PSG VI, L.P.",2026-03-31,,"Capital Invested, Current Cost, Unrealized Value, Deal Status"
Ac472e1,A7d02b3,"Patient Square Equity Partners II, LP",2026-03-31,,"Capital Invested, Current Cost, Unrealized Value, Deal Status"
Ac472e1,A7d02b3,"Platinum Equity Capital Partners VI, L.P.",2026-03-31,Current,"Capital Invested, Current Cost"
Ac472e1,A7d02b3,Project Barley,2026-03-31,Partially Exited,Current Cost
Ac472e1,A7d02b3,Project Branford,2026-03-31,Partially Exited,Current Cost
Ac472e1,A7d02b3,Project Breeze,2026-03-31,Partially Exited,Current Cost
Ac472e1,A7d02b3,Project Clementine,2026-03-31,Partially Exited,Current Cost
Ac472e1,A7d02b3,Project Eden,2026-03-31,Partially Exited,Current Cost
Ac472e1,A7d02b3,Project Empower,2026-03-31,Partially Exited,Current Cost
Ac472e1,A7d02b3,Project Fairy,2026-03-31,Partially Exited,Current Cost
Ac472e1,A7d02b3,Project Gale,2026-03-31,Partially Exited,Current Cost
Ac472e1,A7d02b3,Project Gondor,2026-03-31,Partially Exited,Current Cost
Ac472e1,A7d02b3,Project Graduate,2026-03-31,Partially Exited,Current Cost
Ac472e1,A7d02b3,Project Helvetica,2026-03-31,Partially Exited,Current Cost
Ac472e1,A7d02b3,Project Jade,2026-03-31,Partially Exited,Current Cost
Ac472e1,A7d02b3,Project Jumpman,2026-03-31,Partially Exited,Current Cost
Ac472e1,A7d02b3,Project Loch,2026-03-31,Partially Exited,Current Cost
Ac472e1,A7d02b3,Project Macedonia,2026-03-31,Partially Exited,Current Cost
Ac472e1,A7d02b3,Project Marmalade,2026-03-31,Partially Exited,Current Cost
Ac472e1,A7d02b3,Project Mockingjay,2026-03-31,Partially Exited,Current Cost
Ac472e1,A7d02b3,Project Monument,2026-03-31,Partially Exited,Current Cost
Ac472e1,A7d02b3,Project Nancy,2026-03-31,Partially Exited,Current Cost
Ac472e1,A7d02b3,Project Optic,2026-03-31,Partially Exited,Current Cost
Ac472e1,A7d02b3,Project Perth,2026-03-31,Partially Exited,Current Cost
Ac472e1,A7d02b3,Project Raindrop,2026-03-31,Partially Exited,Current Cost
Ac472e1,A7d02b3,Project Ranger,2026-03-31,Partially Exited,Current Cost
Ac472e1,A7d02b3,Project Rhythm,2026-03-31,Partially Exited,Current Cost
Ac472e1,A7d02b3,Project Rooster,2026-03-31,Partially Exited,Current Cost
Ac472e1,A7d02b3,Project Spear,2026-03-31,Partially Exited,Current Cost
Ac472e1,A7d02b3,Project Trove,2026-03-31,Partially Exited,Current Cost
Ac472e1,A7d02b3,Project Twenty-Four,2026-03-31,Partially Exited,Current Cost
Ac472e1,A7d02b3,Project Vision,2026-03-31,Partially Exited,Current Cost
Ac472e1,A7d02b3,Project Waltz,2026-03-31,Partially Exited,Current Cost
Ac472e1,A7d02b3,Project Wings,2026-03-31,Partially Exited,Current Cost
Ac472e1,A7d02b3,Project Wrigley,2026-03-31,Partially Exited,Current Cost
Ac472e1,A7d02b3,"TCV XII, L.P.",2026-03-31,Partially Exited,Current Cost
Ac472e1,A7d02b3,"TPG Asia VIII (A), L.P.",2026-03-31,Partially Exited,Current Cost
Ac472e1,A7d02b3,"TPG Partners IX, L.P.",2026-03-31,Partially Exited,Current Cost
Ac472e1,A7d02b3,"The Resolute Fund VI, L.P.",2026-03-31,Partially Exited,Current Cost
Ac472e1,A7d02b3,The Triton Fund VI,2026-03-31,,"Capital Invested, Current Cost, Unrealized Value, Deal Status"
Ac472e1,A7d02b3,"TowerBrook Investors VI (Onshore), L.P.",2026-03-31,Partially Exited,Current Cost
Ac472e1,A7d02b3,Trident X US Fund L.P.,2026-03-31,,Deal Status
Ac472e1,A7d02b3,Undisclosed Investments,2026-03-31,Partially Exited,Current Cost
Ac472e1,A7d02b3,Verdane Freya XII (D1) AB,2026-03-31,,Deal Status
Aa12a53,A8bd477,Driven Brands Holdings Inc.,2026-03-31,Current,Capital Invested
A9ffbf3,Ad7e703,American Secure Living Inc.; aka Longmark,2026-03-31,Current,Capital Invested
A9ffbf3,Ad7e703,"Bloom Studios, Inc.; aka Indigo",2026-03-31,Current,Capital Invested
A9ffbf3,Ad7e703,"Goldbridge Technologies, Inc.",2026-03-31,Current,Capital Invested
A9ffbf3,Ad7e703,"Homeward, Inc.",2026-03-31,Current,Capital Invested
A9ffbf3,Ad7e703,"Honey Homes, Inc.",2026-03-31,Current,Capital Invested
A9ffbf3,Ad7e703,Latii Inc.,2026-03-31,Current,Capital Invested
A9ffbf3,Ad7e703,Mainstay Labs Inc. aka Open Exchange Labs Inc.,2026-03-31,Current,Capital Invested
A9ffbf3,Ad7e703,Ostrich X Ltd,2026-03-31,Current,Capital Invested
A9ffbf3,Ad7e703,"PassiveLogic, Inc.",2026-03-31,Current,Capital Invested
A9ffbf3,Ad7e703,"Shepherd Labs, Inc.",2026-03-31,Current,Capital Invested
A9ffbf3,Ad7e703,"Suffolk Technology Boost, LLC",2026-03-31,Current,Capital Invested
A9ffbf3,Ad7e703,"TKTK Media, Inc.",2026-03-31,Current,Capital Invested
A9ffbf3,Ad7e703,Tempo Works Inc.,2026-03-31,Current,Capital Invested
A9ffbf3,Ad7e703,"TrueList, Inc.",2026-03-31,Current,Capital Invested
A9ffbf3,Ad7e703,ViaBot Inc.,2026-03-31,Current,Capital Invested
A9ffbf3,Ad7e703,Welcome Building Corporation,2026-03-31,Current,Capital Invested
A5466bf,Acdb9df,Aibidia,2026-03-31,Current,Capital Invested
A5466bf,Acdb9df,"Anterior, Inc.",2026-03-31,Current,Capital Invested
A5466bf,Acdb9df,Astra,2026-03-31,Current,Capital Invested
A5466bf,Acdb9df,Charlie,2026-03-31,Current,Capital Invested
A5466bf,Acdb9df,Cognichip,2026-03-31,Current,Capital Invested
A5466bf,Acdb9df,Enveda,2026-03-31,Current,Capital Invested
A5466bf,Acdb9df,Formation Bio,2026-03-31,Current,Capital Invested
A5466bf,Acdb9df,Oath Surgical Inc.,2026-03-31,Current,Capital Invested
A5466bf,Acdb9df,Other Investments,2026-03-31,Current,Capital Invested
A5466bf,Acdb9df,"PsiQuantum, Corp.",2026-03-31,Current,Capital Invested
A5466bf,Acdb9df,Speakeasy,2026-03-31,Current,Capital Invested
A5466bf,Acdb9df,Strand,2026-03-31,Current,Capital Invested
A5466bf,Acdb9df,Vectara,2026-03-31,Current,Capital Invested
A5466bf,Acdb9df,Xilis,2026-03-31,Current,Capital Invested
A5466bf,Acdb9df,"XperiencOps, Inc",2026-03-31,Current,Capital Invested
A5466bf,Acdb9df,Yendo,2026-03-31,Current,Capital Invested
A29c2b9,Aed3782,AB Centers Acquisition Corporation,2026-03-31,Current,"Capital Invested, Current Cost"
A29c2b9,Aed3782,"ACP Avenu Buyer, LLC",2026-03-31,Current,"Capital Invested, Current Cost"
A29c2b9,Aed3782,Alegeus Technologies Holdings Corp,2026-03-31,Current,"Capital Invested, Current Cost"
A29c2b9,Aed3782,Australia - Application Software,2026-03-31,Current,"Capital Invested, Current Cost"
A29c2b9,Aed3782,"Benefit Plan Administrators Of Eau Claire, LLC",2026-03-31,Current,"Capital Invested, Current Cost"
A29c2b9,Aed3782,Canada-Transportation,2026-03-31,Current,"Capital Invested, Current Cost"
A29c2b9,Aed3782,Identiti Resources LLC,2026-03-31,Current,"Capital Invested, Current Cost"
A29c2b9,Aed3782,Luminii LLC,2026-03-31,Current,"Capital Invested, Current Cost"
A29c2b9,Aed3782,"MoboTrex, LLC",2026-03-31,Current,"Capital Invested, Current Cost"
A29c2b9,Aed3782,"NE Ortho Management Services, LLC",2026-03-31,Current,"Capital Invested, Current Cost"
A29c2b9,Aed3782,"PLA Buyer, LLC",2026-03-31,Current,"Capital Invested, Current Cost"
A29c2b9,Aed3782,"Perimeter Solutions Group, LLC",2026-03-31,Current,"Capital Invested, Current Cost"
A29c2b9,Aed3782,Roofing Services Solutions LLC,2026-03-31,Current,"Capital Invested, Current Cost"
A29c2b9,Aed3782,"SCP WQS Buyer, LLC",2026-03-31,Current,"Capital Invested, Current Cost"
A29c2b9,Aed3782,"SHF Holdings, Inc,",2026-03-31,Current,"Capital Invested, Current Cost"
A29c2b9,Aed3782,"The Smilist DSO, LLC",2026-03-31,Current,"Capital Invested, Current Cost"
A29c2b9,Aed3782,Tighitco Inc,2026-03-31,Current,"Capital Invested, Current Cost"
A29c2b9,Aed3782,United States - Application Software,2026-03-31,Current,"Capital Invested, Current Cost"
A29c2b9,Aed3782,United States - Diversified Financial Services,2026-03-31,Current,"Capital Invested, Current Cost"
A29c2b9,Aed3782,United States - Health Care Services,2026-03-31,Current,"Capital Invested, Current Cost"
A29c2b9,Aed3782,United States - Insurance,2026-03-31,Current,"Capital Invested, Current Cost"
A29c2b9,Aed3782,United States - Materials,2026-03-31,Current,"Capital Invested, Current Cost"
A29c2b9,Aed3782,United States - Media & Entertainment,2026-03-31,Current,"Capital Invested, Current Cost"
A29c2b9,Aed3782,United States - Mutual funds,2026-03-31,Current,"Capital Invested, Current Cost"
A29c2b9,Aed3782,"United States - Pharmaceuticals, Biotechnology & Life Sciences",2026-03-31,Current,"Capital Invested, Current Cost"
A29c2b9,Aed3782,United States - Specialized Consumer Services,2026-03-31,Current,"Capital Invested, Current Cost"
A29c2b9,Aed3782,United States- Capital Goods,2026-03-31,Current,"Capital Invested, Current Cost"
A29c2b9,Aed3782,United states - Commercial & Professional Services,2026-03-31,Current,"Capital Invested, Current Cost"
A29c2b9,Aed3782,"United states - Food, Beverage & Tobacco",2026-03-31,Current,"Capital Invested, Current Cost"
A29c2b9,Aed3782,United states - Technology Hardware & Equipment,2026-03-31,Current,"Capital Invested, Current Cost"
Af017ce,3.95E+42,Asset Backed Securities,2026-03-31,Partially Exited,Current Cost
Af017ce,3.95E+42,Commercial Real Estate Debt & Equity Securities,2026-03-31,Partially Exited,Current Cost
Af017ce,3.95E+42,Consumer Loan and Small Business Loan Portfolio,2026-03-31,Partially Exited,Current Cost
Af017ce,3.95E+42,Corporate Debt & Securities,2026-03-31,Partially Exited,Current Cost
Af017ce,3.95E+42,Corporate Loan Originations,2026-03-31,Partially Exited,Current Cost
Af017ce,3.95E+42,Diversified Credit,2026-03-31,Partially Exited,Current Cost
Af017ce,3.95E+42,Legal Assets,2026-03-31,Partially Exited,Current Cost
Af017ce,3.95E+42,Preferred & Common Equity Corporate Securities,2026-03-31,Partially Exited,Current Cost
Af017ce,3.95E+42,Residential,2026-03-31,Partially Exited,Current Cost
Af017ce,3.95E+42,Transportation and Infrastructure Assets,2026-03-31,Partially Exited,Current Cost
A6d0e2b,3.95E+42,Asset Backed Securities,2026-03-31,Partially Exited,Current Cost
A6d0e2b,3.95E+42,Commercial Real Estate Debt & Equity Securities,2026-03-31,Partially Exited,Current Cost
A6d0e2b,3.95E+42,Consumer Loan and Small Business Loan Portfolio,2026-03-31,Partially Exited,Current Cost
A6d0e2b,3.95E+42,Corporate Debt & Securities,2026-03-31,Partially Exited,Current Cost
A6d0e2b,3.95E+42,Corporate Loan Originations,2026-03-31,Partially Exited,Current Cost
A6d0e2b,3.95E+42,Diversified Credit,2026-03-31,Partially Exited,Current Cost
A6d0e2b,3.95E+42,Legal Assets,2026-03-31,Partially Exited,Current Cost
A6d0e2b,3.95E+42,Preferred & Common Equity Corporate Securities,2026-03-31,Partially Exited,Current Cost
A6d0e2b,3.95E+42,Residential,2026-03-31,Partially Exited,Current Cost
A6d0e2b,3.95E+42,Transportation and Infrastructure Assets,2026-03-31,Partially Exited,Current Cost
A21e474,3.95E+42,Asset Backed Securities,2026-03-31,Partially Exited,Current Cost
A21e474,3.95E+42,Commercial Real Estate Debt & Equity Securities,2026-03-31,Partially Exited,Current Cost
A21e474,3.95E+42,Consumer Loan and Small Business Loan Portfolio,2026-03-31,Partially Exited,Current Cost
A21e474,3.95E+42,Corporate Debt & Securities,2026-03-31,Partially Exited,Current Cost
A21e474,3.95E+42,Corporate Loan Originations,2026-03-31,Partially Exited,Current Cost
A21e474,3.95E+42,Diversified Credit,2026-03-31,Partially Exited,Current Cost
A21e474,3.95E+42,European NPL Portfolio,2026-03-31,Partially Exited,Current Cost
A21e474,3.95E+42,Legal Assets,2026-03-31,Partially Exited,Current Cost
A21e474,3.95E+42,Preferred & Common Equity Corporate Securities,2026-03-31,Partially Exited,Current Cost
A21e474,3.95E+42,Residential,2026-03-31,Partially Exited,Current Cost
A82f5de,3.95E+42,Asset Backed Securities,2026-03-31,Partially Exited,Current Cost
A82f5de,3.95E+42,Commercial Real Estate Debt & Equity Securities,2026-03-31,Partially Exited,Current Cost
A82f5de,3.95E+42,Consumer Loan and Small Business Loan Portfolio,2026-03-31,Partially Exited,Current Cost
A82f5de,3.95E+42,Corporate Debt & Securities: Stressed & Distressed,2026-03-31,Partially Exited,Current Cost
A82f5de,3.95E+42,Corporate Loan Originations,2026-03-31,Partially Exited,Current Cost
A82f5de,3.95E+42,Diversified Credit,2026-03-31,Partially Exited,Current Cost
A82f5de,3.95E+42,Legal Assets,2026-03-31,Partially Exited,Current Cost
A82f5de,3.95E+42,Preferred & Common Equity Corporate Securities,2026-03-31,Partially Exited,Current Cost
A82f5de,3.95E+42,Residential,2026-03-31,Partially Exited,Current Cost
A82f5de,3.95E+42,Transportation and Infrastructure Assets,2026-03-31,Partially Exited,Current Cost
A3bbfd6,3.95E+42,Cardiac Dimensions,2026-03-31,Partially Exited,Current Cost
A3bbfd6,3.95E+42,Preferred Equity in Commercial and Patent Litigation Funder Vehicle,2026-03-31,Partially Exited,Current Cost
A7199bc,A96d1b3,Oil & Gas Properties,2026-03-31,Current,"Capital Invested, Current Cost"
A3c99e8,A9fbabf,"4.0 Public, L.P",2026-03-31,Current,Capital Invested
A3c99e8,A9fbabf,"Accident Care Alliance (FKA Pro Care, LLC)",2026-03-31,Current,Capital Invested
A3c99e8,A9fbabf,Authentic Restaurant Brands,2026-03-31,Current,Capital Invested
A3c99e8,A9fbabf,Bechtun Credit Partners (Franchise Group),2026-03-31,Current,Capital Invested
A3c99e8,A9fbabf,Firebirds Wood Fired Grill,2026-03-31,Current,Capital Invested
A3c99e8,A9fbabf,FirstRidge Service Partners,2026-03-31,Current,Capital Invested
A3c99e8,A9fbabf,GoodTurn Tire & Auto (FKA Apex Automotive),2026-03-31,Current,Capital Invested
A3c99e8,A9fbabf,Kona Ice,2026-03-31,Current,Capital Invested
A3c99e8,A9fbabf,Mountainside Fitness,2026-03-31,Current,Capital Invested
A3c99e8,A9fbabf,Prime Vacations,2026-03-31,Current,Capital Invested
A3c99e8,A9fbabf,Redwood Environmental,2026-03-31,Current,Capital Invested
A162a33,A9fbabf,"5.0 Public, L.P.",2026-03-31,Current,Capital Invested
A162a33,A9fbabf,Bechtun Credit Partners LLC,2026-03-31,,"Capital Invested, Deal Status"
A162a33,A9fbabf,"GSP Nexus Aggregator, LLC",2026-03-31,Current,Capital Invested
A162a33,A9fbabf,Grizzly MEP,2026-03-31,Current,Capital Invested
A162a33,A9fbabf,Honey Baked Ham,2026-03-31,Current,Capital Invested
A162a33,A9fbabf,Sarku,2026-03-31,Current,Capital Invested
A162a33,A9fbabf,Skybound Services Partners,2026-03-31,Current,Capital Invested
A162a33,A9fbabf,True North Fleet Services,2026-03-31,Current,Capital Invested
A87a21d,A9fbabf,CEC Entertainment,2026-03-31,,"Capital Invested, Current Cost, Unrealized Value, Deal Status"
A87a21d,A9fbabf,"Checkers Holdings, Inc.",2026-03-31,,"Capital Invested, Current Cost, Unrealized Value, Deal Status"
A87a21d,A9fbabf,Cooper's Hawk Intermediate Holding LLC,2026-03-31,,"Capital Invested, Current Cost, Unrealized Value, Deal Status"
A87a21d,A9fbabf,"Fogo de Chao (BCPE Grill Parent, Inc.)",2026-03-31,,"Capital Invested, Current Cost, Unrealized Value, Deal Status"
A87a21d,A9fbabf,"GSP COF 2.0 Aggregator, L.P.",2026-03-31,Current,Capital Invested
A87a21d,A9fbabf,"LaserAway Intermediate Holdings II, LLC",2026-03-31,,"Capital Invested, Current Cost, Unrealized Value, Deal Status"
A87a21d,A9fbabf,OYO Hotels (Oravel Stays),2026-03-31,,"Capital Invested, Current Cost, Unrealized Value, Deal Status"
A87a21d,A9fbabf,"SPLAT Super HoldCo, LLC",2026-03-31,,"Capital Invested, Current Cost, Unrealized Value, Deal Status"
A87a21d,A9fbabf,Xponential Fitness,2026-03-31,,"Capital Invested, Current Cost, Unrealized Value, Deal Status"
A9e2889,A3e342a,"Corvia Medical, Inc.",2026-03-31,,"Capital Invested, Deal Status"
A9e2889,A3e342a,"Stripe, Inc.",2026-03-31,Current,Capital Invested
A583186,A3e342a,"Corvia Medical, Inc.",2026-03-31,,"Capital Invested, Deal Status"
A583186,A3e342a,"Fractyl Health, Inc.",2026-03-31,Current,Capital Invested
A583186,A3e342a,"GC Innovation, LLC",2026-03-31,Current,Capital Invested
A583186,A3e342a,GoodData Corporation,2026-03-31,Current,Capital Invested
A583186,A3e342a,"Level Equity Professionals, L.P",2026-03-31,Current,Capital Invested
A583186,A3e342a,"ReInvent Commerce Holdings, LLC (AKA: LAUNCH)",2026-03-31,Current,Capital Invested
A583186,A3e342a,"Stripe, Inc.",2026-03-31,Current,Capital Invested
A583186,A3e342a,"SunBorne Energy Holdings, LLC",2026-03-31,,"Capital Invested, Deal Status"
A583186,A3e342a,"Thrive Capital Partners II, L.P.",2026-03-31,Current,Capital Invested
A583186,A3e342a,"Thrive Capital Partners, LLC",2026-03-31,Current,Capital Invested
A7ead5b,A65900b,Advarra,2026-03-31,Current,Capital Invested
A7ead5b,A65900b,"Amwins Group, Inc.",2026-03-31,Current,Capital Invested
A7ead5b,A65900b,Association Member Benefits Advisors,2026-03-31,Current,Capital Invested
A7ead5b,A65900b,Clarience Technologies LLC,2026-03-31,Current,Capital Invested
A7ead5b,A65900b,Cyncly,2026-03-31,Current,Capital Invested
A7ead5b,A65900b,"First Eagle Investment Management, LLC",2026-03-31,Current,Capital Invested
A7ead5b,A65900b,MASA Global,2026-03-31,Current,Capital Invested
A7ead5b,A65900b,Marcone,2026-03-31,Current,Capital Invested
A7ead5b,A65900b,Mercer,2026-03-31,Current,Capital Invested
A7ead5b,A65900b,OEConnection LLC,2026-03-31,Current,Capital Invested
A7ead5b,A65900b,Obsidian Insurance Holdings,2026-03-31,Current,Capital Invested
A7ead5b,A65900b,Orion Advisor Solutions,2026-03-31,Current,Capital Invested
A7ead5b,A65900b,Prometheus,2026-03-31,Current,Capital Invested
A7ead5b,A65900b,Sonny's Enterprises,2026-03-31,Current,Capital Invested
A7ead5b,A65900b,Vector,2026-03-31,Current,Capital Invested
A7ead5b,A65900b,insightsoftware,2026-03-31,Current,Capital Invested
A1c6bfc,A65900b,"Signant Health (fka ""CRF Bracket"")",2026-03-31,Partially Exited,Capital Invested
A1c6bfc,A65900b,Stack Sports,2026-03-31,Partially Exited,Capital Invested
Afb9c3e,A65900b,2-10 HBW,2026-03-31,Fully Exited,Capital Invested
Afb9c3e,A65900b,Enverus,2026-03-31,Fully Exited,Capital Invested
Afb9c3e,A65900b,ISS,2026-03-31,Fully Exited,Capital Invested
A2257c0,A65900b,"AffiniPay, LLC",2026-03-31,Current,Capital Invested
A2257c0,A65900b,"Amwins Group, Inc.",2026-03-31,Current,Capital Invested
A2257c0,A65900b,"Aperture Companies, LLC",2026-03-31,Current,Capital Invested
A2257c0,A65900b,Cetera,2026-03-31,Current,Capital Invested
A2257c0,A65900b,"Docupace Technologies, LLC",2026-03-31,Current,Capital Invested
A2257c0,A65900b,"First Eagle Investment Management, LLC",2026-03-31,Current,Capital Invested
A2257c0,A65900b,"Flourish Research Holdings, LLC",2026-03-31,Current,Capital Invested
A2257c0,A65900b,Playmetrics,2026-03-31,Current,Capital Invested
A191419,A6c1ccf,Gloryseed (ZhongXueGao),2026-03-31,,Deal Status
Adbd48d,A01041e,"Chime Financial, Inc. (f/k/a 1debit, Inc.)",2026-03-31,Current,Capital Invested
Adbd48d,A01041e,Collibra BV,2026-03-31,Current,Capital Invested
Adbd48d,A01041e,"Dataiku, Inc.",2026-03-31,Current,Capital Invested
Adbd48d,A01041e,"Dialpad, Inc.",2026-03-31,Current,Capital Invested
Adbd48d,A01041e,Houzz Inc.,2026-03-31,Current,Capital Invested
Adbd48d,A01041e,Lucid Software Inc.,2026-03-31,Current,Capital Invested
Adbd48d,A01041e,"Procore Technologies, Inc.",2026-03-31,Current,Capital Invested
Adbd48d,A01041e,"Red Ventures Holdco, LP",2026-03-31,Current,Capital Invested
Adbd48d,A01041e,"ServiceTitan, Inc.",2026-03-31,Current,Capital Invested
Adbd48d,A01041e,Virtru Corporation,2026-03-31,Current,Capital Invested
A41fefa,A8d1733,"10Beauty, Inc.",2026-03-31,Current,Capital Invested
A41fefa,A8d1733,Ami Cole Inc.,2026-03-31,,"Capital Invested, Current Cost, Unrealized Value, Deal Status"
A41fefa,A8d1733,Brady Brand,2026-03-31,,"Capital Invested, Current Cost, Unrealized Value, Deal Status"
A41fefa,A8d1733,Bread Beauty Inc.,2026-03-31,,"Capital Invested, Current Cost, Unrealized Value, Deal Status"
A41fefa,A8d1733,"Builder.io, Inc.",2026-03-31,Current,Capital Invested
A41fefa,A8d1733,"DUOS Living, Inc.",2026-03-31,,"Capital Invested, Current Cost, Unrealized Value, Deal Status"
A41fefa,A8d1733,Eon Group Holdings Inc.,2026-03-31,Current,Capital Invested
A41fefa,A8d1733,Foxtrot,2026-03-31,,"Capital Invested, Current Cost, Unrealized Value, Deal Status"
A41fefa,A8d1733,Goodfair,2026-03-31,,"Capital Invested, Current Cost, Unrealized Value, Deal Status"
A41fefa,A8d1733,Grin Technologies Inc.,2026-03-31,Current,Capital Invested
A41fefa,A8d1733,Lightspeed (fka NuORDER),2026-03-31,,"Capital Invested, Current Cost, Unrealized Value, Deal Status"
A41fefa,A8d1733,Pomegranate Technologies Inc.,2026-03-31,Current,Capital Invested
A41fefa,A8d1733,"SKIMS Body, Inc.",2026-03-31,Current,Capital Invested
A41fefa,A8d1733,"Shiftsmart, Inc.",2026-03-31,Current,Capital Invested
A41fefa,A8d1733,Shop Safely LLC,2026-03-31,Current,Capital Invested
A41fefa,A8d1733,Simulate Inc (Nuggs),2026-03-31,,"Capital Invested, Current Cost, Unrealized Value, Deal Status"
A41fefa,A8d1733,"Stripe, Inc.",2026-03-31,Current,Capital Invested
A41fefa,A8d1733,"Sundays for Dogs, Inc.",2026-03-31,Current,Capital Invested
A41fefa,A8d1733,The XCJ Corp.,2026-03-31,Current,Capital Invested
A41fefa,A8d1733,"Westman Atelier Holdings, Inc.",2026-03-31,Current,Capital Invested
A5bb3fe,A8d1733,Bathhouse,2026-03-31,Current,Capital Invested
A5bb3fe,A8d1733,"GlossGenius, Inc.",2026-03-31,Current,Capital Invested
A5bb3fe,A8d1733,MILA (formerly XCJ),2026-03-31,Current,Capital Invested
A5bb3fe,A8d1733,Mejuri Inc,2026-03-31,Current,Capital Invested
A5bb3fe,A8d1733,"Raya App, Inc.",2026-03-31,Current,Capital Invested
A5bb3fe,A8d1733,"SKIMS Body, Inc.",2026-03-31,Current,Capital Invested
A5bb3fe,A8d1733,TR Holding LLC (The Row),2026-03-31,Current,Capital Invested
A5bb3fe,A8d1733,"The Feed.com, Inc.",2026-03-31,Current,Capital Invested
A80b715,A8d1733,"AYOH, Inc.",2026-03-31,Current,Capital Invested
A80b715,A8d1733,Alec's Ice Cream,2026-03-31,Current,Capital Invested
A80b715,A8d1733,"Black Crow AI, Inc.",2026-03-31,Current,Capital Invested
A80b715,A8d1733,Cafeteria Inc.,2026-03-31,Current,Capital Invested
A80b715,A8d1733,"DFSNY Holding, Inc.",2026-03-31,Current,Capital Invested
A80b715,A8d1733,"Ever/Body, Inc.",2026-03-31,,"Capital Invested, Current Cost, Unrealized Value, Deal Status"
A80b715,A8d1733,Goose Holdings Inc.,2026-03-31,Current,Capital Invested
A80b715,A8d1733,"Hoem Beauty, Inc.",2026-03-31,Current,Capital Invested
A80b715,A8d1733,Hook Media Inc.,2026-03-31,Current,Capital Invested
A80b715,A8d1733,"IMGN Labs II, Inc.",2026-03-31,Current,Capital Invested
A80b715,A8d1733,"ImAgEnary Labs, Inc.(reale actives)",2026-03-31,Current,Capital Invested
A80b715,A8d1733,"Imaginary Labs IV, Inc. (SWORL)",2026-03-31,Current,Capital Invested
A80b715,A8d1733,K Brand Inc.,2026-03-31,Current,Capital Invested
A80b715,A8d1733,Korean Bros Incorporated,2026-03-31,Current,Capital Invested
A80b715,A8d1733,Lone Palm Labs Inc. (dba Retro),2026-03-31,Current,Capital Invested
A80b715,A8d1733,Lucky Beverage Co.,2026-03-31,Current,Capital Invested
A80b715,A8d1733,Rules Beauty Inc.,2026-03-31,Current,Capital Invested
A80b715,A8d1733,Santo Taco (Taco Inc.),2026-03-31,Current,Capital Invested
A80b715,A8d1733,SmellCo Inc.,2026-03-31,Current,Capital Invested
A80b715,A8d1733,"iMgN Labs, Inc.(dba Point of View)",2026-03-31,Current,Capital Invested
Aa7f6d4,A8d1733,House of Home AB (Nordic Knots),2026-03-31,Current,Capital Invested
Ae4c498,A8d1733,"SKIMS Body, Inc.",2026-03-31,,"Capital Invested, Current Cost, Unrealized Value, Deal Status"
Ab560d4,Aac22ed,Traxys S.a.r.l.,2026-03-31,Partially Exited,Current Cost
A8ff6ae,Ab9d621,Apex (Wuxi) Co. Ltd.,2026-03-31,,"Capital Invested, Current Cost, Unrealized Value, Deal Status"
A8ff6ae,Ab9d621,Berzelius (Nanjing) Co. Ltd,2026-03-31,,"Capital Invested, Current Cost, Unrealized Value, Deal Status"
A8ff6ae,Ab9d621,"Datameer, Inc.",2026-03-31,,"Capital Invested, Current Cost, Unrealized Value, Deal Status"
A8ff6ae,Ab9d621,"Everlane, Inc.",2026-03-31,,"Capital Invested, Current Cost, Unrealized Value, Deal Status"
A8ff6ae,Ab9d621,"Rent The Runway, Inc.",2026-03-31,,"Capital Invested, Current Cost, Unrealized Value, Deal Status"
A7906e8,A4a1f26,Footprint,2026-03-31,,"Capital Invested, Current Cost, Unrealized Value, Deal Status"
A4081d6,A4a1f26,TURBO,2026-03-31,,"Capital Invested, Current Cost, Unrealized Value, Deal Status"
A86e0b1,Aa130ea,"Alpaca Technology, Inc.",2026-03-31,Written Down,Capital Invested
A86e0b1,Aa130ea,"Guide Oncology, Inc. (Kirilys)",2026-03-31,,"Capital Invested, Current Cost, Unrealized Value, Deal Status"
A86e0b1,Aa130ea,Hempfusion Wellness Inc.,2026-03-31,Written Down,Capital Invested
A86e0b1,Aa130ea,Tasklet,2026-03-31,,"Capital Invested, Current Cost, Unrealized Value, Deal Status"
A096a41,Aa130ea,"Berry Health, Inc.",2026-03-31,Written Down,Capital Invested
A096a41,Aa130ea,"Eco, Inc.",2026-03-31,Written Down,Capital Invested
A096a41,Aa130ea,Elementus Inc.,2026-03-31,Written Down,Capital Invested
A096a41,Aa130ea,"Humaning, Inc.",2026-03-31,Written Down,Capital Invested
A096a41,Aa130ea,Live Summer Inc.,2026-03-31,Written Down,Capital Invested
A096a41,Aa130ea,Parallel Finance Inc.,2026-03-31,Written Down,Capital Invested
A096a41,Aa130ea,Terraform Labs Pte. Ltd. (dba Luna),2026-03-31,Written Down,Capital Invested
A096a41,Aa130ea,"The Hive Social Network, Inc.",2026-03-31,Written Down,Capital Invested
A096a41,Aa130ea,"Voltron Data, Inc.",2026-03-31,Written Down,Capital Invested
Aeccf59,Af0082f,"Access Medical Systems, Ltd. (ET Healthcare)",2026-03-31,Current,Capital Invested
Aeccf59,Af0082f,DiDi Global Inc. (DIDIY),2026-03-31,Current,Capital Invested
Aeccf59,Af0082f,Distinct Healthcare Holdings Limited,2026-03-31,Current,Capital Invested
Aeccf59,Af0082f,EDDA Healthcare and Technology Holding Limited,2026-03-31,Current,Capital Invested
Aeccf59,Af0082f,Fenbi Ltd.,2026-03-31,Current,Capital Invested
Aeccf59,Af0082f,NaviChina Inc. (Zhe800),2026-03-31,Current,Capital Invested
Aeccf59,Af0082f,Peijia Medical Limited,2026-03-31,Current,Capital Invested
Aeccf59,Af0082f,Qiniu Limited,2026-03-31,Current,Capital Invested
Aeccf59,Af0082f,Souche Holdings Ltd,2026-03-31,Current,Capital Invested
Aeccf59,Af0082f,"Tubatu Group Co., Ltd. (To8To)",2026-03-31,Current,Capital Invested
Aeccf59,Af0082f,YUAN Inc (Yuanfudao),2026-03-31,Current,Capital Invested
Aeccf59,Af0082f,Yoka International Inc.,2026-03-31,,"Capital Invested, Deal Status"
Aeccf59,Af0082f,Zhaogang,2026-03-31,Current,Capital Invested
A65fb68,Af0082f,Adlai Nortye Ltd. (Anuo),2026-03-31,Current,Capital Invested
A65fb68,Af0082f,"Ansun Biopharma, Inc.",2026-03-31,Current,Capital Invested
A65fb68,Af0082f,"Beijing Zhiling Haina Technology Co., Ltd. (SmartX)",2026-03-31,Current,Capital Invested
A65fb68,Af0082f,Choice Technology Inc. (Weimai),2026-03-31,Current,Capital Invested
A65fb68,Af0082f,Cloudchef Group Inc.,2026-03-31,,"Capital Invested, Deal Status"
A65fb68,Af0082f,DataPipeline Ltd,2026-03-31,Current,Capital Invested
A65fb68,Af0082f,Dejavu Technology Holdings Limited (DuoZhuaYu),2026-03-31,Current,Capital Invested
A65fb68,Af0082f,Dora Technology Limited (Snowplus),2026-03-31,Current,Capital Invested
A65fb68,Af0082f,Edianyun Limited,2026-03-31,Current,Capital Invested
A65fb68,Af0082f,Eyepetizer Technology Limited (KaiYanShiPin),2026-03-31,,"Capital Invested, Deal Status"
A65fb68,Af0082f,Guazi.com Inc.,2026-03-31,Current,Capital Invested
A65fb68,Af0082f,"Happy Sharing Co., Ltd. (XiangWuShuo)",2026-03-31,,"Capital Invested, Deal Status"
A65fb68,Af0082f,HashData Technology Inc. (KuKe),2026-03-31,Current,Capital Invested
A65fb68,Af0082f,More Fun Entertainment Group (MoTianLun Ticket),2026-03-31,Current,Capital Invested
A65fb68,Af0082f,NB Therapeutics Inc. (fka. Nuance Biotech Inc.),2026-03-31,Current,Capital Invested
A65fb68,Af0082f,Peijia Medical Limited,2026-03-31,Current,Capital Invested
A65fb68,Af0082f,Source Technology Inc.,2026-03-31,Current,Capital Invested
A65fb68,Af0082f,UXLINK,2026-03-31,Current,Capital Invested
A65fb68,Af0082f,Vesoft Inc. (Nebula Graph),2026-03-31,Current,Capital Invested
A65fb68,Af0082f,XPX Holdings Limited (Chubby Bear),2026-03-31,Current,Capital Invested
A65fb68,Af0082f,XPeng Inc. (XPeng Motors),2026-03-31,Current,Capital Invested
A65fb68,Af0082f,"Xi An Wingspan Electronic Technology, Co., Ltd. (Yizhan)",2026-03-31,,"Capital Invested, Deal Status"
A65fb68,Af0082f,YUNSHAN Networks Inc.,2026-03-31,Current,Capital Invested
A9859d3,Af0082f,Addx Limited (JiJiaKeJi),2026-03-31,Current,Capital Invested
A9859d3,Af0082f,"Beijing MeiyiLab Co.,Ltd. (MeiYi)",2026-03-31,,"Capital Invested, Deal Status"
A9859d3,Af0082f,Beijing Semidrive Technology Corporation (XinChi),2026-03-31,Current,Capital Invested
A9859d3,Af0082f,Beisen Holding Limited,2026-03-31,Current,Capital Invested
A9859d3,Af0082f,Bestsign Inc. (ShangShangQian),2026-03-31,Current,Capital Invested
A9859d3,Af0082f,Bota Biosciences Ltd (Bota Bio),2026-03-31,Current,Capital Invested
A9859d3,Af0082f,Datacloak Inc. (Shupeng),2026-03-31,Current,Capital Invested
A9859d3,Af0082f,Easy Group Holdings Inc.,2026-03-31,,"Capital Invested, Deal Status"
A9859d3,Af0082f,FEIBAI Education Corporation,2026-03-31,Current,Capital Invested
A9859d3,Af0082f,Feiyulife Inc. (Feiyu),2026-03-31,Current,Capital Invested
A9859d3,Af0082f,ForU Worldwide Inc. (ForU Truck),2026-03-31,Current,Capital Invested
A9859d3,Af0082f,"Gemii (Zhejiang Shaoxing) Technology Co., Ltd. (Jingli)",2026-03-31,Current,Capital Invested
A9859d3,Af0082f,Global Digital Mercantile Holdings Limited (GDM),2026-03-31,,"Capital Invested, Deal Status"
A9859d3,Af0082f,"Golden Array Nanjing Limited (JLSemi) (FKA ""PhotonArray Inc."")",2026-03-31,Current,Capital Invested
A9859d3,Af0082f,HUAHUI HEALTHCARE INC. (HuaHuiAnJian),2026-03-31,Current,Capital Invested
A9859d3,Af0082f,Hang Zhou Jin Ling Yang Consulting Limited Company (ZiHaiGuo),2026-03-31,,"Capital Invested, Deal Status"
A9859d3,Af0082f,Hangzhou Beauty Secret Brand Management Co. LTD,2026-03-31,,"Capital Invested, Deal Status"
A9859d3,Af0082f,Happy_seed (Cayman) Limited,2026-03-31,Current,Capital Invested
A9859d3,Af0082f,Howhow Holding Limited (How Wenda),2026-03-31,,"Capital Invested, Deal Status"
A9859d3,Af0082f,"Hui Ta Li Arts and Crafts (Beijing) Co., Ltd",2026-03-31,,"Capital Invested, Deal Status"
A9859d3,Af0082f,"Jiaxing Boji Medical Technology Co., Ltd. (UP Clinic)",2026-03-31,Current,Capital Invested
A9859d3,Af0082f,Lupu Holdings Limited,2026-03-31,,"Capital Invested, Current Cost, Unrealized Value, Deal Status"
A9859d3,Af0082f,Mallee Tech Holdings Limited,2026-03-31,,"Capital Invested, Deal Status"
A9859d3,Af0082f,MitoQuality Pharmaceuticals Ltd,2026-03-31,Current,Capital Invested
A9859d3,Af0082f,NeXtech (Cayman) Limited (NeuraMatrix),2026-03-31,Current,Capital Invested
A9859d3,Af0082f,NutriMotion PTE.LTD,2026-03-31,,"Capital Invested, Deal Status"
A9859d3,Af0082f,OnQuality Pharmaceuticals Ltd. (AnKuo Yiyao),2026-03-31,,"Capital Invested, Deal Status"
A9859d3,Af0082f,Quwan Holding Limited (TT Voice),2026-03-31,Current,Capital Invested
A9859d3,Af0082f,"Rgenta Therapeutics, Inc.",2026-03-31,Current,Capital Invested
A9859d3,Af0082f,"RootPath, Inc. (ChengYuanShengWu)",2026-03-31,Current,Capital Invested
A9859d3,Af0082f,"Shanghai EnnovaBio Pharmaceuticals Co., Ltd. (EnnovaBio)",2026-03-31,Current,Capital Invested
A9859d3,Af0082f,"Shanghai Xizhi Technology Co., Ltd. (LightAI Ltd.)",2026-03-31,Current,Capital Invested
A9859d3,Af0082f,"Shenzhen Smart Manufacturing Software Dev. Co., Ltd. (Zhi Bu)",2026-03-31,Current,Capital Invested
A9859d3,Af0082f,Shoucheng Holdings Limited,2026-03-31,Current,Capital Invested
A9859d3,Af0082f,Starfield Food and Science Technology Limited,2026-03-31,Current,Capital Invested
A9859d3,Af0082f,Trussan.com Corporation (PuLan),2026-03-31,Current,Capital Invested
A9859d3,Af0082f,V Light Technologies Limited,2026-03-31,,"Capital Invested, Deal Status"
A9859d3,Af0082f,"Web3.x (FKA ""Blockchain"" ""TokenInsight"")",2026-03-31,Current,Capital Invested
A9859d3,Af0082f,Wecook Inc.,2026-03-31,Current,Capital Invested
A9859d3,Af0082f,Xindebaby Limited. (MUA),2026-03-31,,"Capital Invested, Deal Status"
A9859d3,Af0082f,Xingyun International Company Limited,2026-03-31,Current,Capital Invested
A9859d3,Af0082f,Xolo (Cayman) Limited (Mollybox),2026-03-31,Current,Capital Invested
A9859d3,Af0082f,YESMRO Holdings Limited (YiMaiGongPin),2026-03-31,Current,Capital Invested
A9859d3,Af0082f,YUNYUN Global Limited (Yunyun Story),2026-03-31,,"Capital Invested, Deal Status"
A9859d3,Af0082f,Zhuan Spirit Holdings Limited (ZhuanZhuan),2026-03-31,Current,Capital Invested
A80ede9,Af0082f,"AkroStar Technology Co., Ltd. (XinYaoHui)",2026-03-31,Current,Capital Invested
A80ede9,Af0082f,Ambilight Inc (Guangyi Tech),2026-03-31,Current,Capital Invested
A80ede9,Af0082f,"Anhui Kouweiquan Food Co., Ltd.",2026-03-31,Current,Capital Invested
A80ede9,Af0082f,"BEIJING PROTOGA BIOTECH CO., LTD (Yuanyu Bio)",2026-03-31,Current,Capital Invested
A80ede9,Af0082f,"BITO Robotics (Shanghai) Co., Ltd.",2026-03-31,Current,Capital Invested
A80ede9,Af0082f,"Beijing Biostar Pharmaceuticals Co., Ltd. (HuaHaoZhongTian)",2026-03-31,Current,Capital Invested
A80ede9,Af0082f,"Beijing DP Technology Co.,Ltd (Deep Potential)",2026-03-31,Current,Capital Invested
A80ede9,Af0082f,"Beijing Nuoxinchuanglian Technology CO., Ltd. (Naxions)",2026-03-31,Current,Capital Invested
A80ede9,Af0082f,"Beijing Yiling Chenfei Technology Co., Ltd. (Ealing)",2026-03-31,Current,Capital Invested
A80ede9,Af0082f,Belief BioMed Inc. (XinNian BioMed),2026-03-31,Current,Capital Invested
A80ede9,Af0082f,Burning Galaxy Ltd (Another Earth),2026-03-31,,"Capital Invested, Deal Status"
A80ede9,Af0082f,Bytebase (Cayman) Limited,2026-03-31,Current,Capital Invested
A80ede9,Af0082f,Carticletech Cayman Limited (Chelizi),2026-03-31,Current,Capital Invested
A80ede9,Af0082f,"Cellbri Ark (Shenzhen) Biotech Co., Ltd. (FKA Beijing Cellbri) (Saiqiao Bio)",2026-03-31,Current,Capital Invested
A80ede9,Af0082f,"Chiplite Technology Co., Ltd.",2026-03-31,,"Capital Invested, Deal Status"
A80ede9,Af0082f,City Puzzle Holdings Limited (Didi Freight),2026-03-31,Current,Capital Invested
A80ede9,Af0082f,Coevolution Technologies Investments Limited (Yiwu Tech),2026-03-31,,"Capital Invested, Deal Status"
A80ede9,Af0082f,"Collov, Inc.",2026-03-31,Current,Capital Invested
A80ede9,Af0082f,Colorful Pines Group Limited (HongSongXueTang),2026-03-31,Current,Capital Invested
A80ede9,Af0082f,"D3 Bio, Inc.",2026-03-31,Current,Capital Invested
A80ede9,Af0082f,East Stone Spacelike Limited (Kuaiyin),2026-03-31,Current,Capital Invested
A80ede9,Af0082f,FitVille Brand Group,2026-03-31,Current,Capital Invested
A80ede9,Af0082f,"Flickering Education Technology Co., Limited (Flikering. AI)",2026-03-31,Current,Capital Invested
A80ede9,Af0082f,Frog Social Tech Ltd.,2026-03-31,,"Capital Invested, Deal Status"
A80ede9,Af0082f,Frontis (Xianyuan Tech),2026-03-31,Current,Capital Invested
A80ede9,Af0082f,GAIA STONE LTD.,2026-03-31,Current,Capital Invested
A80ede9,Af0082f,Genor Biopharma Holdings Limited (FKA JHBP),2026-03-31,Current,Capital Invested
A80ede9,Af0082f,Grand Cyclone Holdings Limited (HongJi),2026-03-31,Current,Capital Invested
A80ede9,Af0082f,"Guangzhou Cyberspace Holdings Co., Ltd. (FKA Cyber Space) (Chaojing Automobile)",2026-03-31,Current,Capital Invested
A80ede9,Af0082f,"HOURS Technology Co.,Ltd. (Woshi Tech)",2026-03-31,Current,Capital Invested
A80ede9,Af0082f,"HangZhou Core Control Robotics Co., Ltd. (Xinkong Al)",2026-03-31,Current,Capital Invested
A80ede9,Af0082f,"Hangzhou Baoge electronic commerce Co., Ltd. (Wang Baobao)",2026-03-31,Current,Capital Invested
A80ede9,Af0082f,"Hangzhou Guosheng Tech co.,LTD (Zhongke Guosheng)",2026-03-31,Current,Capital Invested
A80ede9,Af0082f,Hangzhou Partner Pet Co Ltd,2026-03-31,Current,Capital Invested
A80ede9,Af0082f,"Hangzhou Polymed Biopharmaceuticals, Inc (Duoyu)",2026-03-31,Current,Capital Invested
A80ede9,Af0082f,"Hunan Hongchen Catering Management Co.,Ltd (Huanxi Shaomai)",2026-03-31,,"Capital Invested, Deal Status"
A80ede9,Af0082f,"KYINNO BIOTECHNOLOGY CO.,LTD (Kang Yuan Bo Chuang)",2026-03-31,Current,Capital Invested
A80ede9,Af0082f,Link-ic (suzhou) CO. Ltd (Xinling Semi),2026-03-31,Current,Capital Invested
A80ede9,Af0082f,Merico Holdings Inc. (SiMaYi),2026-03-31,Current,Capital Invested
A80ede9,Af0082f,"MolyVivi (Shanghai) Clothing Technology Co., Ltd.",2026-03-31,Current,Capital Invested
A80ede9,Af0082f,"Nanjing Houmo Technology Co., Ltd. (Houmo.Al)",2026-03-31,Current,Capital Invested
A80ede9,Af0082f,"Nanjing Zenshine Pharmaceuticals Co., Ltd.",2026-03-31,Current,Capital Invested
A80ede9,Af0082f,Nebula (Cayman) Limited,2026-03-31,,"Capital Invested, Deal Status"
A80ede9,Af0082f,Neptune Group Holding Limited (Nabai Robotics),2026-03-31,Current,Capital Invested
A80ede9,Af0082f,New Urtopia Holdings Limited,2026-03-31,Current,Capital Invested
A80ede9,Af0082f,"NiKang Therapeutics, Inc.",2026-03-31,Current,Capital Invested
A80ede9,Af0082f,Ntmer Group (Xintian Tech),2026-03-31,,"Capital Invested, Deal Status"
A80ede9,Af0082f,"Nutshell Biotech (Shanghai) Co., Ltd. (Yudao Bio)",2026-03-31,Current,Capital Invested
A80ede9,Af0082f,Olive Health Group (GLZ),2026-03-31,Current,Capital Invested
A80ede9,Af0082f,"Olive Wren, Inc. (SIJO)",2026-03-31,Current,Capital Invested
A80ede9,Af0082f,Onesight Inc. (Yijian Tech),2026-03-31,Current,Capital Invested
A80ede9,Af0082f,PAQ Therapeutics Limited (Paqman),2026-03-31,Current,Capital Invested
A80ede9,Af0082f,Qihan Holdings Limited,2026-03-31,Current,Capital Invested
A80ede9,Af0082f,"Qisheng National Veterinary Hospital Management Co.,Ltd (Mengshou)",2026-03-31,,"Capital Invested, Deal Status"
A80ede9,Af0082f,Quwan Holding Limited,2026-03-31,Current,Capital Invested
A80ede9,Af0082f,"Qyuns Therapeutics Co., Ltd. (Quanxin Bio)",2026-03-31,Current,Capital Invested
A80ede9,Af0082f,RainbowFerry. Inc. (ShaLi Bio),2026-03-31,Current,Capital Invested
A80ede9,Af0082f,Resgo (Cayman) Limited (Shuiwan),2026-03-31,Current,Capital Invested
A80ede9,Af0082f,Ronovo Surgical,2026-03-31,Current,Capital Invested
A80ede9,Af0082f,"SHENZHEN YINGMU TECHNOLOGY CO., LTD (INMO)",2026-03-31,Current,Capital Invested
A80ede9,Af0082f,"SICHUAN MAMA FOODS TECHNOLOGY CO.,LTD. (Jitaitai)",2026-03-31,Current,Capital Invested
A80ede9,Af0082f,SURPATH TECH (CAYMAN) (Yima Tech),2026-03-31,Current,Capital Invested
A80ede9,Af0082f,SciOne Corp.,2026-03-31,,"Capital Invested, Deal Status"
A80ede9,Af0082f,"Senti Biosciences, Inc.",2026-03-31,Current,Capital Invested
A80ede9,Af0082f,Shanghai Cygnus Semiconductor Company Limited (Xingsi Semi),2026-03-31,Current,Capital Invested
A80ede9,Af0082f,Shanghai Jiashang Infomator Technology Ltd. (Zhi Wu Jiao Shou),2026-03-31,,"Capital Invested, Deal Status"
A80ede9,Af0082f,Shanghai RunFeixiandun Catering Management Co Ltd (Runfei),2026-03-31,Current,Capital Invested
A80ede9,Af0082f,"Shanghai Xiguo Sports Apparels Co., Ltd. (Knowin)",2026-03-31,,"Capital Invested, Deal Status"
A80ede9,Af0082f,"Shenzhen Qianhai Duodao Enterprise Management Co., Ltd (LuWeiJueXing)",2026-03-31,Current,Capital Invested
A80ede9,Af0082f,"Shenzhen Snapmaker Technologies Co., Ltd.",2026-03-31,Current,Capital Invested
A80ede9,Af0082f,"Shenzhen Xiaosi Technology Co., Ltd.",2026-03-31,Current,Capital Invested
A80ede9,Af0082f,"Shenzhen ZhiLiu Technology Co., Ltd. (APISeven)",2026-03-31,Current,Capital Invested
A80ede9,Af0082f,Shipu Holding Corporation (iLabService),2026-03-31,Current,Capital Invested
A80ede9,Af0082f,ShuMei Technology Corporation,2026-03-31,Current,Capital Invested
A80ede9,Af0082f,"Skywalker Education Technology Co., Ltd. (Yuanyin Edu)",2026-03-31,Current,Capital Invested
A80ede9,Af0082f,"Suzhou Advaccine Biotechnology Co., Ltd. (FKA Beijing Advaccine) Ordinary",2026-03-31,Current,Capital Invested
A80ede9,Af0082f,Suzhou Affection Animal Pharmaceuticals,2026-03-31,Current,Capital Invested
A80ede9,Af0082f,"Suzhou Bluestone New Power Co., Ltd",2026-03-31,Current,Capital Invested
A80ede9,Af0082f,Talentspark Holding Inc (Jike Interview),2026-03-31,,"Capital Invested, Deal Status"
A80ede9,Af0082f,Taos Data,2026-03-31,Current,Capital Invested
A80ede9,Af0082f,U Power International Limited (Youpao Network),2026-03-31,Current,Capital Invested
A80ede9,Af0082f,Umer Technology (Cayman) Limited (Youmai),2026-03-31,Current,Capital Invested
A80ede9,Af0082f,VASTAI Holding Company (VASTAI Tech),2026-03-31,Current,Capital Invested
A80ede9,Af0082f,VelaCyber Holdings Limited ( Jinghai Tech),2026-03-31,,"Capital Invested, Deal Status"
A80ede9,Af0082f,Vibrant Therapeutics Limited (Xinhua Bio),2026-03-31,Current,Capital Invested
A80ede9,Af0082f,XEPIC Corporation Limited (Xinhuazhang),2026-03-31,Current,Capital Invested
A80ede9,Af0082f,YXT.COM GROUP HOLDING LIMITED (FKA UNICENTURY),2026-03-31,Current,Capital Invested
A80ede9,Af0082f,"ZKnow Technologies Co.,Ltd. (YQcloud)",2026-03-31,Current,Capital Invested
A72f874,Af0082f,Astribot Inc.,2026-03-31,Current,Capital Invested
A72f874,Af0082f,BOTAI Intelligent Equipment (Guangdong) Limited,2026-03-31,Current,Capital Invested
A72f874,Af0082f,BaseCure Therapeutics Inc.,2026-03-31,Current,Capital Invested
A72f874,Af0082f,"Beijing Galbot Co.,Ltd",2026-03-31,Current,Capital Invested
A72f874,Af0082f,Bluespace Limited (Nature Select),2026-03-31,Current,Capital Invested
A72f874,Af0082f,Carote Ltd,2026-03-31,Current,Capital Invested
A72f874,Af0082f,"Changzhou Lingyue Equipment Co., Ltd",2026-03-31,Current,Capital Invested
A72f874,Af0082f,Domus Next Limited,2026-03-31,Current,Capital Invested
A72f874,Af0082f,Esquared Capital Limited (Klook),2026-03-31,Current,Capital Invested
A72f874,Af0082f,Excalipoint Therapeutics Inc.,2026-03-31,Current,Capital Invested
A72f874,Af0082f,"Final Round AI, Inc.",2026-03-31,Current,Capital Invested
A72f874,Af0082f,"FlowGPT, Co.",2026-03-31,Current,Capital Invested
A72f874,Af0082f,"Guangdong Advanced Carbon Materials Co., Ltd (Kargen)",2026-03-31,Current,Capital Invested
A72f874,Af0082f,"Immunity Mining Biotechnologies (aka ""Aureka"")",2026-03-31,Current,Capital Invested
A72f874,Af0082f,LIGHTSPEED INTELLIGENCE LIMITED,2026-03-31,Current,Capital Invested
A72f874,Af0082f,"Lightwheel Al (Beijing) Technology Co., LTD.",2026-03-31,Current,Capital Invested
A72f874,Af0082f,MiniMax Group Inc.,2026-03-31,Current,Capital Invested
A72f874,Af0082f,"Muke Intelligent Technology (Shenzhen) Co., Ltd.",2026-03-31,Current,Capital Invested
A72f874,Af0082f,Multitude Therapeutics Inc.,2026-03-31,Current,Capital Invested
A72f874,Af0082f,Narrow Path Tech Inc. (YuanShi),2026-03-31,Current,Capital Invested
A72f874,Af0082f,NaukNauk Inc,2026-03-31,Current,Capital Invested
A72f874,Af0082f,NeuHyll Therapeutics Inc.,2026-03-31,Current,Capital Invested
A72f874,Af0082f,"Noitom Robotics Technology (Beijing) Co., Ltd. ",2026-03-31,Current,Capital Invested
A72f874,Af0082f,"Ouropia Intelligence Technology Co., Ltd",2026-03-31,Current,Capital Invested
A72f874,Af0082f,"Qidi Technology Co.,Ltd .(Singularity)",2026-03-31,,"Capital Invested, Deal Status"
A72f874,Af0082f,RoboParty,2026-03-31,Current,Capital Invested
A72f874,Af0082f,SOLV LEGOS LTD.,2026-03-31,Current,Capital Invested
A72f874,Af0082f,Sandai Holdings Limited,2026-03-31,Current,Capital Invested
A72f874,Af0082f,Seed Investments,2026-03-31,Current,Capital Invested
A72f874,Af0082f,Seedleap,2026-03-31,Current,Capital Invested
A72f874,Af0082f,Semi Tech Group Ltd.,2026-03-31,Current,Capital Invested
A72f874,Af0082f,ShenZhen LingDeChuang Technology Limited (LDC),2026-03-31,Current,Capital Invested
A72f874,Af0082f,"Shenzhen Mondo Technology Co., Ltd. (Gamebot)",2026-03-31,Current,Capital Invested
A72f874,Af0082f,"Shenzhen Yunmo Star Artificial Intelligence Co., Ltd.",2026-03-31,Current,Capital Invested
A72f874,Af0082f,Singfilm Solar Pte. Ltd.,2026-03-31,Current,Capital Invested
A72f874,Af0082f,"Suzhou Lapsen Intelligent Technology Co., Ltd",2026-03-31,Current,Capital Invested
A72f874,Af0082f,"Suzhou Lexiang Intelligence Technology Co., Ltd",2026-03-31,Current,Capital Invested
A72f874,Af0082f,Suzhou ReCloud iService Information Technology,2026-03-31,Current,Capital Invested
A72f874,Af0082f,Suzhou SiliconRoad Semiconductor Ltd (SRS),2026-03-31,Current,Capital Invested
A72f874,Af0082f,"Ti5robot Technology Shanghai Co., Ltd.",2026-03-31,Current,Capital Invested
A72f874,Af0082f,TowardPi (Beijing) Medical Technology Ltd.,2026-03-31,Current,Capital Invested
A72f874,Af0082f,WSPN Holding Limited,2026-03-31,Current,Capital Invested
A72f874,Af0082f,Wujiexing,2026-03-31,Current,Capital Invested
A72f874,Af0082f,Xterio Foundation,2026-03-31,Current,Capital Invested
A2234f1,A12c595,"Apollo Graph, Inc.",2026-03-31,Current,Capital Invested
A2234f1,A12c595,"Canva, Inc.",2026-03-31,Current,Capital Invested
A2234f1,A12c595,"CloudBees, Inc.",2026-03-31,Current,Capital Invested
A2234f1,A12c595,"Machinify, Inc.",2026-03-31,Current,Capital Invested
A2234f1,A12c595,"Salsify, Inc.",2026-03-31,Current,Capital Invested
A2234f1,A12c595,"Savage X Holding, LLC",2026-03-31,Current,Capital Invested
A2234f1,A12c595,"Sila Nanotechnologies, Inc.",2026-03-31,Current,Capital Invested
A2234f1,A12c595,"Techstyle, Inc. (Fabletics, Inc.)",2026-03-31,Current,Capital Invested
A2f629e,Acc91f3,Dividends,2026-03-31,Fully Exited,Capital Invested
Aef37a9,A12c595,Xtalic Corporation,2026-03-31,Current,Capital Invested
A77a5f6,A12c595,"15Five, Inc.",2026-03-31,Current,Capital Invested
A77a5f6,A12c595,"1661, Inc. (dba GOAT)",2026-03-31,Current,Capital Invested
A77a5f6,A12c595,"Activehours, Inc. (dba Earnin)",2026-03-31,Current,Capital Invested
A77a5f6,A12c595,"Apartment List, Inc.",2026-03-31,Current,Capital Invested
A77a5f6,A12c595,CloudZero Inc.,2026-03-31,Current,Capital Invested
A77a5f6,A12c595,"Jobvite Topco, LLC (dba Employ)",2026-03-31,Current,Capital Invested
A77a5f6,A12c595,Joya Communications Inc. (dba Marco Polo),2026-03-31,Current,Capital Invested
A77a5f6,A12c595,"Lightmatter, Inc.",2026-03-31,Current,Capital Invested
A77a5f6,A12c595,"LogRocket, Inc.",2026-03-31,Current,Capital Invested
A77a5f6,A12c595,Mashgin Inc.,2026-03-31,Current,Capital Invested
A77a5f6,A12c595,Owl Labs Inc.,2026-03-31,Current,Capital Invested
A77a5f6,A12c595,"Parabola Labs, Inc.",2026-03-31,Current,Capital Invested
A77a5f6,A12c595,Pending Esrow,2026-03-31,Current,Capital Invested
A77a5f6,A12c595,Qrativ Holdings LLC (nference JV),2026-03-31,Current,Capital Invested
A77a5f6,A12c595,Seed Investments,2026-03-31,Current,Capital Invested
A77a5f6,A12c595,"Side, Inc. (Reside Network, Inc. (Wayfinding, Inc.))",2026-03-31,Current,Capital Invested
A23025c,A12c595,"Centaur Diagnostics, Inc.",2026-03-31,Current,Capital Invested
A23025c,A12c595,Concreit Inc.,2026-03-31,Current,Capital Invested
A23025c,A12c595,"Educative, Inc.",2026-03-31,Current,Capital Invested
A23025c,A12c595,Fivetran Inc.,2026-03-31,Current,Capital Invested
A23025c,A12c595,"Flexible Finance, Inc.",2026-03-31,Current,Capital Invested
A23025c,A12c595,Flock Group Inc (dba Flock Safety),2026-03-31,Current,Capital Invested
A23025c,A12c595,"Glean Data, Inc. (dba Hashboard)",2026-03-31,Current,Capital Invested
A23025c,A12c595,Hookdeck Technologies Inc.,2026-03-31,Current,Capital Invested
A23025c,A12c595,Huma Therapeutics Limited,2026-03-31,Current,Capital Invested
A23025c,A12c595,"Infinity Al, Inc.",2026-03-31,Current,Capital Invested
A23025c,A12c595,Keeper Tax Inc.,2026-03-31,Current,Capital Invested
A23025c,A12c595,"LightForce Orthodontics, Inc.",2026-03-31,Current,Capital Invested
A23025c,A12c595,"Luma Al, Inc.",2026-03-31,Current,Capital Invested
A23025c,A12c595,"Mesa Financial, Inc.",2026-03-31,Current,Capital Invested
A23025c,A12c595,Seed Investments,2026-03-31,Current,Capital Invested
A23025c,A12c595,Smartcat Group Inc.,2026-03-31,Current,Capital Invested
A23025c,A12c595,"Steadily, Inc.",2026-03-31,Current,Capital Invested
A23025c,A12c595,Trisk Bio Ltd,2026-03-31,Current,Capital Invested
A23025c,A12c595,"TrueMeeting, Inc. (dba CommonGround)",2026-03-31,Current,Capital Invested
A23025c,A12c595,"trycourier.com, Inc. (dba Courier)",2026-03-31,Current,Capital Invested
A32ca97,Ac1f496,Amsino Medical,2026-03-31,Current,Current Cost
A32ca97,Ac1f496,TDConnex Global,2026-03-31,Current,Current Cost
A8cbf09,A3d16f4,Hunter Communications,2026-03-31,Current,"Sector, Geographic Focus"
A8cbf09,A3d16f4,Lit Communities,2026-03-31,,"Capital Invested, Current Cost, Unrealized Value, Deal Status"
A4923d3,A3d16f4,Hunter Communications,2026-03-31,Current,"Sector, Geographic Focus"
A8b56b9,Af8a639,Nand,2026-03-31,Current,Geographic Focus
A8244d8,Ab02df9,TowerCo,2026-03-31,Partially Exited,Capital Invested
Afb294f,A4a62c2,Holiday Property Partners LLC,2026-03-31,Current,Capital Invested
Afb294f,A4a62c2,IRSA Propiedades Comerciales SA WTS,2026-03-31,Current,Capital Invested
Afb294f,A4a62c2,Oriental Weavers Carpet Company,2026-03-31,Current,Capital Invested
Afb294f,A4a62c2,Tribune Resources,2026-03-31,Current,Capital Invested
Ac01bd2,A4a62c2,Argentina - Energy,2026-03-31,Current,Capital Invested
Ac01bd2,A4a62c2,First American Financial Corporation,2026-03-31,Current,Capital Invested
Ac01bd2,A4a62c2,France - Consumer Staples,2026-03-31,Current,Capital Invested
Ac01bd2,A4a62c2,Other - United States - Financial,2026-03-31,Current,Capital Invested
Ac01bd2,A4a62c2,Other - United States - Real Estate,2026-03-31,Current,Capital Invested
Ac01bd2,A4a62c2,Other - United States - Technology,2026-03-31,Current,Capital Invested
Ac01bd2,A4a62c2,Performance Food Group Company,2026-03-31,Current,Capital Invested
Ac01bd2,A4a62c2,Perren Capital Holdings Ltd,2026-03-31,Current,Capital Invested
Ac01bd2,A4a62c2,SSP Group PLC,2026-03-31,Current,Capital Invested
Ac01bd2,A4a62c2,"TidalX AI, Inc.",2026-03-31,Current,Capital Invested
Ac01bd2,A4a62c2,United States - Consumer Staples,2026-03-31,Current,Capital Invested
Ac01bd2,A4a62c2,United States - Financial,2026-03-31,Current,Capital Invested
Ac01bd2,A4a62c2,United States - Industrial,2026-03-31,Current,Capital Invested
Ac01bd2,A4a62c2,United States - Quantitative,2026-03-31,Current,Capital Invested
Ac01bd2,A4a62c2,Waymo LLC,2026-03-31,Current,Capital Invested
A13f39c,A4a62c2,PERRY CREEK CAPITAL FUND III LP,2026-03-31,Current,Capital Invested
A729d8b,A4a62c2,Perry Creek Capital Partners LP,2026-03-31,Current,Capital Invested
Ac33ef9,A0f94cb,Relyion Energy Inc.,2026-03-31,Written Down,Capital Invested
Ab0a5da,A7dd292,"AlphaSense, LLC (fka Tegus, Inc.)",2026-03-31,Current,Capital Invested
Ab0a5da,A7dd292,"Arcana Analytics, Inc.",2026-03-31,Current,Capital Invested
Ab0a5da,A7dd292,"Blue Wireless, Inc.",2026-03-31,Current,Capital Invested
Ab0a5da,A7dd292,"Cubby NYC, Inc.",2026-03-31,Current,Capital Invested
Ab0a5da,A7dd292,"Etched.ai, Inc.",2026-03-31,Current,Capital Invested
Ab0a5da,A7dd292,Golden X DBA Canopy Capital Group,2026-03-31,Current,Capital Invested
Ab0a5da,A7dd292,"ID.Me, Inc.",2026-03-31,Current,Capital Invested
Ab0a5da,A7dd292,"Invert, Inc.",2026-03-31,Current,Capital Invested
Ab0a5da,A7dd292,Manufactured Networks Inc.,2026-03-31,Current,Capital Invested
Ab0a5da,A7dd292,"Prefect Technologies, Inc.",2026-03-31,Current,Capital Invested
Ab0a5da,A7dd292,"Ridgeline, Inc",2026-03-31,Current,Capital Invested
Ab0a5da,A7dd292,"Rogo Technologies, Inc.",2026-03-31,Current,Capital Invested
Ab0a5da,A7dd292,"SkyRyse, Inc.",2026-03-31,Current,Capital Invested
Ab0a5da,A7dd292,"Storyboard Technology, Inc.",2026-03-31,Current,Capital Invested
A3fdcff,A8bd477,"Inspire Brands, Inc.",2026-03-31,Current,Capital Invested
Aff00c9,A02306d,"ROF V DTSD Properties, LLC",2026-03-31,,"Capital Invested, Deal Status"
A1d6a44,A02306d,"ROF V 816 Congress, LLC",2026-03-31,Current,Capital Invested
Aec91fb,Aeedbe6,Aquarian Holdings,2026-03-31,Partially Exited,Current Cost
Aec91fb,Aeedbe6,EquipmentShare,2026-03-31,Partially Exited,Current Cost
Aec91fb,Aeedbe6,Fenway Sports Group,2026-03-31,Partially Exited,Current Cost
Aec91fb,Aeedbe6,Main Street Advisors,2026-03-31,Partially Exited,Current Cost
Aec91fb,Aeedbe6,OneTeam Partners,2026-03-31,Partially Exited,Current Cost
Aec91fb,Aeedbe6,Paramount Skydance Corporation (FKA Skydance Media),2026-03-31,Partially Exited,Current Cost
Aec91fb,Aeedbe6,Recycled Investment,2026-03-31,Fully Exited,Geographic Focus
Aec91fb,Aeedbe6,RedBird Aviation Platform (Jet Linx),2026-03-31,Partially Exited,Current Cost
Aec91fb,Aeedbe6,RedBird FC,2026-03-31,Partially Exited,Current Cost
Aec91fb,Aeedbe6,YES Network,2026-03-31,Partially Exited,Current Cost
Ae3893b,A02306d,"111 NL Investment, LLC",2026-03-31,Current,Capital Invested
Ae3893b,A02306d,816 Congress,2026-03-31,Current,Capital Invested
Ae3893b,A02306d,816 Investors,2026-03-31,Current,Capital Invested
Ae3893b,A02306d,D'Andrea,2026-03-31,Current,Capital Invested
Ae3893b,A02306d,Downtown San Diego Portfolio (DTSD),2026-03-31,Current,Capital Invested
Ae3893b,A02306d,Linear,2026-03-31,Current,Capital Invested
Ae3893b,A02306d,Maia Avira,2026-03-31,,"Capital Invested, Current Cost, Unrealized Value, Deal Status"
Ae3893b,A02306d,McKinley,2026-03-31,Current,Capital Invested
Ae3893b,A02306d,Roosevelt Row,2026-03-31,,"Capital Invested, Current Cost, Unrealized Value, Deal Status"
Ae3893b,A02306d,"Salt Flats Investments, LLC",2026-03-31,Current,Capital Invested
Ae3893b,A02306d,Trammel Crow Center,2026-03-31,Current,Capital Invested
Ae3893b,A02306d,iLuminate,2026-03-31,Current,Capital Invested
Af6593f,A8bd477,Inspire Brands,2026-03-31,Current,Capital Invested
A99e32e,A8bd477,CKE,2026-03-31,Current,Capital Invested
A99e32e,A8bd477,Driven,2026-03-31,Current,Capital Invested
A99e32e,A8bd477,Massage Envy,2026-03-31,Current,Capital Invested
A99e32e,A8bd477,Miller's Ale House,2026-03-31,Current,Capital Invested
A99e32e,A8bd477,Purpose Brands,2026-03-31,Current,Capital Invested
A996a8a,A8bd477,Culver's,2026-03-31,Current,Capital Invested
A996a8a,A8bd477,Driven,2026-03-31,Current,Capital Invested
A996a8a,A8bd477,"Inspire Brands, Inc.",2026-03-31,Current,Capital Invested
A996a8a,A8bd477,JNN,2026-03-31,Current,Capital Invested
A996a8a,A8bd477,Subway,2026-03-31,Current,Capital Invested
Ace087b,A8bd477,DMG,2026-03-31,Current,Capital Invested
Ace087b,A8bd477,Dave's,2026-03-31,Current,Capital Invested
Ace087b,A8bd477,Fitness Connection,2026-03-31,,"Capital Invested, Deal Status"
Ace087b,A8bd477,Inspire Brands (ARG Investment Corp. (Arby's)),2026-03-31,Current,Capital Invested
Ace087b,A8bd477,NbC,2026-03-31,Current,Capital Invested
Ace087b,A8bd477,SMB,2026-03-31,Current,Capital Invested
Ace087b,A8bd477,Subway,2026-03-31,Current,Capital Invested
Ace087b,A8bd477,YEB,2026-03-31,Current,Capital Invested
Aadd548,A8bd477,Asset Living,2026-03-31,Current,Capital Invested
Aadd548,A8bd477,Dave's,2026-03-31,Current,Capital Invested
Aadd548,A8bd477,GPRS,2026-03-31,Current,Capital Invested
Aadd548,A8bd477,Mathnasium,2026-03-31,Current,Capital Invested
Aadd548,A8bd477,NbC,2026-03-31,Current,Capital Invested
Aadd548,A8bd477,Parts Town,2026-03-31,Current,Capital Invested
Aadd548,A8bd477,Quatrro,2026-03-31,Current,Capital Invested
Aadd548,A8bd477,SIB,2026-03-31,Current,Capital Invested
Aadd548,A8bd477,Subway,2026-03-31,Current,Capital Invested
A073c3d,A8bd477,Inspire Brands,2026-03-31,Current,Capital Invested
A8d4882,A026529,DoorDash,2026-03-31,Current,Capital Invested
A8d4882,A026529,Instacart,2026-03-31,Current,Capital Invested
A8d4882,A026529,OpenAI,2026-03-31,Current,Capital Invested
A8d4882,A026529,"SC Growth Fund XI Management, L.P.",2026-03-31,Current,Capital Invested
A8d4882,A026529,"SC Seed Fund VI Management, L.P.",2026-03-31,Current,Capital Invested
A8d4882,A026529,"SC Venture Fund XIX Management, L.P.",2026-03-31,,"Capital Invested, Deal Status"
A8d4882,A026529,"Sequoia Capital Growth Fund XI, L.P.",2026-03-31,Current,Capital Invested
A8d4882,A026529,"Sequoia Capital Seed Fund VI, L.P.",2026-03-31,Current,Capital Invested
A8d4882,A026529,"Sequoia Capital US/E Crypto Fund I, L.P.",2026-03-31,Current,Capital Invested
A8d4882,A026529,"Sequoia Capital US/E Ecosystem Fund I, L.P.",2026-03-31,Current,Capital Invested
A8d4882,A026529,"Sequoia Capital US/E Growth Fund X, L.P.",2026-03-31,Current,Capital Invested
A8d4882,A026529,"Sequoia Capital US/E Venture Fund XVIII, L.P.",2026-03-31,Current,Capital Invested
A8d4882,A026529,"Sequoia Capital Venture Fund XIX, L.P.",2026-03-31,Current,Capital Invested
A8d4882,A026529,SpaceX,2026-03-31,Current,Capital Invested
A8d4882,A026529,Stripe,2026-03-31,Current,Capital Invested
A8d4882,A026529,Unity Technologies,2026-03-31,Current,Capital Invested
A8d4882,A026529,X.AI Holdings (from X),2026-03-31,Current,Capital Invested
A2989df,A86463a,NPI Royalties Fair Value,2026-03-31,Current,"Capital Invested, Current Cost"
Ac58438,Ad647a1,"01 Advisors 03, L.P.",2026-03-31,Current,Capital Invested
Ac58438,Ad647a1,"Accel Growth Fund III, L.P.",2026-03-31,Current,Capital Invested
Ac58438,Ad647a1,"Accel Growth Fund, L.P.",2026-03-31,Current,Capital Invested
Ac58438,Ad647a1,Accel London III L.P.,2026-03-31,Current,Capital Invested
Ac58438,Ad647a1,"Accel X, L.P.",2026-03-31,Current,Capital Invested
Ac58438,Ad647a1,"Aleph II, L.P.",2026-03-31,Current,Capital Invested
Ac58438,Ad647a1,"Aleph, L.P.",2026-03-31,Current,Capital Invested
Ac58438,Ad647a1,Alloy,2026-03-31,Current,Capital Invested
Ac58438,Ad647a1,"Altimeter Growth Co-Invest II, L.P. (dbt)",2026-03-31,Current,Capital Invested
Ac58438,Ad647a1,Amiti Fund II AIV L.P.,2026-03-31,Current,Capital Invested
Ac58438,Ad647a1,Amiti Fund II L.P.,2026-03-31,Current,Capital Invested
Ac58438,Ad647a1,Amiti IV L.P.,2026-03-31,Current,Capital Invested
Ac58438,Ad647a1,"Anduril Industries, Inc.",2026-03-31,Current,Capital Invested
Ac58438,Ad647a1,Aqua Security Software Ltd.,2026-03-31,Current,Capital Invested
Ac58438,Ad647a1,Axonius,2026-03-31,Current,Capital Invested
Ac58438,Ad647a1,BSV Holdings LP (Last Brand Inc. (d/b/a Quince)),2026-03-31,Current,Capital Invested
Ac58438,Ad647a1,"Backend Capital, LP",2026-03-31,Current,Capital Invested
Ac58438,Ad647a1,"Bedrock Capital II, LP",2026-03-31,Current,Capital Invested
Ac58438,Ad647a1,Bedrock Hoye-Crest LP (Flock Group),2026-03-31,Current,Capital Invested
Ac58438,Ad647a1,Blockdaemon Inc.,2026-03-31,Current,Capital Invested
Ac58438,Ad647a1,Blueground Holdings Limited,2026-03-31,,"Capital Invested, Deal Status"
Ac58438,Ad647a1,"BuildOps, Inc.",2026-03-31,Current,Capital Invested
Ac58438,Ad647a1,"Carabraz Holdings, LLC (Hugging Face)",2026-03-31,Current,Capital Invested
Ac58438,Ad647a1,Cerebras Systems Inc.,2026-03-31,Current,Capital Invested
Ac58438,Ad647a1,"Chime Financial, Inc.",2026-03-31,Current,Capital Invested
Ac58438,Ad647a1,Coatue US 50 LLC,2026-03-31,Current,Capital Invested
Ac58438,Ad647a1,"Columbia Capital Equity Partners V (QP), L.P.",2026-03-31,Current,Capital Invested
Ac58438,Ad647a1,"Columbia SIG CV, L.P.",2026-03-31,Current,Capital Invested
Ac58438,Ad647a1,"Conversion Capital Fund II, L.P.",2026-03-31,Current,Capital Invested
Ac58438,Ad647a1,"Craft Ventures II, L.P.",2026-03-31,Current,Capital Invested
Ac58438,Ad647a1,"Creatio, Inc.",2026-03-31,Current,Capital Invested
Ac58438,Ad647a1,"Cyberstarts Venture Fund I, L.P.",2026-03-31,Current,Capital Invested
Ac58438,Ad647a1,"Cyware Labs, Inc.",2026-03-31,Current,Capital Invested
Ac58438,Ad647a1,"Domestika, Inc.",2026-03-31,Current,Capital Invested
Ac58438,Ad647a1,Dremio Corporation,2026-03-31,Current,Capital Invested
Ac58438,Ad647a1,"Elephant Partners 2023 SPV-A, L.P. (Fleet.io)",2026-03-31,Current,Capital Invested
Ac58438,Ad647a1,"Fika Ventures - A, L.P.",2026-03-31,Current,Capital Invested
Ac58438,Ad647a1,"Fika Ventures, L.P.",2026-03-31,Current,Capital Invested
Ac58438,Ad647a1,"Filevine, Inc.",2026-03-31,Current,Capital Invested
Ac58438,Ad647a1,"Five Elms III Apptegy CV, L.P. (Apptegy Inc)",2026-03-31,Current,Capital Invested
Ac58438,Ad647a1,"GlossGenius, Inc.",2026-03-31,Current,Capital Invested
Ac58438,Ad647a1,"Group 11 Fund VI, L.P.",2026-03-31,Current,Capital Invested
Ac58438,Ad647a1,"Hildred Equity Partners II, LP",2026-03-31,Current,Capital Invested
Ac58438,Ad647a1,"Hildred Perennial Partners I, LP",2026-03-31,Current,Capital Invested
Ac58438,Ad647a1,"Imaginary Venture Capital Partners I, L.P.",2026-03-31,Current,Capital Invested
Ac58438,Ad647a1,"Kueski, Inc.",2026-03-31,Current,Capital Invested
Ac58438,Ad647a1,LGVP Plain LLC (PlainID),2026-03-31,Current,Capital Invested
Ac58438,Ad647a1,"Lightspeed Venture Partners Select II, L.P.",2026-03-31,Current,Capital Invested
Ac58438,Ad647a1,"Lightspeed Venture Partners Select IV, L.P.",2026-03-31,Current,Capital Invested
Ac58438,Ad647a1,"Lightspeed Venture Partners X, L.P.",2026-03-31,Current,Capital Invested
Ac58438,Ad647a1,"Lightspeed Venture Partners XI, L.P.",2026-03-31,Current,Capital Invested
Ac58438,Ad647a1,"Lightspeed Venture Partners XII, L.P.",2026-03-31,Current,Capital Invested
Ac58438,Ad647a1,"Lightspeed Venture Partners XIII, L.P.",2026-03-31,Current,Capital Invested
Ac58438,Ad647a1,"Lowercarbon 411.2, LP",2026-03-31,Current,Capital Invested
Ac58438,Ad647a1,"Lowercarbon 419.1, LP",2026-03-31,Current,Capital Invested
Ac58438,Ad647a1,"Lowercarbon CH4 1893.4 Opportunity, LP",2026-03-31,Current,Capital Invested
Ac58438,Ad647a1,"Lowercarbon N2O 333.9 Opportunity, LP",2026-03-31,Current,Capital Invested
Ac58438,Ad647a1,"Maroon Investors, LP (HealthMap Solutions Inc.)",2026-03-31,Current,Capital Invested
Ac58438,Ad647a1,Monzo Bank Holding Group Limited,2026-03-31,Current,Capital Invested
Ac58438,Ad647a1,Mosyle Corporation,2026-03-31,Current,Capital Invested
Ac58438,Ad647a1,Multiverse Group Limited,2026-03-31,Current,Capital Invested
Ac58438,Ad647a1,"Navan, Inc.",2026-03-31,Current,Capital Invested
Ac58438,Ad647a1,"Out of the Box X, LLC (Tul)",2026-03-31,,"Capital Invested, Deal Status"
Ac58438,Ad647a1,"Pixel Vault, Inc.",2026-03-31,Current,Capital Invested
Ac58438,Ad647a1,"Poplar DC Holdings, LP (PointClickCare Corp.)",2026-03-31,Current,Capital Invested
Ac58438,Ad647a1,"SG VC Fund III, L.P. (Group 11)",2026-03-31,Current,Capital Invested
Ac58438,Ad647a1,"Scale AI, Inc.",2026-03-31,Current,Capital Invested
Ac58438,Ad647a1,"Securonix, Inc.",2026-03-31,Current,Capital Invested
Ac58438,Ad647a1,"Shasta Ventures V, L.P.",2026-03-31,Current,Capital Invested
Ac58438,Ad647a1,"Sierra Ventures X, L.P.",2026-03-31,Current,Capital Invested
Ac58438,Ad647a1,"Sierra Ventures XI, L.P.",2026-03-31,Current,Capital Invested
Ac58438,Ad647a1,"Sierra Ventures XII, L.P.",2026-03-31,Current,Capital Invested
Ac58438,Ad647a1,"Sierra Ventures XIII, L.P.",2026-03-31,Current,Capital Invested
Ac58438,Ad647a1,"Signal Peak Ventures IV, L.P.",2026-03-31,Current,Capital Invested
Ac58438,Ad647a1,"Sinai Ventures II SLP, LLC",2026-03-31,Current,Capital Invested
Ac58438,Ad647a1,"SnapPays Mobile, Inc. (Papaya)",2026-03-31,Current,Capital Invested
Ac58438,Ad647a1,Socure Inc.,2026-03-31,Current,Capital Invested
Ac58438,Ad647a1,Solo.io Inc.,2026-03-31,Current,Capital Invested
Ac58438,Ad647a1,"Solutions By Text, LLC",2026-03-31,Current,Capital Invested
Ac58438,Ad647a1,Sorare SAS,2026-03-31,Current,Capital Invested
Ac58438,Ad647a1,Standard Crypto OS I LP (Open Sea),2026-03-31,Current,Capital Invested
Ac58438,Ad647a1,"StepStone BSV VC 2024 LLC (Basis Set Ventures I, L.P.)",2026-03-31,Current,Capital Invested
Ac58438,Ad647a1,"StepStone VC 2023-PVP, LLC",2026-03-31,Current,Capital Invested
Ac58438,Ad647a1,"StepStone VC March, LLC",2026-03-31,Current,Capital Invested
Ac58438,Ad647a1,StepStone VC Mars LLC (SpaceX),2026-03-31,Current,Capital Invested
Ac58438,Ad647a1,"StepStone VC Nexus, LLC",2026-03-31,Current,Capital Invested
Ac58438,Ad647a1,"StepStone VC PVP FOLLOW-ON, LLC (K Health, Inc.)",2026-03-31,Current,Capital Invested
Ac58438,Ad647a1,"StepStone VC Zepto, LLC (KiranaKart Pte. Ltd.)",2026-03-31,Current,Capital Invested
Ac58438,Ad647a1,Teamshares Inc.,2026-03-31,Current,Capital Invested
Ac58438,Ad647a1,VVF II Continuation Fund LP,2026-03-31,Current,Capital Invested
Ac58438,Ad647a1,Valar Co-Invest 13 LP (Qonto),2026-03-31,Current,Capital Invested
Ac58438,Ad647a1,"Valor Opportunity Fund II, L.P.",2026-03-31,Current,Capital Invested
Ac58438,Ad647a1,"Valor Venture Fund IV, L.P.",2026-03-31,Current,Capital Invested
Ac58438,Ad647a1,Vertex IV CF L.P.,2026-03-31,Current,Capital Invested
Ac58438,Ad647a1,Viva Republica Inc. (Toss),2026-03-31,Current,Capital Invested
Ac58438,Ad647a1,"WestCap NYDIG Co-Invest 2021, LLC",2026-03-31,Current,Capital Invested
Ac58438,Ad647a1,"WestCap Strategic Operator Fund II, L.P.",2026-03-31,Current,Capital Invested
Ac58438,Ad647a1,"WestCap Strategic Operator Offshore Fund, LP (Jetpack)",2026-03-31,Current,Capital Invested
Ac58438,Ad647a1,"WestCap Strategic Operator US Fund, LP (Jetpack)",2026-03-31,Current,Capital Invested
Ac58438,Ad647a1,"WndrCo, LLC",2026-03-31,Current,Capital Invested
Ac58438,Ad647a1,Wool,2026-03-31,Current,Capital Invested
Ac58438,Ad647a1,"Zigg Capital II, L.P.",2026-03-31,Current,Capital Invested
Ac58438,Ad647a1,"Zima International, Inc. (Dandy)",2026-03-31,Current,Capital Invested
Af3dbec,Aa8e77d,GlobalWebIndex Holdings Ltd.,2026-03-31,Partially Exited,Current Cost
Af3dbec,Aa8e77d,"Island Technology, Inc.",2026-03-31,Partially Exited,Current Cost
Af3dbec,Aa8e77d,"Kith Retail, LLC",2026-03-31,Partially Exited,Current Cost
Af3dbec,Aa8e77d,"Kosas Cosmetics, LLC",2026-03-31,Partially Exited,Current Cost
Af3dbec,Aa8e77d,"Levain Bakery, LLC",2026-03-31,Partially Exited,Current Cost
Af3dbec,Aa8e77d,"Maverick Work Wear, Inc. dba Brunt",2026-03-31,Partially Exited,Current Cost
Af3dbec,Aa8e77d,"Nowhere Holdco, LLC dba Erewhon Natural Foods",2026-03-31,Partially Exited,Current Cost
Af3dbec,Aa8e77d,"VerbIt, Inc.",2026-03-31,Partially Exited,Current Cost
Aa0a993,Aa8e77d,"Cards Parent LP (""Collector's Universe"")",2026-03-31,Partially Exited,Current Cost
Aa0a993,Aa8e77d,"Harvest Hosts Parent, LLC (dba HarvestHost)",2026-03-31,Partially Exited,Current Cost
Aa0a993,Aa8e77d,"Maverick Work Wear, Inc (dba Brunt)",2026-03-31,Partially Exited,Current Cost
Aa0a993,Aa8e77d,"Zero Abstraction, Inc. (dba Island)",2026-03-31,Partially Exited,Current Cost
A4fec46,Aa8e77d,"Maverick Work Wear, Inc.",2026-03-31,Partially Exited,Current Cost
A4fec46,Aa8e77d,PopUpBagels Inc.,2026-03-31,Partially Exited,Current Cost
Af4e6f7,A026fe6,"Assembly TS Holdings, LLC",2026-03-31,Current,Capital Invested
Af4e6f7,A026fe6,Champion Elevator Holding Corporation,2026-03-31,Current,Capital Invested
Af4e6f7,A026fe6,"GoHomePort, LLC",2026-03-31,Current,Capital Invested
Af4e6f7,A026fe6,"Interchecks Technologies, Inc",2026-03-31,Current,Capital Invested
Af4e6f7,A026fe6,"Roomors Living, Inc.",2026-03-31,Current,Capital Invested
Af4e6f7,A026fe6,"Service 1st Financial, LLC",2026-03-31,Current,Capital Invested
Af4e6f7,A026fe6,TS-Grove Pt Marinas,2026-03-31,Current,Capital Invested
Af4e6f7,A026fe6,"Truss Peak Holdings, LLC",2026-03-31,Current,Capital Invested
A56bafa,Ab27df1,Barnes Farming Corporation,2026-03-31,Current,Capital Invested
A56bafa,Ab27df1,"Jakov Dulcich and Sons, LLC",2026-03-31,Current,Capital Invested
A56bafa,Ab27df1,Lawrence Enterprises,2026-03-31,Current,Capital Invested
A56bafa,Ab27df1,"Rainier Packing, LLC",2026-03-31,Current,Capital Invested
A56bafa,Ab27df1,Roy Farms,2026-03-31,Current,Capital Invested
A56bafa,Ab27df1,"TA KC Intermediate Holdings, LP",2026-03-31,Current,Capital Invested
A56bafa,Ab27df1,Wil-Roc Farm Partnership,2026-03-31,Current,Capital Invested
A28fbd7,A24f078,Assured Insurance Technologies Inc.,2026-03-31,Current,Capital Invested
A28fbd7,A24f078,Cerebras Systems Inc.,2026-03-31,Current,Capital Invested
A28fbd7,A24f078,Consolidated Placeholder Investments*,2026-03-31,Current,Capital Invested
A28fbd7,A24f078,"Matic Robots, Inc.",2026-03-31,Current,Capital Invested
A28fbd7,A24f078,VAAI Alta Holdings L.P.,2026-03-31,Current,Capital Invested
A28fbd7,A24f078,VAAI Bedrock Robotics Holdings L.P.,2026-03-31,Current,Capital Invested
A28fbd7,A24f078,VAAI CSpeed Holdings L.P.,2026-03-31,Current,Capital Invested
A28fbd7,A24f078,VAAI Celero Holdings L.P.,2026-03-31,Current,Capital Invested
A28fbd7,A24f078,"VAAI Element Labs Holdings, LLC",2026-03-31,Current,Capital Invested
A28fbd7,A24f078,VAAI General Welfare Holdings L.P.,2026-03-31,Current,Capital Invested
A28fbd7,A24f078,VAAI Heron Power Holdings L.P.,2026-03-31,Current,Capital Invested
A28fbd7,A24f078,VAAI Loop Holdings L.P.,2026-03-31,Current,Capital Invested
A28fbd7,A24f078,VAAI Overland Holdings L.P.,2026-03-31,Current,Capital Invested
A28fbd7,A24f078,"VAAI Positron AI Holdings, L.P.",2026-03-31,Current,Capital Invested
A28fbd7,A24f078,VAAI Sentra Holdings L.P.,2026-03-31,Current,Capital Invested
A28fbd7,A24f078,VAAI SiFive Holdings L.P.,2026-03-31,Current,Capital Invested
Aa967c0,Afc0dbf,"8000 Tartak Street Owner LLC (""Embassy Suites"")",2025-12-31,Current,Capital Invested
Ad52755,A664a6a,"Paymerang, LLC",2025-12-31,Fully Exited,Capital Invested
Ab73bb9,A664a6a,"eHealth Global Technologies, Inc",2025-12-31,Current,Capital Invested
Ae4d9bf,Ab26f76,AG CC Funding II,2025-12-31,Partially Exited,Current Cost
Ae4d9bf,Ab26f76,Advanced Medaesthetic Partners,2025-12-31,Partially Exited,Current Cost
Ae4d9bf,Ab26f76,Apex Tool,2025-12-31,Partially Exited,Current Cost
Ae4d9bf,Ab26f76,Argano,2025-12-31,Partially Exited,Current Cost
Ae4d9bf,Ab26f76,Bally's Corporation,2025-12-31,Partially Exited,Current Cost
Ae4d9bf,Ab26f76,Bluestar,2025-12-31,Partially Exited,Current Cost
Ae4d9bf,Ab26f76,Brightspeed,2025-12-31,,Deal Status
Ae4d9bf,Ab26f76,CSC Holdings,2025-12-31,Partially Exited,Current Cost
Ae4d9bf,Ab26f76,Concora Credit Inc.,2025-12-31,Partially Exited,Current Cost
Ae4d9bf,Ab26f76,Covis Pharma,2025-12-31,Partially Exited,Current Cost
Ae4d9bf,Ab26f76,D4C Dental Brands,2025-12-31,Partially Exited,Current Cost
Ae4d9bf,Ab26f76,DFH Gruppe,2025-12-31,Partially Exited,Current Cost
Ae4d9bf,Ab26f76,Dish,2025-12-31,Partially Exited,Current Cost
Ae4d9bf,Ab26f76,Essential Housing II,2025-12-31,Partially Exited,Current Cost
Ae4d9bf,Ab26f76,Essential Housing III,2025-12-31,Partially Exited,Current Cost
Ae4d9bf,Ab26f76,Fellers,2025-12-31,Partially Exited,Current Cost
Ae4d9bf,Ab26f76,Frontline Dental,2025-12-31,Partially Exited,Current Cost
Ae4d9bf,Ab26f76,GTT Communications,2025-12-31,Partially Exited,Current Cost
Ae4d9bf,Ab26f76,Gateway Casinos,2025-12-31,Partially Exited,Current Cost
Ae4d9bf,Ab26f76,Hilco Global,2025-12-31,Partially Exited,Current Cost
Ae4d9bf,Ab26f76,Moda Homes,2025-12-31,Partially Exited,Current Cost
Ae4d9bf,Ab26f76,Mountain House,2025-12-31,Partially Exited,Current Cost
Ae4d9bf,Ab26f76,NGL Energy Partners,2025-12-31,Partially Exited,Current Cost
Ae4d9bf,Ab26f76,Ocelot Bidco,2025-12-31,Partially Exited,Current Cost
Ae4d9bf,Ab26f76,One Lake,2025-12-31,Partially Exited,Current Cost
Ae4d9bf,Ab26f76,Peerage Realty Partners,2025-12-31,Partially Exited,Current Cost
Ae4d9bf,Ab26f76,Polaris Pharmacy Services,2025-12-31,Partially Exited,Current Cost
Ae4d9bf,Ab26f76,Priority Waste,2025-12-31,Partially Exited,Current Cost
Ae4d9bf,Ab26f76,Q Land,2025-12-31,Partially Exited,Current Cost
Ae4d9bf,Ab26f76,Realogy Holdings Corp,2025-12-31,Partially Exited,Current Cost
Ae4d9bf,Ab26f76,Revlon II,2025-12-31,Partially Exited,Current Cost
Ae4d9bf,Ab26f76,Ricochet,2025-12-31,Partially Exited,Current Cost
Ae4d9bf,Ab26f76,SJV Homes,2025-12-31,Partially Exited,Current Cost
Ae4d9bf,Ab26f76,Secure Energy,2025-12-31,Partially Exited,Current Cost
Ae4d9bf,Ab26f76,Syndesis,2025-12-31,Partially Exited,Current Cost
Ae4d9bf,Ab26f76,Technicolor III,2025-12-31,Partially Exited,Current Cost
Ae4d9bf,Ab26f76,Trinseo,2025-12-31,Partially Exited,Current Cost
Ae4d9bf,Ab26f76,VAC,2025-12-31,Partially Exited,Current Cost
Ae4d9bf,Ab26f76,X Corp,2025-12-31,Partially Exited,Current Cost
Ab3ea87,A5d1a01,AGR,2025-12-31,,"Capital Invested, Current Cost, Unrealized Value, Deal Status"
Ab3ea87,A5d1a01,Akers/Ampco- Pittsburgh,2025-12-31,,"Capital Invested, Current Cost, Unrealized Value, Deal Status"
Ab3ea87,A5d1a01,Altor II Holdings Limited,2025-12-31,Current,Capital Invested
Ab3ea87,A5d1a01,Constructor,2025-12-31,,"Capital Invested, Current Cost, Unrealized Value, Deal Status"
Ab3ea87,A5d1a01,Dustin,2025-12-31,,"Capital Invested, Current Cost, Unrealized Value, Deal Status"
Ab3ea87,A5d1a01,EDS (Fund II),2025-12-31,,"Capital Invested, Current Cost, Unrealized Value, Deal Status"
Ab3ea87,A5d1a01,Euro Cater,2025-12-31,,"Capital Invested, Current Cost, Unrealized Value, Deal Status"
Ab3ea87,A5d1a01,Helly Hansen,2025-12-31,,"Capital Invested, Current Cost, Unrealized Value, Deal Status"
Ab3ea87,A5d1a01,Lindorff (Fund II),2025-12-31,,"Capital Invested, Current Cost, Unrealized Value, Deal Status"
Ab3ea87,A5d1a01,NorthStar,2025-12-31,,"Capital Invested, Current Cost, Unrealized Value, Deal Status"
Ab3ea87,A5d1a01,OptiGroup,2025-12-31,Current,Capital Invested
Ab3ea87,A5d1a01,PIAB,2025-12-31,,"Capital Invested, Current Cost, Unrealized Value, Deal Status"
Ab3ea87,A5d1a01,Q-Matic,2025-12-31,,"Capital Invested, Current Cost, Unrealized Value, Deal Status"
Ab3ea87,A5d1a01,Relacom (Fund II),2025-12-31,,"Capital Invested, Current Cost, Unrealized Value, Deal Status"
Ab3ea87,A5d1a01,SPT Group,2025-12-31,,"Capital Invested, Current Cost, Unrealized Value, Deal Status"
Ab3ea87,A5d1a01,Vatus,2025-12-31,,"Capital Invested, Current Cost, Unrealized Value, Deal Status"
Ab3ea87,A5d1a01,WSS,2025-12-31,Current,Capital Invested
Ae7bb35,A5d1a01,Alo,2025-12-31,,"Capital Invested, Current Cost, Unrealized Value, Deal Status"
Ae7bb35,A5d1a01,Apotek Hjrtat,2025-12-31,,"Capital Invested, Current Cost, Unrealized Value, Deal Status"
Ae7bb35,A5d1a01,CARNEO CWW,2025-12-31,Current,Capital Invested
Ae7bb35,A5d1a01,CTEK,2025-12-31,,"Capital Invested, Current Cost, Unrealized Value, Deal Status"
Ae7bb35,A5d1a01,Carnegie,2025-12-31,Current,Capital Invested
Ae7bb35,A5d1a01,Curato,2025-12-31,,"Capital Invested, Current Cost, Unrealized Value, Deal Status"
Ae7bb35,A5d1a01,EWOS,2025-12-31,,"Capital Invested, Current Cost, Unrealized Value, Deal Status"
Ae7bb35,A5d1a01,Eltek,2025-12-31,,"Capital Invested, Current Cost, Unrealized Value, Deal Status"
Ae7bb35,A5d1a01,FMD,2025-12-31,,"Capital Invested, Current Cost, Unrealized Value, Deal Status"
Ae7bb35,A5d1a01,Haarslev,2025-12-31,Current,Capital Invested
Ae7bb35,A5d1a01,Max Matthiessen,2025-12-31,,"Capital Invested, Current Cost, Unrealized Value, Deal Status"
Ae7bb35,A5d1a01,Meltwater,2025-12-31,,"Capital Invested, Current Cost, Unrealized Value, Deal Status"
Ae7bb35,A5d1a01,Norsk Gjenvinning,2025-12-31,,"Capital Invested, Current Cost, Unrealized Value, Deal Status"
Ae7bb35,A5d1a01,Nova Austral,2025-12-31,,"Capital Invested, Current Cost, Unrealized Value, Deal Status"
Ae7bb35,A5d1a01,ONE Nordic,2025-12-31,,"Capital Invested, Current Cost, Unrealized Value, Deal Status"
Ae7bb35,A5d1a01,Orchid,2025-12-31,,"Capital Invested, Deal Status"
Ae7bb35,A5d1a01,Rossignol,2025-12-31,Current,Capital Invested
Ae7bb35,A5d1a01,SATS,2025-12-31,,"Capital Invested, Current Cost, Unrealized Value, Deal Status"
Ae7bb35,A5d1a01,Sonion,2025-12-31,,"Capital Invested, Current Cost, Unrealized Value, Deal Status"
A6fcde0,A6f625f,"AIM Parent Holdings, LLC",2025-12-31,Current,Capital Invested
A6fcde0,A6f625f,"ARF CLC Holdings, LLC",2025-12-31,Current,Capital Invested
A6fcde0,A6f625f,"American Tanker Holding Company, Inc.",2025-12-31,Current,Capital Invested
A6fcde0,A6f625f,"MG Transport Holdings, LLC",2025-12-31,Current,Capital Invested
A6fcde0,A6f625f,Other Investments,2025-12-31,Current,Capital Invested
A6fcde0,A6f625f,U.S. Marine Management LLC,2025-12-31,Current,Capital Invested
A80d33a,Ad15ca3,Armour Group Limited,2025-12-31,Current,Capital Invested
A3cb5c7,A109e0f,"AP Fund Holdings, LP",2025-12-31,Current,Capital Invested
A3cb5c7,A109e0f,"Ara AG Fiber Aggregator, LP",2025-12-31,Current,Capital Invested
A3cb5c7,A109e0f,"Ara Aloxe, Ltd.",2025-12-31,Current,Capital Invested
A3cb5c7,A109e0f,"Ara CM Holdings, LP",2025-12-31,Current,Capital Invested
A3cb5c7,A109e0f,"Ara Divert Holdings, LP",2025-12-31,Current,Capital Invested
A3cb5c7,A109e0f,"Ara Fund II BW Holdings, LP",2025-12-31,Current,Capital Invested
A3cb5c7,A109e0f,"Ara Fund II H2 Holdings, LP",2025-12-31,Current,Capital Invested
A3cb5c7,A109e0f,"Ara Fund II ST Holdings, LP",2025-12-31,Current,Capital Invested
A3cb5c7,A109e0f,"Ara PG Aggregator II, LP",2025-12-31,Current,Capital Invested
A3cb5c7,A109e0f,"Ara PG Aggregator, LP",2025-12-31,Current,Capital Invested
A3cb5c7,A109e0f,"Ara PS Holdings, LP",2025-12-31,Current,Capital Invested
A3cb5c7,A109e0f,"Ara Repeats Holdings, Ltd.",2025-12-31,,"Capital Invested, Deal Status"
A3cb5c7,A109e0f,"Cycle0 Aggregatorco, Ltd.",2025-12-31,Current,Capital Invested
A3cb5c7,A109e0f,PET AGG Limited (UK),2025-12-31,Current,Capital Invested
A930514,A109e0f,Ara Fund I Annex,2025-12-31,,"Capital Invested, Current Cost, Unrealized Value, Deal Status"
A930514,A109e0f,"Ara Fund III Splitter, LP",2025-12-31,Current,Capital Invested
A930514,A109e0f,"Ara Sedron Holdings, LP",2025-12-31,Current,Capital Invested
A930514,A109e0f,BioVeritas,2025-12-31,,"Capital Invested, Current Cost, Unrealized Value, Deal Status"
A930514,A109e0f,CFP Energy,2025-12-31,Current,Capital Invested
A930514,A109e0f,Cycle0,2025-12-31,Current,Capital Invested
A930514,A109e0f,GIDARA Energy,2025-12-31,,"Capital Invested, Current Cost, Unrealized Value, Deal Status"
A930514,A109e0f,Genera,2025-12-31,Current,Capital Invested
A930514,A109e0f,Microtec,2025-12-31,Current,Capital Invested
A930514,A109e0f,Paratus,2025-12-31,Current,Capital Invested
A930514,A109e0f,Utility Global,2025-12-31,,"Capital Invested, Current Cost, Unrealized Value, Deal Status"
A930514,A109e0f,Vacuumschmelze (VAC),2025-12-31,Current,Capital Invested
Afc9d9d,A109e0f,"Ara PG Aggregator, LP",2025-12-31,Current,Capital Invested
A6514b0,A109e0f,"Ara VAC IE Aggregator, LP",2025-12-31,Current,Capital Invested
Acc4ce2,Afc0dbf,"ACF II 4550 LVD Domestic LLC (""Embassy Suites La Jolla"")",2025-12-31,Current,Capital Invested
Acc4ce2,Afc0dbf,"ACF II 4C LLC (""Frisco 1690 Farm to Market LLC"")",2025-12-31,Current,Capital Invested
Acc4ce2,Afc0dbf,"ACF II CS LLC (""Woodlands College Station"")",2025-12-31,Current,Capital Invested
Acc4ce2,Afc0dbf,"ACF II Durrington LLC (""Stone Oak 21915 US Hwy LLC"")",2025-12-31,Current,Capital Invested
Acc4ce2,Afc0dbf,"ACF II LCV LLC (""Dallas 12500 Merit LLC"")",2025-12-31,Current,Capital Invested
Acc4ce2,Afc0dbf,ACF II Mission Gorge Intermediate LLC,2025-12-31,Current,Capital Invested
Acc4ce2,Afc0dbf,"ACF II NPL LLC (""NPL Loan Portfolio"")",2025-12-31,Current,Capital Invested
Acc4ce2,Afc0dbf,"ACF II Nova LLC (""San Antonio 14200 Vance Jackson LLC"")",2025-12-31,Current,Capital Invested
Acc4ce2,Afc0dbf,"ACF II SJ 8000 Intermediate LLC (""8000 Tartak Street Owners LLC"")",2025-12-31,Current,Capital Invested
Acc4ce2,Afc0dbf,ACF II West Champions LLC,2025-12-31,Current,Capital Invested
Acc4ce2,Afc0dbf,"ACF II Woodlands Domestic LLC (""Woodlands Hospitality"")",2025-12-31,Current,Capital Invested
Acc4ce2,Afc0dbf,ACF II Woodlands LLC,2025-12-31,Current,Capital Invested
A466539,Afc0dbf,ACP BHI Direct Investment LLC,2025-12-31,Current,Capital Invested
A466539,Afc0dbf,ACP Beechwood Holdco LLC,2025-12-31,Current,Capital Invested
A466539,Afc0dbf,ACP CR Intermediate LLC,2025-12-31,Current,Capital Invested
A466539,Afc0dbf,ACP Corepoint JV LLC,2025-12-31,Current,Capital Invested
A466539,Afc0dbf,ACP Decatur LLC,2025-12-31,Current,Capital Invested
A466539,Afc0dbf,ACP El Segundo Mezz LLC,2025-12-31,Current,Capital Invested
A466539,Afc0dbf,ACP Mesquite Investor LLC,2025-12-31,Current,Capital Invested
A466539,Afc0dbf,ACP Monterey Hotel LLC,2025-12-31,Current,Capital Invested
A466539,Afc0dbf,ACP Newbury 2 Investor Intermediate LLC,2025-12-31,Current,Capital Invested
A466539,Afc0dbf,ACP Perry Intermediate LLC,2025-12-31,Current,Capital Invested
A466539,Afc0dbf,ACP Royal Lahaina LLC,2025-12-31,Current,Capital Invested
A466539,Afc0dbf,ACP SFR Pref LLC,2025-12-31,Current,Capital Invested
A466539,Afc0dbf,ACPC Elle Collections LLC,2025-12-31,Current,Capital Invested
A466539,Afc0dbf,Abacus Alamo Ranch Tenant LP,2025-12-31,Current,Capital Invested
A466539,Afc0dbf,Airport Hotels JV Manager LLC,2025-12-31,Current,Capital Invested
A466539,Afc0dbf,Ascendant Capital Fiber Holdings LLC,2025-12-31,Current,Capital Invested
A466539,Afc0dbf,B/A MF Investments LLC,2025-12-31,Current,Capital Invested
Ab0ee02,A670146,Space Exploration Technologies Corp.,2025-12-31,Current,Capital Invested
A4350ff,A99a662,Addison FundingCo LLC,2025-12-31,,"Capital Invested, Current Cost, Deal Status"
A4350ff,A99a662,North America - Legal services mixed company C,2025-12-31,Current,"Capital Invested, Current Cost"
A4350ff,A99a662,North America - Other consumer durables and apparel,2025-12-31,Current,"Capital Invested, Current Cost"
A4350ff,A99a662,"North America - Pharmaceuticals, biotechnology and life sciences company B",2025-12-31,Current,"Capital Invested, Current Cost"
A4f6e3c,A99a662,Europe - Materials company A,2025-12-31,Current,"Capital Invested, Current Cost"
A4f6e3c,A99a662,Europe - Other capital goods,2025-12-31,Current,"Capital Invested, Current Cost"
A4f6e3c,A99a662,Europe - Other materials,2025-12-31,Current,"Capital Invested, Current Cost"
A4f6e3c,A99a662,Europe - Other software and services,2025-12-31,Current,"Capital Invested, Current Cost"
A4f6e3c,A99a662,Europe - Utilities company B,2025-12-31,Current,"Capital Invested, Current Cost"
A4f6e3c,A99a662,Global - Legal services mixed company B,2025-12-31,Current,"Capital Invested, Current Cost"
A4f6e3c,A99a662,North America - Energy company A,2025-12-31,Current,"Capital Invested, Current Cost"
A4f6e3c,A99a662,North America - Information technology company A,2025-12-31,Current,"Capital Invested, Current Cost"
A4f6e3c,A99a662,North America - Information technology company B,2025-12-31,Current,"Capital Invested, Current Cost"
A4f6e3c,A99a662,North America - Other information technology,2025-12-31,Current,"Capital Invested, Current Cost"
A4f6e3c,A99a662,North America - Other insurance companies,2025-12-31,Current,"Capital Invested, Current Cost"
A4f6e3c,A99a662,North America - Other legal services mixed,2025-12-31,Current,"Capital Invested, Current Cost"
A4f6e3c,A99a662,"North America - Other pharmaceuticals, biotechnology and life sciences",2025-12-31,Current,"Capital Invested, Current Cost"
A4f6e3c,A99a662,North America - Other software & services,2025-12-31,Current,"Capital Invested, Current Cost"
A4f6e3c,A99a662,North America - Other technology hardware and equipment,2025-12-31,Current,"Capital Invested, Current Cost"
A4f6e3c,A99a662,South America - Other legal services mixed,2025-12-31,Current,"Capital Invested, Current Cost"
A74c64f,A8be668,ATOM,2025-12-31,Partially Exited,Capital Invested
A74c64f,A8be668,Celestia,2025-12-31,Partially Exited,Capital Invested
A74c64f,A8be668,Chronos Labs Limited,2025-12-31,Written Down,Capital Invested
A74c64f,A8be668,Ethereum,2025-12-31,Partially Exited,Capital Invested
A74c64f,A8be668,Maker,2025-12-31,Fully Exited,Capital Invested
A74c64f,A8be668,Medici Collective Co.,2025-12-31,Written Down,Capital Invested
A74c64f,A8be668,Offscreen Inc.,2025-12-31,Written Down,Capital Invested
A74c64f,A8be668,"Orb Labs, Inc.",2025-12-31,Written Down,Capital Invested
A74c64f,A8be668,"Primitive Bits, Inc.",2025-12-31,Fully Exited,Capital Invested
A74c64f,A8be668,Seed Investments,2025-12-31,Fully Exited,Capital Invested
A74c64f,A8be668,Skip Protocol Inc.,2025-12-31,Fully Exited,Capital Invested
A74c64f,A8be668,Solana,2025-12-31,Partially Exited,Capital Invested
A74c64f,A8be668,Syncracy Fund Management LLC,2025-12-31,Written Off,Capital Invested
A74c64f,A8be668,Tools For Humanity Corporation,2025-12-31,Partially Exited,Capital Invested
A74c64f,A8be668,Uniswap,2025-12-31,Partially Exited,Capital Invested
A723435,A8be668,ATOM,2025-12-31,Partially Exited,Capital Invested
A723435,A8be668,Seed Investments,2025-12-31,Written Off,Capital Invested
A6709ea,A586fd2,Air Methods Corp,2025-12-31,Partially Exited,Current Cost
A6709ea,A586fd2,Altice France SA,2025-12-31,Partially Exited,Current Cost
A6709ea,A586fd2,Alvaria Inc,2025-12-31,Partially Exited,Current Cost
A6709ea,A586fd2,Apex Tool Group LLC,2025-12-31,Partially Exited,Current Cost
A6709ea,A586fd2,Arc Gaming & Technologies,2025-12-31,Partially Exited,Current Cost
A6709ea,A586fd2,CashRepublic Holdings Inc,2025-12-31,Partially Exited,Current Cost
A6709ea,A586fd2,Chief Power Finance,2025-12-31,Partially Exited,Current Cost
A6709ea,A586fd2,DAZN Limited,2025-12-31,Partially Exited,Current Cost
A6709ea,A586fd2,Doncasters Group,2025-12-31,Partially Exited,Current Cost
A6709ea,A586fd2,Fortrex Inc,2025-12-31,Partially Exited,Current Cost
A6709ea,A586fd2,ICP Group,2025-12-31,Partially Exited,Current Cost
A6709ea,A586fd2,J Palmer Collective LLC,2025-12-31,Partially Exited,Current Cost
A6709ea,A586fd2,Jonas Group Entertainment,2025-12-31,Partially Exited,Current Cost
A6709ea,A586fd2,Multimedia Music LP,2025-12-31,Partially Exited,Current Cost
A6709ea,A586fd2,New Enterprise Stone & Lime,2025-12-31,Partially Exited,Current Cost
A6709ea,A586fd2,NextDecade Corp,2025-12-31,Partially Exited,Current Cost
A6709ea,A586fd2,Pabst Blue Ribbon LLC,2025-12-31,Partially Exited,Current Cost
A6709ea,A586fd2,Project Banda (2025),2025-12-31,Partially Exited,Current Cost
A6709ea,A586fd2,Project Burgundy,2025-12-31,Partially Exited,Current Cost
A6709ea,A586fd2,Project Ignite,2025-12-31,Partially Exited,Current Cost
A6709ea,A586fd2,Project Sarria,2025-12-31,Partially Exited,Current Cost
A6709ea,A586fd2,Project Talisman,2025-12-31,Partially Exited,Current Cost
A6709ea,A586fd2,Project Trident (2025),2025-12-31,Partially Exited,Current Cost
A6709ea,A586fd2,Resolute Investment Managers,2025-12-31,Partially Exited,Current Cost
A6709ea,A586fd2,Spanish Broadcasting Inc (Debt),2025-12-31,Partially Exited,Current Cost
A6709ea,A586fd2,VATit Group Limited (2023 Facility),2025-12-31,Partially Exited,Current Cost
A279d4f,A586fd2,AllGear Digital LLC (fka Lola Digital Media),2025-12-31,Partially Exited,Current Cost
A279d4f,A586fd2,Alvaria Inc,2025-12-31,Partially Exited,Current Cost
A279d4f,A586fd2,Apex Tool Group LLC,2025-12-31,Partially Exited,Current Cost
A279d4f,A586fd2,Arc Gaming & Technologies,2025-12-31,Partially Exited,Current Cost
A279d4f,A586fd2,Array Canada Inc,2025-12-31,Partially Exited,Current Cost
A279d4f,A586fd2,Cicala Law Firm PLLC,2025-12-31,Partially Exited,Current Cost
A279d4f,A586fd2,Crown Finance US Inc,2025-12-31,Partially Exited,Current Cost
A279d4f,A586fd2,Culain Capital Management LLC,2025-12-31,Partially Exited,Current Cost
A279d4f,A586fd2,DAZN Limited,2025-12-31,Partially Exited,Current Cost
A279d4f,A586fd2,Doncasters Group,2025-12-31,Partially Exited,Current Cost
A279d4f,A586fd2,F45 Training Holdings Inc,2025-12-31,Partially Exited,Current Cost
A279d4f,A586fd2,Ferroglobe PLC,2025-12-31,Partially Exited,Current Cost
A279d4f,A586fd2,Health First Commercial Plans Inc,2025-12-31,Partially Exited,Current Cost
A279d4f,A586fd2,ICP Group,2025-12-31,Partially Exited,Current Cost
A279d4f,A586fd2,Ligado Networks LLC,2025-12-31,Partially Exited,Current Cost
A279d4f,A586fd2,MD Helicopters Inc,2025-12-31,Partially Exited,Current Cost
A279d4f,A586fd2,Phoenix III Recovery LLC,2025-12-31,Partially Exited,Current Cost
A279d4f,A586fd2,Resolute Investment Managers,2025-12-31,Partially Exited,Current Cost
A279d4f,A586fd2,Saatva,2025-12-31,Partially Exited,Current Cost
A279d4f,A586fd2,Signal Energy Constructors LLC,2025-12-31,Partially Exited,Current Cost
A279d4f,A586fd2,Spanish Broadcasting Inc (Debt),2025-12-31,Partially Exited,Current Cost
A279d4f,A586fd2,Steinhoff International,2025-12-31,Partially Exited,Current Cost
A67c3e6,A02cb18,EMC,2025-12-31,Fully Exited,Capital Invested
A67c3e6,A02cb18,ER-Telecom,2025-12-31,Fully Exited,Capital Invested
A67c3e6,A02cb18,Eco-Dolie,2025-12-31,Fully Exited,Capital Invested
A67c3e6,A02cb18,Etalon,2025-12-31,Fully Exited,Capital Invested
A67c3e6,A02cb18,FCB Group,2025-12-31,Fully Exited,Capital Invested
A67c3e6,A02cb18,Nostrum Oil&Gas,2025-12-31,Fully Exited,Capital Invested
A67c3e6,A02cb18,Novomet,2025-12-31,Fully Exited,Capital Invested
A67c3e6,A02cb18,Orient Express Bank,2025-12-31,Fully Exited,Capital Invested
A67c3e6,A02cb18,SK Rezerve,2025-12-31,Fully Exited,Capital Invested
A67c3e6,A02cb18,Teplant,2025-12-31,Written Off,Capital Invested
A31289e,Acbde3b,Goldman Sachs Financial Square Government Fund,2025-12-31,Current,Capital Invested
A31289e,Acbde3b,X.AI Holdings Corp,2025-12-31,Current,Capital Invested
Ace7356,Acbde3b,Goldman Sachs Financial Square Government Fund,2025-12-31,Current,"Capital Invested, Current Cost"
Ace7356,Acbde3b,Space Exploration Technologies Corp,2025-12-31,Current,"Capital Invested, Current Cost"
Aa56f0f,A99a662,Cayman Islands - Energy,2025-12-31,Current,"Capital Invested, Current Cost"
Aa56f0f,A99a662,"Cayman Islands - Food, Beverage & Tobacco",2025-12-31,Current,"Capital Invested, Current Cost, Sector"
Aa56f0f,A99a662,Cayman Islands - Health Care Equipment & Services,2025-12-31,Current,"Capital Invested, Current Cost"
Aa56f0f,A99a662,Cayman Islands - Other financial services,2025-12-31,Current,"Capital Invested, Current Cost"
Aa56f0f,A99a662,Europe - Media & Entertainment,2025-12-31,Current,"Capital Invested, Current Cost"
Aa56f0f,A99a662,Europe - Other financial services,2025-12-31,Current,"Capital Invested, Current Cost"
Aa56f0f,A99a662,Europe - Other,2025-12-31,Current,"Capital Invested, Current Cost"
A44702b,Af8f7a9,"7AI, Inc.(fka OkamiAI, Inc.)",2025-12-31,Current,Capital Invested
A44702b,Af8f7a9,AI Growth Labs Inc.,2025-12-31,Current,Capital Invested
A44702b,Af8f7a9,Aida Technology Corp.,2025-12-31,Current,Capital Invested
A44702b,Af8f7a9,"Apex Technology, Inc.",2025-12-31,Current,Capital Invested
A44702b,Af8f7a9,Astrix Security Ltd.,2025-12-31,Current,Capital Invested
A44702b,Af8f7a9,"AxiomBio, Inc.",2025-12-31,Current,Capital Invested
A44702b,Af8f7a9,"Browserbase, Inc",2025-12-31,Current,Capital Invested
A44702b,Af8f7a9,Clerk Inc.,2025-12-31,Current,Capital Invested
A44702b,Af8f7a9,CodeRabbit Inc.,2025-12-31,Current,Capital Invested
A44702b,Af8f7a9,Cyera Ltd. (acq. Trail Security Inc.),2025-12-31,Current,Capital Invested
A44702b,Af8f7a9,"Datum Technology, Inc.",2025-12-31,Current,Capital Invested
A44702b,Af8f7a9,Deductive AI,2025-12-31,,"Capital Invested, Current Cost, Unrealized Value, Deal Status"
A44702b,Af8f7a9,Dyna Robotics Inc.,2025-12-31,Current,Capital Invested
A44702b,Af8f7a9,"ETO Labs, Inc. (dba LanceDB)",2025-12-31,Current,Capital Invested
A44702b,Af8f7a9,Eventual Inc.,2025-12-31,Current,Capital Invested
A44702b,Af8f7a9,"Finley Technologies, Inc.",2025-12-31,Current,Capital Invested
A44702b,Af8f7a9,"Flipturn, Inc.",2025-12-31,Current,Capital Invested
A44702b,Af8f7a9,"Flock Group Inc. (acq. Aerodome, Inc.)",2025-12-31,Current,Capital Invested
A44702b,Af8f7a9,Impart Security Inc.,2025-12-31,Current,Capital Invested
A44702b,Af8f7a9,Konfetti Inc. (dba Koala),2025-12-31,Current,Capital Invested
A44702b,Af8f7a9,Legit Security Ltd.,2025-12-31,Current,Capital Invested
A44702b,Af8f7a9,Lepton AI Inc.,2025-12-31,Current,Capital Invested
A44702b,Af8f7a9,"Lotus Health Ai, Inc",2025-12-31,Current,Capital Invested
A44702b,Af8f7a9,Mango Capital 2022 LP,2025-12-31,Current,Capital Invested
A44702b,Af8f7a9,"Mercury Technologies, Inc.",2025-12-31,Current,Capital Invested
A44702b,Af8f7a9,Mistro Inc. (dba Stable),2025-12-31,Current,Capital Invested
A44702b,Af8f7a9,"MongoDB, Inc.( acq. Voyage AI Innovations, Inc.)",2025-12-31,Current,Capital Invested
A44702b,Af8f7a9,"Ocean Propeller Fund I, L.P",2025-12-31,Current,Capital Invested
A44702b,Af8f7a9,Outtake Inc.,2025-12-31,Current,Capital Invested
A44702b,Af8f7a9,"Parkade, Inc. (fka Shoup, Inc.)",2025-12-31,Current,Capital Invested
A44702b,Af8f7a9,Passive Investments,2025-12-31,Current,"Capital Invested, Sector, Geographic Focus"
A44702b,Af8f7a9,Pierre.co (aka Rainy Day Group),2025-12-31,Current,Capital Invested
A44702b,Af8f7a9,ProjectDiscovery Inc.,2025-12-31,Current,Capital Invested
A44702b,Af8f7a9,Protege Health Inc.,2025-12-31,Current,Capital Invested
A44702b,Af8f7a9,"Pulley Studios, Inc.",2025-12-31,Current,Capital Invested
A44702b,Af8f7a9,Quantbase Investments Inc. (dba Hadrius),2025-12-31,Current,Capital Invested
A44702b,Af8f7a9,"Reflection AI, Inc.",2025-12-31,Current,Capital Invested
A44702b,Af8f7a9,"Runner Tech (dba Rundoo, Inc.)",2025-12-31,Current,Capital Invested
A44702b,Af8f7a9,Siro Technologies Inc.,2025-12-31,Current,Capital Invested
A44702b,Af8f7a9,"Standard Template Labs, Inc.",2025-12-31,Current,Capital Invested
A44702b,Af8f7a9,"Strapi, Inc.",2025-12-31,Current,Capital Invested
A44702b,Af8f7a9,Tavus Inc.,2025-12-31,Current,Capital Invested
A44702b,Af8f7a9,"Troubleshooter AI, Inc.",2025-12-31,Current,Capital Invested
A44702b,Af8f7a9,"Vega Security, Inc.",2025-12-31,Current,Capital Invested
Aba6caa,Af8f7a9,"317 Labs, Inc. (dba Emotive)",2025-12-31,Current,Capital Invested
Aba6caa,Af8f7a9,"Abacus Insights, Inc.",2025-12-31,Current,Capital Invested
Aba6caa,Af8f7a9,Automox Inc.,2025-12-31,Current,Capital Invested
Aba6caa,Af8f7a9,"Aviatrix Systems, Inc.",2025-12-31,Current,Capital Invested
Aba6caa,Af8f7a9,"Carrot Fertility, Inc.",2025-12-31,Current,Capital Invested
Aba6caa,Af8f7a9,"Chroma Software, Inc.",2025-12-31,Current,Capital Invested
Aba6caa,Af8f7a9,CortexData Inc. (dba StarTree),2025-12-31,Current,Capital Invested
Aba6caa,Af8f7a9,"Cribl, Inc.",2025-12-31,Current,Capital Invested
Aba6caa,Af8f7a9,"Deciduous Therapeutics, Inc.",2025-12-31,Current,Capital Invested
Aba6caa,Af8f7a9,"Dyno Therapeutics, Inc.",2025-12-31,Current,Capital Invested
Aba6caa,Af8f7a9,"Everyday Software, S.L (dba Factorial HR)",2025-12-31,Current,Capital Invested
Aba6caa,Af8f7a9,"Exo Theraeputics, Inc.",2025-12-31,Current,Capital Invested
Aba6caa,Af8f7a9,Formagrid Inc (dba Airtable),2025-12-31,Current,Capital Invested
Aba6caa,Af8f7a9,Gatsby Inc.,2025-12-31,Current,Capital Invested
Aba6caa,Af8f7a9,Great Expectations,2025-12-31,,"Capital Invested, Deal Status"
Aba6caa,Af8f7a9,"GreyNoise Intelligence, Inc.",2025-12-31,Current,Capital Invested
Aba6caa,Af8f7a9,"Kapwing, Inc.",2025-12-31,Current,Capital Invested
Aba6caa,Af8f7a9,"Karat Financial Technologies, Inc",2025-12-31,Current,Capital Invested
Aba6caa,Af8f7a9,"Ketch Kloud, Inc. (fka Switchbit)",2025-12-31,Current,Capital Invested
Aba6caa,Af8f7a9,"Kodiak Robotics, Inc.",2025-12-31,Current,Capital Invested
Aba6caa,Af8f7a9,Mango Capital 2018 LP,2025-12-31,Current,Capital Invested
Aba6caa,Af8f7a9,"Mercury Technologies, Inc.",2025-12-31,Current,Capital Invested
Aba6caa,Af8f7a9,"Nobl9, Inc. (fka Meshmark)",2025-12-31,Current,Capital Invested
Aba6caa,Af8f7a9,OfficeHours Technologies Co.,2025-12-31,Current,Capital Invested
Aba6caa,Af8f7a9,Osmos,2025-12-31,Current,Capital Invested
Aba6caa,Af8f7a9,Passive/QuickStart and Seed Investments,2025-12-31,Current,Capital Invested
Aba6caa,Af8f7a9,"Plexium, Inc.",2025-12-31,Current,Capital Invested
Aba6caa,Af8f7a9,"Postman, Inc.",2025-12-31,Current,Capital Invested
Aba6caa,Af8f7a9,"Quantive, Inc. (fka Gtmhub)",2025-12-31,Current,Capital Invested
Aba6caa,Af8f7a9,"ResortPass, Inc.",2025-12-31,Current,Capital Invested
Aba6caa,Af8f7a9,"Sand Dollar Newco, Inc. (acq. Drift.com, Inc.)",2025-12-31,,"Capital Invested, Deal Status"
Aba6caa,Af8f7a9,"Sleuth Enterprises, Inc.",2025-12-31,Current,Capital Invested
Aba6caa,Af8f7a9,"Sonic Topco, L.P (acq. Figure Solutions)",2025-12-31,Current,Capital Invested
Aba6caa,Af8f7a9,Squire Technologies,2025-12-31,Current,Capital Invested
Aba6caa,Af8f7a9,"Storyboard Technology, Inc.",2025-12-31,,"Capital Invested, Deal Status"
Aba6caa,Af8f7a9,"SunBird Bio, Inc. (acq. Glympse Bio)",2025-12-31,Current,Capital Invested
Aba6caa,Af8f7a9,"Switch Therapeutics, Inc.",2025-12-31,,"Capital Invested, Deal Status"
Aba6caa,Af8f7a9,Talon.One,2025-12-31,Current,Capital Invested
Aba6caa,Af8f7a9,"Tribe Technologies, Inc.",2025-12-31,Current,Capital Invested
Aba6caa,Af8f7a9,"Viz.ai, Inc.",2025-12-31,Current,Capital Invested
Aba6caa,Af8f7a9,"Waitwhile, Inc.",2025-12-31,Current,Capital Invested
Aba6caa,Af8f7a9,"Wheel Health, Inc. (fka Enzyme Health)",2025-12-31,Current,Capital Invested
Aba6caa,Af8f7a9,"Wild Type, Inc.",2025-12-31,Current,Capital Invested
Aba6caa,Af8f7a9,"Workstream Technologies, Inc.",2025-12-31,Current,Capital Invested
Af390f9,Af8f7a9,"Little Otter, Inc.",2025-12-31,Written Down,Capital Invested
Af390f9,Af8f7a9,"Release Technologies, Inc.",2025-12-31,Written Down,Capital Invested
Af390f9,Af8f7a9,"Shef, Inc.",2025-12-31,Written Down,Capital Invested
Af390f9,Af8f7a9,"Storyboard Technology, Inc.",2025-12-31,Written Down,Capital Invested
Af390f9,Af8f7a9,"Superconductive Health, Inc. (dba Great Expectations)",2025-12-31,Written Down,Capital Invested
Af390f9,Af8f7a9,"Zoba, Inc.",2025-12-31,Fully Exited,Capital Invested
A5494b2,18be12,199 Chrystie Street,2025-12-31,Fully Exited,Sector
A5494b2,18be12,2028 NE Multnomah Street,2025-12-31,Fully Exited,Sector
A5494b2,18be12,21-30 44th Drive,2025-12-31,Fully Exited,Sector
A5494b2,18be12,3400 Sunset,2025-12-31,Fully Exited,Sector
A5494b2,18be12,Allure,2025-12-31,Fully Exited,Sector
A5494b2,18be12,Bailly Ridge,2025-12-31,Fully Exited,Sector
A5494b2,18be12,Carte Hotel,2025-12-31,Fully Exited,Sector
A5494b2,18be12,Griffin Plaza,2025-12-31,Fully Exited,Sector
A5494b2,18be12,Hyatt House at USC HSC,2025-12-31,Fully Exited,Sector
A5494b2,18be12,Montabella Pointe II,2025-12-31,Fully Exited,Sector
A5494b2,18be12,Moxy South Beach,2025-12-31,Fully Exited,Sector
A5494b2,18be12,NoHo Millennium II,2025-12-31,Fully Exited,Sector
A5494b2,18be12,North San Jose Hotel,2025-12-31,Fully Exited,Sector
A5494b2,18be12,"Parkside at City Center - Aurora, CO",2025-12-31,Fully Exited,Sector
A5494b2,18be12,Parkstone at Knightdale,2025-12-31,Fully Exited,Sector
A5494b2,18be12,Parkwood Station,2025-12-31,Fully Exited,Sector
A5494b2,18be12,Refugio Townhomes,2025-12-31,Fully Exited,Sector
A5494b2,18be12,Shorecrest Club,2025-12-31,Fully Exited,Sector
A5494b2,18be12,The Realm at Castle Hills 1A,2025-12-31,Fully Exited,Sector
A5494b2,18be12,The Realm at Castle Hills 1B,2025-12-31,Fully Exited,Sector
A5494b2,18be12,Verse at The Boro,2025-12-31,Fully Exited,Sector
A5494b2,18be12,Vine North Hills,2025-12-31,Fully Exited,Sector
Aa71003,18be12,365 Bond Mezz B,2025-12-31,Fully Exited,Capital Invested
Aa71003,18be12,American House Oak Park,2025-12-31,,"Capital Invested, Current Cost, Unrealized Value, Deal Status"
Aa71003,18be12,Artisan Oaks,2025-12-31,,"Capital Invested, Current Cost, Unrealized Value, Deal Status"
Aa71003,18be12,"Arya - Los Angeles, California",2025-12-31,,"Capital Invested, Current Cost, Unrealized Value, Deal Status"
Aa71003,18be12,Freddie Mac 2023 - KF151 B Piece,2025-12-31,,"Capital Invested, Current Cost, Unrealized Value, Deal Status"
Aa71003,18be12,JP Morgan Facility Portfolio,2025-12-31,Partially Exited,Capital Invested
Aa71003,18be12,Nova Tallahassee,2025-12-31,,"Capital Invested, Current Cost, Unrealized Value, Deal Status"
Aa71003,18be12,Parkstone at Indian Land,2025-12-31,Fully Exited,Capital Invested
Aa71003,18be12,SaltAire - Torrance,2025-12-31,,"Capital Invested, Current Cost, Unrealized Value, Deal Status"
Aa71003,18be12,The Bouldin & 1301 S Lamar,2025-12-31,,"Capital Invested, Current Cost, Unrealized Value, Deal Status"
Aa71003,18be12,"The Saint Grand - Chicago, Illinois",2025-12-31,,"Capital Invested, Current Cost, Unrealized Value, Deal Status"
A153d68,A08aac2,The Towers at Rincon,2025-12-31,Partially Exited,Current Cost
A73775f,Af8f7a9,"3T Biosciences, Inc.",2025-12-31,Written Down,Capital Invested
A73775f,Af8f7a9,"Amino, Inc.",2025-12-31,Written Off,Capital Invested
A73775f,Af8f7a9,"Blockchain Luxembourg S.A. (acq. Tsukemen, Inc.)",2025-12-31,Written Down,Capital Invested
A73775f,Af8f7a9,Eager Platform Co.,2025-12-31,Written Off,Capital Invested
A73775f,Af8f7a9,"Fallacy Labs, Inc. (dba Slab)",2025-12-31,Written Down,Capital Invested
A73775f,Af8f7a9,"Ninoh, Inc. (dba Agolo)",2025-12-31,Written Down,Capital Invested
A73775f,Af8f7a9,"Recursion Pharmaceuticals, Inc.",2025-12-31,Fully Exited,Capital Invested
A73775f,Af8f7a9,"Saurus, Inc. (dba imzy)",2025-12-31,Written Off,Capital Invested
A73775f,Af8f7a9,"Standard Cognition, Corp.",2025-12-31,Written Down,Capital Invested
A73775f,Af8f7a9,"Stella.ai, Inc.",2025-12-31,Written Down,Capital Invested
A73775f,Af8f7a9,Uppercase (fka thisopenspace inc.),2025-12-31,Written Down,Capital Invested
A40cc93,A49a079,"Altamira Parent Holdings, LLC",2025-12-31,Current,Capital Invested
A40cc93,A49a079,"AppOmni, Inc.",2025-12-31,Current,Capital Invested
A40cc93,A49a079,"Arctic Wolf Networks, Inc. (f/k/a Revelstoke)",2025-12-31,Current,Capital Invested
A40cc93,A49a079,"Authentic8, Inc.",2025-12-31,Current,Capital Invested
A40cc93,A49a079,BigID Inc.,2025-12-31,Current,Capital Invested
A40cc93,A49a079,"Databricks, Inc. (f/k/a Okera)",2025-12-31,Current,Capital Invested
A40cc93,A49a079,"Diamanti, Inc.",2025-12-31,Current,Capital Invested
A40cc93,A49a079,"Frontier Aggregator, LLC (f/k/a Fortress Security)",2025-12-31,Current,Capital Invested
A40cc93,A49a079,Harness Inc. (f/k/a ZeroNorth),2025-12-31,Current,Capital Invested
A40cc93,A49a079,Inky Technology Corporation,2025-12-31,,"Capital Invested, Current Cost, Unrealized Value, Deal Status"
A40cc93,A49a079,KKR Olive Co-Invest L.P. (a/k/a Optiv),2025-12-31,Current,Capital Invested
A40cc93,A49a079,Mitiga Security Inc.,2025-12-31,Current,Capital Invested
A40cc93,A49a079,"Phylum, Inc.",2025-12-31,,"Capital Invested, Current Cost, Unrealized Value, Deal Status"
A40cc93,A49a079,"ProcessUnity ComboCo, LLC (f/k/a CyberGRX)",2025-12-31,Current,Capital Invested
A40cc93,A49a079,"Query.AI, Inc.",2025-12-31,Current,Capital Invested
A40cc93,A49a079,"Singularity TopCo LLC (a/k/a Human, f/k/a White Ops)",2025-12-31,Current,Capital Invested
Ae64fa8,A97e2ad,"Delight HoldCo 3, LLC",2025-12-31,Partially Exited,Current Cost
Aba444d,A97e2ad,"Delight HoldCo 4, LLC",2025-12-31,Partially Exited,Current Cost
A5596ab,A97e2ad,"Delight HoldCo 5, LLC",2025-12-31,Partially Exited,Current Cost
Ab80ef5,A7d02b3,Apax X L.P.,2025-12-31,Current,"Capital Invested, Current Cost"
Ab80ef5,A7d02b3,"Ares Corporate Opportunities Fund VI, L.P.",2025-12-31,Current,"Capital Invested, Current Cost"
Ab80ef5,A7d02b3,"Audax Private Equity Fund VII-B, L.P.",2025-12-31,,"Capital Invested, Current Cost, Unrealized Value, Deal Status"
Ab80ef5,A7d02b3,BC Partners Fund XI,2025-12-31,,"Capital Invested, Current Cost, Unrealized Value, Deal Status"
Ab80ef5,A7d02b3,"Baring Asia Private Equity Fund VIII, L.P.",2025-12-31,Current,"Capital Invested, Current Cost"
Ab80ef5,A7d02b3,Blackstone Tactical Opportunities Fund IV L.P.,2025-12-31,Current,"Capital Invested, Current Cost"
Ab80ef5,A7d02b3,Bregal Unternehmerkapital III SCSp,2025-12-31,Partially Exited,Current Cost
Ab80ef5,A7d02b3,Bridgepoint Europe VII,2025-12-31,Partially Exited,Current Cost
Ab80ef5,A7d02b3,"CPE China Fund IV, L.P.",2025-12-31,Partially Exited,Current Cost
Ab80ef5,A7d02b3,CVC Capital Partners Asia V L.P.,2025-12-31,Partially Exited,Current Cost
Ab80ef5,A7d02b3,"Centerbridge Capital Partners IV, L.P.",2025-12-31,Current,"Capital Invested, Current Cost"
Ab80ef5,A7d02b3,"Clayton, Dubilier & Rice Fund XI, L.P.",2025-12-31,Partially Exited,Current Cost
Ab80ef5,A7d02b3,"Francisco Partners VI, L.P.",2025-12-31,Partially Exited,Current Cost
Ab80ef5,A7d02b3,"Francisco Partners VII, L.P.",2025-12-31,,"Capital Invested, Current Cost, Unrealized Value, Deal Status"
Ab80ef5,A7d02b3,GI Partners Fund VI LP,2025-12-31,Current,"Capital Invested, Current Cost"
Ab80ef5,A7d02b3,"Green Equity Investors VIII, L.P.",2025-12-31,Partially Exited,Current Cost
Ab80ef5,A7d02b3,IDG China Venture Capital Fund VII L.P.,2025-12-31,Current,"Capital Invested, Current Cost"
Ab80ef5,A7d02b3,KKR Asian Fund IV SCSp,2025-12-31,Current,"Capital Invested, Current Cost"
Ab80ef5,A7d02b3,"L Catterton IX, L.P.",2025-12-31,Partially Exited,Current Cost
Ab80ef5,A7d02b3,"MBK Partners Fund V, L.P.",2025-12-31,Partially Exited,Current Cost
Ab80ef5,A7d02b3,Montagu VI L.P.,2025-12-31,Partially Exited,Current Cost
Ab80ef5,A7d02b3,"New Mountain Partners VI, L.P.",2025-12-31,Current,"Capital Invested, Current Cost"
Ab80ef5,A7d02b3,"Nordic Capital Fund XI, L.P.",2025-12-31,,"Capital Invested, Current Cost, Unrealized Value, Deal Status"
Ab80ef5,A7d02b3,"Nordic Capital X, L.P.",2025-12-31,Current,"Capital Invested, Current Cost"
Ab80ef5,A7d02b3,"Oak Hill Capital Partners V, L.P.",2025-12-31,Current,"Capital Invested, Current Cost"
Ab80ef5,A7d02b3,Oakley Capital V-B1 SCSp,2025-12-31,Current,"Capital Invested, Current Cost"
Ab80ef5,A7d02b3,PAI Partners VIII-1 SCSp,2025-12-31,,"Capital Invested, Current Cost, Unrealized Value, Deal Status"
Ab80ef5,A7d02b3,"PSG V, L.P.",2025-12-31,Current,"Capital Invested, Current Cost"
Ab80ef5,A7d02b3,Project Antarctica,2025-12-31,Partially Exited,Current Cost
Ab80ef5,A7d02b3,Project Ash,2025-12-31,Partially Exited,Current Cost
Ab80ef5,A7d02b3,Project Atlas,2025-12-31,Partially Exited,Current Cost
Ab80ef5,A7d02b3,Project Balvenie,2025-12-31,Partially Exited,Current Cost
Ab80ef5,A7d02b3,Project Boylston,2025-12-31,Partially Exited,Current Cost
Ab80ef5,A7d02b3,Project Cadence,2025-12-31,Partially Exited,Current Cost
Ab80ef5,A7d02b3,Project Ceres,2025-12-31,Partially Exited,Current Cost
Ab80ef5,A7d02b3,Project Cereza,2025-12-31,Partially Exited,Current Cost
Ab80ef5,A7d02b3,Project Chimera,2025-12-31,Partially Exited,Current Cost
Ab80ef5,A7d02b3,Project Clover,2025-12-31,Partially Exited,Current Cost
Ab80ef5,A7d02b3,Project Crestone,2025-12-31,Partially Exited,Current Cost
Ab80ef5,A7d02b3,Project Digital,2025-12-31,Partially Exited,Current Cost
Ab80ef5,A7d02b3,Project Eight,2025-12-31,Partially Exited,Current Cost
Ab80ef5,A7d02b3,Project Fig,2025-12-31,Partially Exited,Current Cost
Ab80ef5,A7d02b3,Project Gallop,2025-12-31,Partially Exited,Current Cost
Ab80ef5,A7d02b3,Project Giant,2025-12-31,Partially Exited,Current Cost
Ab80ef5,A7d02b3,Project Grasshopper,2025-12-31,Partially Exited,Current Cost
Ab80ef5,A7d02b3,Project Hercules,2025-12-31,Partially Exited,Current Cost
Ab80ef5,A7d02b3,Project Hybrid,2025-12-31,Partially Exited,Current Cost
Ab80ef5,A7d02b3,Project ICON,2025-12-31,Partially Exited,Current Cost
Ab80ef5,A7d02b3,Project Kansas,2025-12-31,Partially Exited,Current Cost
Ab80ef5,A7d02b3,Project Lloyds,2025-12-31,Partially Exited,Current Cost
Ab80ef5,A7d02b3,Project Mesa,2025-12-31,Partially Exited,Current Cost
Ab80ef5,A7d02b3,Project Newton,2025-12-31,Partially Exited,Current Cost
Ab80ef5,A7d02b3,Project Orion,2025-12-31,Partially Exited,Current Cost
Ab80ef5,A7d02b3,Project Pearl,2025-12-31,Partially Exited,Current Cost
Ab80ef5,A7d02b3,Project Pioneer,2025-12-31,Partially Exited,Current Cost
Ab80ef5,A7d02b3,Project Plymouth,2025-12-31,Partially Exited,Current Cost
Ab80ef5,A7d02b3,Project Pomelo,2025-12-31,Partially Exited,Current Cost
Ab80ef5,A7d02b3,Project Purple,2025-12-31,Partially Exited,Current Cost
Ab80ef5,A7d02b3,Project Raindrop,2025-12-31,Partially Exited,Current Cost
Ab80ef5,A7d02b3,Project Roast,2025-12-31,Partially Exited,Current Cost
Ab80ef5,A7d02b3,Project Sapphire,2025-12-31,Partially Exited,Current Cost
Ab80ef5,A7d02b3,Project Spike,2025-12-31,Partially Exited,Current Cost
Ab80ef5,A7d02b3,Project Spire,2025-12-31,Partially Exited,Current Cost
Ab80ef5,A7d02b3,Project Sunshine,2025-12-31,Partially Exited,Current Cost
Ab80ef5,A7d02b3,Project Tilburg,2025-12-31,Partially Exited,Current Cost
Ab80ef5,A7d02b3,Project Timber II,2025-12-31,Partially Exited,Current Cost
Ab80ef5,A7d02b3,Project Triangle,2025-12-31,Partially Exited,Current Cost
Ab80ef5,A7d02b3,Project Twenty-Four,2025-12-31,Partially Exited,Current Cost
Ab80ef5,A7d02b3,Project Vision,2025-12-31,Partially Exited,Current Cost
Ab80ef5,A7d02b3,Project Voyage,2025-12-31,Partially Exited,Current Cost
Ab80ef5,A7d02b3,Roark Capital Partners VI LP,2025-12-31,,"Capital Invested, Current Cost, Unrealized Value, Deal Status"
Ab80ef5,A7d02b3,"TCV XI, L.P.",2025-12-31,Partially Exited,Current Cost
Ab80ef5,A7d02b3,"TPG Growth V, L.P.",2025-12-31,Partially Exited,Current Cost
Ab80ef5,A7d02b3,"The Veritas Capital Fund VII, L.P.",2025-12-31,Current,"Capital Invested, Current Cost"
Ab80ef5,A7d02b3,"The Veritas Capital Fund VIII, L.P.",2025-12-31,,"Capital Invested, Current Cost, Unrealized Value, Deal Status"
Ab80ef5,A7d02b3,"Thomas H. Lee Equity Fund IX, L.P.",2025-12-31,Current,"Capital Invested, Current Cost"
Ab80ef5,A7d02b3,"Tiger Global Private Investment Partners XV, L.P.",2025-12-31,Current,"Capital Invested, Current Cost"
Ab80ef5,A7d02b3,"Trident IX, L.P.",2025-12-31,Partially Exited,Current Cost
Ab80ef5,A7d02b3,"Trident VIII, L.P.",2025-12-31,Partially Exited,Current Cost
Ab80ef5,A7d02b3,Undisclosed Investments,2025-12-31,Partially Exited,Current Cost
Ab80ef5,A7d02b3,"WCAS XIV, L.P.",2025-12-31,Current,"Capital Invested, Current Cost"
Ac472e1,A7d02b3,Altor Fund VI (No. 2) AB,2025-12-31,,"Capital Invested, Current Cost, Unrealized Value, Deal Status"
Ac472e1,A7d02b3,"American Securities Partners IX, L.P.",2025-12-31,,Deal Status
Ac472e1,A7d02b3,Apax XI USD L.P.,2025-12-31,,"Capital Invested, Current Cost, Unrealized Value, Deal Status"
Ac472e1,A7d02b3,Apheon Midcap Buyout VI SCSP,2025-12-31,,"Capital Invested, Current Cost, Unrealized Value, Deal Status"
Ac472e1,A7d02b3,"Apollo Investment Fund X, L.P.",2025-12-31,Current,"Capital Invested, Current Cost"
Ac472e1,A7d02b3,"BPEA Private Equity Fund IX (No.2), SCSp",2025-12-31,,"Capital Invested, Current Cost, Unrealized Value, Deal Status"
Ac472e1,A7d02b3,"Bain Capital Fund XIV, L.P.",2025-12-31,,Deal Status
Ac472e1,A7d02b3,"Carlyle Asia Partners VI, L.P.",2025-12-31,,"Capital Invested, Current Cost, Deal Status"
Ac472e1,A7d02b3,"Centerbridge Capital Partners V, L.P.",2025-12-31,Current,"Capital Invested, Current Cost"
Ac472e1,A7d02b3,EMK Capital Partners III LP,2025-12-31,Current,"Capital Invested, Current Cost"
Ac472e1,A7d02b3,InvestIndustrial VIII SCSp,2025-12-31,Current,"Capital Invested, Current Cost"
Ac472e1,A7d02b3,"K6 Private Investors, L.P.",2025-12-31,Written Off,Capital Invested
Ac472e1,A7d02b3,KKR North America Fund XIV SCSp,2025-12-31,,Deal Status
Ac472e1,A7d02b3,"KPS Special Situations Fund VI, LP",2025-12-31,Current,"Capital Invested, Current Cost"
Ac472e1,A7d02b3,"Levine Leichtman Capital Partners VII, L.P.",2025-12-31,Partially Exited,Current Cost
Ac472e1,A7d02b3,Lindsay Goldberg VI L.P.,2025-12-31,,"Capital Invested, Current Cost, Unrealized Value, Deal Status"
Ac472e1,A7d02b3,Norvestor IX SCSp,2025-12-31,Current,"Capital Invested, Current Cost"
Ac472e1,A7d02b3,"Oak Hill Capital Partners VI, L.P.",2025-12-31,Partially Exited,Current Cost
Ac472e1,A7d02b3,PAG Asia IV LP,2025-12-31,,"Capital Invested, Current Cost, Unrealized Value, Deal Status"
Ac472e1,A7d02b3,"PSG VI, L.P.",2025-12-31,,"Capital Invested, Current Cost, Unrealized Value, Deal Status"
Ac472e1,A7d02b3,"Patient Square Equity Partners II, LP",2025-12-31,,"Capital Invested, Current Cost, Unrealized Value, Deal Status"
Ac472e1,A7d02b3,"Platinum Equity Capital Partners VI, L.P.",2025-12-31,Current,"Capital Invested, Current Cost"
Ac472e1,A7d02b3,Project Barley,2025-12-31,Partially Exited,Current Cost
Ac472e1,A7d02b3,Project Branford,2025-12-31,Partially Exited,Current Cost
Ac472e1,A7d02b3,Project Clementine,2025-12-31,Partially Exited,Current Cost
Ac472e1,A7d02b3,Project Eden,2025-12-31,Partially Exited,Current Cost
Ac472e1,A7d02b3,Project Empower,2025-12-31,Partially Exited,Current Cost
Ac472e1,A7d02b3,Project Fairy,2025-12-31,Partially Exited,Current Cost
Ac472e1,A7d02b3,Project Gondor,2025-12-31,Partially Exited,Current Cost
Ac472e1,A7d02b3,Project Graduate,2025-12-31,Partially Exited,Current Cost
Ac472e1,A7d02b3,Project Helvetica,2025-12-31,Partially Exited,Current Cost
Ac472e1,A7d02b3,Project Jade,2025-12-31,Partially Exited,Current Cost
Ac472e1,A7d02b3,Project Jumpman,2025-12-31,Partially Exited,Current Cost
Ac472e1,A7d02b3,Project Loch,2025-12-31,Partially Exited,Current Cost
Ac472e1,A7d02b3,Project Macedonia,2025-12-31,Partially Exited,Current Cost
Ac472e1,A7d02b3,Project Marmalade,2025-12-31,Partially Exited,Current Cost
Ac472e1,A7d02b3,Project Mockingjay,2025-12-31,Partially Exited,Current Cost
Ac472e1,A7d02b3,Project Nancy,2025-12-31,Partially Exited,Current Cost
Ac472e1,A7d02b3,Project Optic,2025-12-31,Partially Exited,Current Cost
Ac472e1,A7d02b3,Project Perth,2025-12-31,Partially Exited,Current Cost
Ac472e1,A7d02b3,Project Raindrop,2025-12-31,Partially Exited,Current Cost
Ac472e1,A7d02b3,Project Rhythm,2025-12-31,Partially Exited,Current Cost
Ac472e1,A7d02b3,Project Rooster,2025-12-31,Partially Exited,Current Cost
Ac472e1,A7d02b3,Project Spear,2025-12-31,Partially Exited,Current Cost
Ac472e1,A7d02b3,Project Trove,2025-12-31,Partially Exited,Current Cost
Ac472e1,A7d02b3,Project Twenty-Four,2025-12-31,Partially Exited,Current Cost
Ac472e1,A7d02b3,Project Vision,2025-12-31,Partially Exited,Current Cost
Ac472e1,A7d02b3,Project Waltz,2025-12-31,Partially Exited,Current Cost
Ac472e1,A7d02b3,Project Wings,2025-12-31,Partially Exited,Current Cost
Ac472e1,A7d02b3,Project Wrigley,2025-12-31,Partially Exited,Current Cost
Ac472e1,A7d02b3,"TPG Asia VIII (A), L.P.",2025-12-31,Partially Exited,Current Cost
Ac472e1,A7d02b3,"TPG Partners IX, L.P.",2025-12-31,Partially Exited,Current Cost
Ac472e1,A7d02b3,The Triton Fund VI,2025-12-31,,"Capital Invested, Current Cost, Unrealized Value, Deal Status"
Ac472e1,A7d02b3,"TowerBrook Investors VI (Onshore), L.P.",2025-12-31,Partially Exited,Current Cost
Ac472e1,A7d02b3,Trident X US Fund L.P.,2025-12-31,,Deal Status
Ac472e1,A7d02b3,Undisclosed Investments,2025-12-31,Partially Exited,Current Cost
Aa12a53,A8bd477,Driven Brands Holdings Inc.,2025-12-31,Partially Exited,Capital Invested
A947e8c,A97e2ad,Dunbar Setanta GP LLC,2025-12-31,Partially Exited,Current Cost
A9ffbf3,Ad7e703,American Secure Living Inc.; aka Longmark,2025-12-31,Current,Capital Invested
A9ffbf3,Ad7e703,"Bloom Studios, Inc.; aka Indigo",2025-12-31,Current,Capital Invested
A9ffbf3,Ad7e703,"Goldbridge Technologies, Inc.",2025-12-31,Current,Capital Invested
A9ffbf3,Ad7e703,"Homeward, Inc.",2025-12-31,Current,Capital Invested
A9ffbf3,Ad7e703,"Honey Homes, Inc.",2025-12-31,Current,Capital Invested
A9ffbf3,Ad7e703,Latii Inc.,2025-12-31,Current,Capital Invested
A9ffbf3,Ad7e703,Mainstay Labs Inc. aka Open Exchange Labs Inc.,2025-12-31,Current,Capital Invested
A9ffbf3,Ad7e703,Ostrich X Ltd,2025-12-31,Current,Capital Invested
A9ffbf3,Ad7e703,"PassiveLogic, Inc.",2025-12-31,Current,Capital Invested
A9ffbf3,Ad7e703,"Shepherd Labs, Inc.",2025-12-31,Current,Capital Invested
A9ffbf3,Ad7e703,"Suffolk Technology Boost, LLC",2025-12-31,Current,Capital Invested
A9ffbf3,Ad7e703,"TKTK Media, Inc.",2025-12-31,Current,Capital Invested
A9ffbf3,Ad7e703,Tempo Works Inc.,2025-12-31,Current,Capital Invested
A9ffbf3,Ad7e703,"TrueList, Inc.",2025-12-31,Current,Capital Invested
A9ffbf3,Ad7e703,ViaBot Inc.,2025-12-31,Current,Capital Invested
A9ffbf3,Ad7e703,Welcome Building Corporation,2025-12-31,Current,Capital Invested
A9c9bb9,A0c2722,Europa Real Estate GBP Warrant S.à r.l.,2025-12-31,Written Off,Capital Invested
A9c9bb9,A0c2722,Europa Real Estate III S.à r.l.,2025-12-31,Written Off,Capital Invested
Adf56a5,A6299d5,"EIP Consolidated, LLC",2025-12-31,Current,Capital Invested
A5466bf,Acdb9df,"FPV Fund I, L.P.",2025-12-31,Current,Capital Invested
A29c2b9,Aed3782,AB Centers Acquisition Corporation,2025-12-31,Current,"Capital Invested, Current Cost"
A29c2b9,Aed3782,"ACP Avenu Buyer, LLC",2025-12-31,Current,"Capital Invested, Current Cost"
A29c2b9,Aed3782,Alegeus Technologies Holdings Corp,2025-12-31,Current,"Capital Invested, Current Cost"
A29c2b9,Aed3782,Australia - Application Software,2025-12-31,Current,"Capital Invested, Current Cost"
A29c2b9,Aed3782,"Benefit Plan Administrators Of Eau Claire, LLC",2025-12-31,Current,"Capital Invested, Current Cost"
A29c2b9,Aed3782,Canada-Transportation,2025-12-31,Current,"Capital Invested, Current Cost"
A29c2b9,Aed3782,"Dpt Management, LLC",2025-12-31,Current,"Capital Invested, Current Cost"
A29c2b9,Aed3782,Identiti Resources LLC,2025-12-31,Current,"Capital Invested, Current Cost"
A29c2b9,Aed3782,Luminii LLC,2025-12-31,Current,"Capital Invested, Current Cost"
A29c2b9,Aed3782,"MoboTrex, LLC",2025-12-31,Current,"Capital Invested, Current Cost"
A29c2b9,Aed3782,"PLA Buyer, LLC",2025-12-31,Current,"Capital Invested, Current Cost"
A29c2b9,Aed3782,"Perimeter Solutions Group, LLC",2025-12-31,Current,"Capital Invested, Current Cost"
A29c2b9,Aed3782,"Principal Lighting Group Holdings, LLC",2025-12-31,Current,"Capital Invested, Current Cost"
A29c2b9,Aed3782,"Quick Roofing Acquisition, LLC",2025-12-31,Current,"Capital Invested, Current Cost"
A29c2b9,Aed3782,Roofing Services Solutions LLC,2025-12-31,Current,"Capital Invested, Current Cost"
A29c2b9,Aed3782,"SCP WQS Buyer, LLC",2025-12-31,Current,"Capital Invested, Current Cost"
A29c2b9,Aed3782,"SHF Holdings, Inc,",2025-12-31,Current,"Capital Invested, Current Cost"
A29c2b9,Aed3782,"The Smilist DSO, LLC",2025-12-31,Current,"Capital Invested, Current Cost"
A29c2b9,Aed3782,Tighitco Inc,2025-12-31,Current,"Capital Invested, Current Cost"
A29c2b9,Aed3782,United States - Application Software,2025-12-31,Current,"Capital Invested, Current Cost"
A29c2b9,Aed3782,United States - Diversified Financial Services,2025-12-31,Current,"Capital Invested, Current Cost"
A29c2b9,Aed3782,United States - Health Care Services,2025-12-31,Current,"Capital Invested, Current Cost"
A29c2b9,Aed3782,United States - Materials,2025-12-31,Current,"Capital Invested, Current Cost"
A29c2b9,Aed3782,United States - Media & Entertainment,2025-12-31,Current,"Capital Invested, Current Cost"
A29c2b9,Aed3782,United States - Mutual funds,2025-12-31,Current,"Capital Invested, Current Cost"
A29c2b9,Aed3782,"United States - Pharmaceuticals, Biotechnology & Life Sciences",2025-12-31,Current,"Capital Invested, Current Cost"
A29c2b9,Aed3782,United States - Specialized Consumer Services,2025-12-31,Current,"Capital Invested, Current Cost"
A29c2b9,Aed3782,United States- Capital Goods,2025-12-31,Current,"Capital Invested, Current Cost"
A29c2b9,Aed3782,United states - Commercial & Professional Services,2025-12-31,Current,"Capital Invested, Current Cost"
A29c2b9,Aed3782,"United states - Food, Beverage & Tobacco",2025-12-31,Current,"Capital Invested, Current Cost"
A29c2b9,Aed3782,United states - Technology Hardware & Equipment,2025-12-31,Current,"Capital Invested, Current Cost"
A82f5de,3.95E+42,Derivatives,2025-12-31,,"Capital Invested, Deal Status"
A3bbfd6,3.95E+42,Aymium,2025-12-31,Partially Exited,Current Cost
A3bbfd6,3.95E+42,Cardiac Dimensions,2025-12-31,Partially Exited,Current Cost
A3bbfd6,3.95E+42,Nanosys,2025-12-31,Partially Exited,Current Cost
A3bbfd6,3.95E+42,Pivotal Commware,2025-12-31,Partially Exited,Current Cost
A3bbfd6,3.95E+42,Preferred Equity in Commercial and Patent Litigation Funder Vehicle,2025-12-31,Partially Exited,Current Cost
A3bbfd6,3.95E+42,Radian,2025-12-31,Partially Exited,Current Cost
Adfb13d,3.95E+42,Flagler,2025-12-31,Current,Capital Invested
Adfb13d,3.95E+42,Intrawest,2025-12-31,,"Capital Invested, Deal Status"
A0841e0,3.95E+42,Flagler,2025-12-31,Current,Capital Invested
A0841e0,3.95E+42,Intrawest Cayman L.P.,2025-12-31,,"Capital Invested, Deal Status"
A7199bc,A96d1b3,Oil & Gas Properties,2025-12-31,Current,"Capital Invested, Current Cost"
A3c99e8,A9fbabf,"4.0 Public, L.P",2025-12-31,Current,Capital Invested
A3c99e8,A9fbabf,"Accident Care Alliance (FKA Pro Care, LLC)",2025-12-31,Current,Capital Invested
A3c99e8,A9fbabf,Authentic Restaurant Brands,2025-12-31,Current,Capital Invested
A3c99e8,A9fbabf,Bechtun Credit Partners (Franchise Group),2025-12-31,Current,Capital Invested
A3c99e8,A9fbabf,Firebirds Wood Fired Grill,2025-12-31,Current,Capital Invested
A3c99e8,A9fbabf,FirstRidge Service Partners,2025-12-31,Current,Capital Invested
A3c99e8,A9fbabf,GoodTurn Tire & Auto (FKA Apex Automotive),2025-12-31,Current,Capital Invested
A3c99e8,A9fbabf,Kona Ice,2025-12-31,Current,Capital Invested
A3c99e8,A9fbabf,Mountainside Fitness,2025-12-31,Current,Capital Invested
A3c99e8,A9fbabf,Prime Vacations,2025-12-31,Current,Capital Invested
A3c99e8,A9fbabf,Redwood Environmental,2025-12-31,Current,Capital Invested
A162a33,A9fbabf,"5.0 Public, L.P.",2025-12-31,Current,Capital Invested
A162a33,A9fbabf,Bechtun Credit Partners LLC,2025-12-31,Current,Capital Invested
A162a33,A9fbabf,Grizzly MEP,2025-12-31,Current,Capital Invested
A162a33,A9fbabf,Honey Baked Ham,2025-12-31,Current,Capital Invested
A162a33,A9fbabf,Sarku,2025-12-31,Current,Capital Invested
A162a33,A9fbabf,Skybound Services Partners,2025-12-31,Current,Capital Invested
A162a33,A9fbabf,True North Fleet Services,2025-12-31,Current,Capital Invested
A87a21d,A9fbabf,"GSP COF 2.0 Aggregator, L.P.",2025-12-31,Current,Capital Invested
A87a21d,A9fbabf,"LaserAway Intermediate Holdings II, LLC",2025-12-31,,"Capital Invested, Current Cost, Unrealized Value, Deal Status"
A87a21d,A9fbabf,"SPLAT Super HoldCo, LLC",2025-12-31,,"Capital Invested, Current Cost, Unrealized Value, Deal Status"
A87a21d,A9fbabf,Xponential Fitness,2025-12-31,,"Capital Invested, Current Cost, Unrealized Value, Deal Status"
A583186,A3e342a,"GC Innovation, LLC",2025-12-31,Current,Capital Invested
A583186,A3e342a,"Level Equity Professionals, L.P",2025-12-31,Current,Capital Invested
A583186,A3e342a,"ReInvent Commerce Holdings, LLC (AKA: LAUNCH)",2025-12-31,Current,Capital Invested
A583186,A3e342a,"SunBorne Energy Holdings, LLC",2025-12-31,,"Capital Invested, Deal Status"
A583186,A3e342a,"Thrive Capital Partners II, L.P.",2025-12-31,Current,Capital Invested
A583186,A3e342a,"Thrive Capital Partners, LLC",2025-12-31,Current,Capital Invested
A7ead5b,A65900b,Advarra,2025-12-31,Current,Capital Invested
A7ead5b,A65900b,"Amwins Group, Inc.",2025-12-31,Current,Capital Invested
A7ead5b,A65900b,Association Member Benefits Advisors,2025-12-31,Current,Capital Invested
A7ead5b,A65900b,Clarience Technologies LLC,2025-12-31,Current,Capital Invested
A7ead5b,A65900b,Cyncly,2025-12-31,Current,Capital Invested
A7ead5b,A65900b,"First Eagle Investment Management, LLC",2025-12-31,Current,Capital Invested
A7ead5b,A65900b,MASA Global,2025-12-31,Current,Capital Invested
A7ead5b,A65900b,Marcone,2025-12-31,Current,Capital Invested
A7ead5b,A65900b,Mercer,2025-12-31,Current,Capital Invested
A7ead5b,A65900b,OEConnection LLC,2025-12-31,Current,Capital Invested
A7ead5b,A65900b,Obsidian Insurance Holdings,2025-12-31,Current,Capital Invested
A7ead5b,A65900b,Orion Advisor Solutions,2025-12-31,Current,Capital Invested
A7ead5b,A65900b,Prometheus,2025-12-31,Current,Capital Invested
A7ead5b,A65900b,Sonny's Enterprises,2025-12-31,Current,Capital Invested
A7ead5b,A65900b,Vector,2025-12-31,Current,Capital Invested
A7ead5b,A65900b,insightsoftware,2025-12-31,Current,Capital Invested
A1c6bfc,A65900b,Accruent,2025-12-31,,"Capital Invested, Deal Status"
A1c6bfc,A65900b,Alera,2025-12-31,,"Capital Invested, Deal Status"
A1c6bfc,A65900b,Ascensus,2025-12-31,Current,Capital Invested
A1c6bfc,A65900b,Association Member Benefits Advisors,2025-12-31,,"Capital Invested, Deal Status"
A1c6bfc,A65900b,Cetera,2025-12-31,,"Capital Invested, Deal Status"
A1c6bfc,A65900b,Community Brands,2025-12-31,Current,Capital Invested
A1c6bfc,A65900b,"ConnectiveRx (fka ""PSK-PDR"")",2025-12-31,Current,Capital Invested
A1c6bfc,A65900b,"Enverus (fka ""Drillinginfo"")",2025-12-31,,"Capital Invested, Current Cost, Unrealized Value, Deal Status"
A1c6bfc,A65900b,"Infinite Electronics, Inc.",2025-12-31,,"Capital Invested, Deal Status"
A1c6bfc,A65900b,Power Products,2025-12-31,,"Capital Invested, Deal Status"
A1c6bfc,A65900b,"Signant Health (fka ""CRF Bracket"")",2025-12-31,Current,Capital Invested
A1c6bfc,A65900b,Sphera Solutions,2025-12-31,,"Capital Invested, Deal Status"
A1c6bfc,A65900b,Stack Sports,2025-12-31,Current,Capital Invested
Afb9c3e,A65900b,2-10 HBW,2025-12-31,,"Capital Invested, Current Cost, Unrealized Value, Deal Status"
Afb9c3e,A65900b,Enverus,2025-12-31,,"Capital Invested, Current Cost, Unrealized Value, Deal Status"
Afb9c3e,A65900b,ISS,2025-12-31,,"Capital Invested, Current Cost, Unrealized Value, Deal Status"
A2257c0,A65900b,"AffiniPay, LLC",2025-12-31,Current,Capital Invested
A2257c0,A65900b,"Amwins Group, Inc.",2025-12-31,Current,Capital Invested
A2257c0,A65900b,"Aperture Companies, LLC",2025-12-31,Current,Capital Invested
A2257c0,A65900b,Cetera,2025-12-31,Current,Capital Invested
A2257c0,A65900b,"Docupace Technologies, LLC",2025-12-31,Current,Capital Invested
A2257c0,A65900b,"First Eagle Investment Management, LLC",2025-12-31,Current,Capital Invested
A2257c0,A65900b,"Flourish Research Holdings, LLC",2025-12-31,Current,Capital Invested
A2257c0,A65900b,Playmetrics,2025-12-31,Current,Capital Invested
Afa36f2,A6941fe,Beek Technologies Inc.,2025-12-31,Fully Exited,Capital Invested
Afa36f2,A6941fe,"Clockwise, Inc.",2025-12-31,Written Down,Capital Invested
Afa36f2,A6941fe,"Mammoth Media, Inc.",2025-12-31,Written Down,Capital Invested
Afa36f2,A6941fe,"Musa Health, Inc.",2025-12-31,Current,Capital Invested
Afa36f2,A6941fe,NXYZ Inc. (Neeva Spinoff),2025-12-31,Fully Exited,Capital Invested
Afa36f2,A6941fe,"Reduct, Inc.",2025-12-31,Written Down,Capital Invested
Afa36f2,A6941fe,"Sonder Holdings, Inc.",2025-12-31,Fully Exited,Capital Invested
Afa36f2,A6941fe,TraceHQ.com,2025-12-31,Fully Exited,Capital Invested
Af7f070,A6941fe,"Destiny Factory, Inc.",2025-12-31,Written Down,Capital Invested
Af7f070,A6941fe,FTX Trading Limited,2025-12-31,Written Down,Capital Invested
Af7f070,A6941fe,"PolyOps, Inc. (dba Tydo)",2025-12-31,Written Down,Capital Invested
Af7f070,A6941fe,"smlXL, Inc. (fka Comity Labs, Inc.)",2025-12-31,Written Down,Capital Invested
Ab408e9,A6941fe,"Aruba Networks, Inc.",2025-12-31,Written Off,Capital Invested
Ab408e9,A6941fe,"Delphix, Inc.",2025-12-31,Fully Exited,Capital Invested
Ab408e9,A6941fe,Greylock Israel Limited Partnership,2025-12-31,Fully Exited,Capital Invested
Ab408e9,A6941fe,"Imperva, Inc.",2025-12-31,Written Off,Capital Invested
Ab408e9,A6941fe,"Oportun Financial Corporation,",2025-12-31,Fully Exited,Capital Invested
Ab408e9,A6941fe,Redfin Corporation,2025-12-31,Written Off,Capital Invested
Ab408e9,A6941fe,"Tidemark Systems, Inc.",2025-12-31,Written Off,Capital Invested
A583f8f,A6941fe,"Airbnb, Inc.",2025-12-31,Written Off,Capital Invested
A583f8f,A6941fe,"Arista Networks, Inc.",2025-12-31,Written Off,Capital Invested
A583f8f,A6941fe,Bohemian Wrappsody AB,2025-12-31,Written Down,Capital Invested
A583f8f,A6941fe,"CreativeLive, Inc.",2025-12-31,Fully Exited,Capital Invested
A583f8f,A6941fe,"Domo, Inc.",2025-12-31,Written Off,Capital Invested
A583f8f,A6941fe,"Dropbox, Inc.",2025-12-31,Written Off,Capital Invested
A583f8f,A6941fe,"Edmodo, Inc.",2025-12-31,Written Off,Capital Invested
A583f8f,A6941fe,"Groupon, Inc.",2025-12-31,Written Off,Capital Invested
A583f8f,A6941fe,"Okta, Inc.",2025-12-31,Written Off,Capital Invested
A583f8f,A6941fe,"Pure Storage, Inc.",2025-12-31,Written Off,Capital Invested
A583f8f,A6941fe,"Service-Now, Inc.",2025-12-31,Written Off,Capital Invested
A583f8f,A6941fe,"Third Rock Ventures GP II, L.P.",2025-12-31,Fully Exited,Capital Invested
A583f8f,A6941fe,"Zuora, Inc.",2025-12-31,Written Off,Capital Invested
A583f8f,A6941fe,"inStart, Inc.",2025-12-31,Written Off,Capital Invested
A4974ad,A6941fe,A Medium Corporation,2025-12-31,Written Down,Capital Invested
A4974ad,A6941fe,"Caffeine, Inc.",2025-12-31,Written Down,Capital Invested
A4974ad,A6941fe,"Control Panel, Inc.",2025-12-31,Written Off,Capital Invested
A4974ad,A6941fe,"Innovium, Inc.",2025-12-31,Written Off,Capital Invested
A4974ad,A6941fe,"Operator, Inc.",2025-12-31,Written Down,Capital Invested
A4974ad,A6941fe,"Ritual, Inc.",2025-12-31,Fully Exited,Capital Invested
A4974ad,A6941fe,"Rubrik, Inc.",2025-12-31,Fully Exited,Capital Invested
A775233,A6c1ccf,Baige Technology Group,2025-12-31,Current,Capital Invested
A775233,A6c1ccf,Bytedance Ltd. (Toutiao),2025-12-31,Current,Capital Invested
A775233,A6c1ccf,Guazi.com Inc.,2025-12-31,Current,Capital Invested
A775233,A6c1ccf,Meicai,2025-12-31,Current,Capital Invested
A775233,A6c1ccf,Miababy Technology Limited,2025-12-31,Current,Capital Invested
A775233,A6c1ccf,Thebeastshop Holding,2025-12-31,Current,Capital Invested
Aa2c385,A6c1ccf,17 Education & Technology Group Inc. (NASDAQ: YQ),2025-12-31,Current,Capital Invested
Aa2c385,A6c1ccf,Baige Technology Group (Zuoyebang),2025-12-31,Current,Capital Invested
Aa2c385,A6c1ccf,Bytedance Ltd. (Toutiao),2025-12-31,Current,Capital Invested
Aa2c385,A6c1ccf,Distinct Healthcare Holdings Limited,2025-12-31,Current,Capital Invested
Aa2c385,A6c1ccf,"Guangzhou Zhijing Information Technology Co., Ltd. (Baibu)",2025-12-31,Current,Capital Invested
Aa2c385,A6c1ccf,Guazi.com Inc.,2025-12-31,Current,Capital Invested
Aa2c385,A6c1ccf,Le Xue Worldwide Holding Limited,2025-12-31,Current,Capital Invested
Aa2c385,A6c1ccf,Meicai,2025-12-31,Current,Capital Invested
Aa2c385,A6c1ccf,Ziroom Inc.,2025-12-31,Current,Capital Invested
A191419,A6c1ccf,17 Education & Technology Group Inc. (NASDAQ: YQ),2025-12-31,Current,Capital Invested
A191419,A6c1ccf,ALLINMD Technology Investment Limited (AllinMD),2025-12-31,,"Capital Invested, Deal Status"
A191419,A6c1ccf,Baige Technology Group (Zuoyebang),2025-12-31,Current,Capital Invested
A191419,A6c1ccf,Casstime Holdings Ltd.,2025-12-31,Current,Capital Invested
A191419,A6c1ccf,Gloryseed (ZhongXueGao),2025-12-31,,"Capital Invested, Deal Status"
A191419,A6c1ccf,"Guangzhou Zhijing Information Technology Co., Ltd. (Baibu)",2025-12-31,Current,Capital Invested
A191419,A6c1ccf,Happy_seed (Cayman) Limited,2025-12-31,Current,Capital Invested
A191419,A6c1ccf,KE Holdings Inc. (NYSE: BEKE),2025-12-31,Current,Capital Invested
A191419,A6c1ccf,Lele Global Limited,2025-12-31,Current,Capital Invested
A191419,A6c1ccf,Pupu Inc.,2025-12-31,Current,Capital Invested
A191419,A6c1ccf,"Shanghai Yinhe Enterprise Co., Ltd. (Manner)",2025-12-31,Current,Capital Invested
A191419,A6c1ccf,SimCare Group Holdings Limited (Simpcare),2025-12-31,Current,Capital Invested
A191419,A6c1ccf,YSB Inc. (HKEX:09885),2025-12-31,Current,Capital Invested
Af3e452,A6c1ccf,Li Auto Inc.,2025-12-31,Current,Capital Invested
Af3e452,A6c1ccf,SwiftX Limited,2025-12-31,Current,Capital Invested
A44bd87,A6c1ccf,"Baige Technology Group (""Zuoyebang"")",2025-12-31,Current,Capital Invested
Aabdf3f,Aded344,Bitpanda GmbH,2025-12-31,Current,Capital Invested
A555d5f,Aded344,Chime Financial Inc.,2025-12-31,Current,Capital Invested
Abc54d3,Aded344,Chime Financial Inc.,2025-12-31,Current,Capital Invested
A7804fe,Aded344,TradingView,2025-12-31,Current,Capital Invested
A680edc,Aded344,Solidroad,2025-12-31,,"Capital Invested, Current Cost, Unrealized Value, Deal Status"
Ae27857,Aded344,General Intuition (Ferox),2025-12-31,,"Capital Invested, Current Cost, Unrealized Value, Deal Status"
A4081d6,A4a1f26,Opie,2025-12-31,,"Capital Invested, Current Cost, Unrealized Value, Deal Status"
A4081d6,A4a1f26,TURBO,2025-12-31,,"Capital Invested, Current Cost, Unrealized Value, Deal Status"
A86e0b1,Aa130ea,Active Seed Deals,2025-12-31,Fully Exited,Capital Invested
A86e0b1,Aa130ea,"Alpaca Technology, Inc.",2025-12-31,Written Down,Capital Invested
A86e0b1,Aa130ea,Fund Investments,2025-12-31,Fully Exited,Capital Invested
A86e0b1,Aa130ea,"Guide Oncology, Inc. (Kirilys)",2025-12-31,,"Capital Invested, Current Cost, Unrealized Value, Deal Status"
A86e0b1,Aa130ea,Hempfusion Wellness Inc.,2025-12-31,Written Down,Capital Invested
A86e0b1,Aa130ea,Nexthop,2025-12-31,,"Capital Invested, Current Cost, Unrealized Value, Deal Status"
A86e0b1,Aa130ea,Realized Seed Deals,2025-12-31,Fully Exited,Capital Invested
A096a41,Aa130ea,"Berry Health, Inc.",2025-12-31,Written Down,Capital Invested
A096a41,Aa130ea,"Eco, Inc.",2025-12-31,Written Down,Capital Invested
A096a41,Aa130ea,"Humaning, Inc.",2025-12-31,Written Down,Capital Invested
A096a41,Aa130ea,Live Summer Inc.,2025-12-31,Written Down,Capital Invested
A096a41,Aa130ea,Parallel Finance Inc.,2025-12-31,Written Down,Capital Invested
A096a41,Aa130ea,Terraform Labs Pte. Ltd. (dba Luna),2025-12-31,Written Down,Capital Invested
A096a41,Aa130ea,"The Hive Social Network, Inc.",2025-12-31,Written Down,Capital Invested
A096a41,Aa130ea,"Voltron Data, Inc.",2025-12-31,Written Down,Capital Invested
A80d406,A15f96f,"Ring Container Technologies, LLC",2025-12-31,Current,"Capital Invested, Current Cost"
Aeccf59,Af0082f,"Access Medical Systems, Ltd. (ET Healthcare)",2025-12-31,Current,Capital Invested
Aeccf59,Af0082f,DiDi Global Inc. (DIDIY),2025-12-31,Current,Capital Invested
Aeccf59,Af0082f,Distinct Healthcare Holdings Limited,2025-12-31,Current,Capital Invested
Aeccf59,Af0082f,EDDA Healthcare and Technology Holding Limited,2025-12-31,Current,Capital Invested
Aeccf59,Af0082f,Fenbi Ltd.,2025-12-31,Current,Capital Invested
Aeccf59,Af0082f,NaviChina Inc. (Zhe800),2025-12-31,Current,Capital Invested
Aeccf59,Af0082f,Peijia Medical Limited,2025-12-31,Current,Capital Invested
Aeccf59,Af0082f,Qiniu Limited,2025-12-31,Current,Capital Invested
Aeccf59,Af0082f,Souche Holdings Ltd,2025-12-31,Current,Capital Invested
Aeccf59,Af0082f,"Tubatu Group Co., Ltd. (To8To)",2025-12-31,Current,Capital Invested
Aeccf59,Af0082f,YUAN Inc (Yuanfudao),2025-12-31,Current,Capital Invested
Aeccf59,Af0082f,Yoka International Inc.,2025-12-31,,"Capital Invested, Deal Status"
Aeccf59,Af0082f,Zhaogang,2025-12-31,Current,Capital Invested
A65fb68,Af0082f,Adlai Nortye Ltd. (Anuo),2025-12-31,Current,Capital Invested
A65fb68,Af0082f,"Ansun Biopharma, Inc.",2025-12-31,Current,Capital Invested
A65fb68,Af0082f,"Beijing Zhiling Haina Technology Co., Ltd. (SmartX)",2025-12-31,Current,Capital Invested
A65fb68,Af0082f,Choice Technology Inc. (Weimai),2025-12-31,Current,Capital Invested
A65fb68,Af0082f,Cloudchef Group Inc.,2025-12-31,,"Capital Invested, Deal Status"
A65fb68,Af0082f,DataPipeline Ltd,2025-12-31,Current,Capital Invested
A65fb68,Af0082f,Dejavu Technology Holdings Limited (DuoZhuaYu),2025-12-31,Current,Capital Invested
A65fb68,Af0082f,Dora Technology Limited (Snowplus),2025-12-31,Current,Capital Invested
A65fb68,Af0082f,Edianyun Limited,2025-12-31,Current,Capital Invested
A65fb68,Af0082f,Eyepetizer Technology Limited (KaiYanShiPin),2025-12-31,,"Capital Invested, Deal Status"
A65fb68,Af0082f,Guazi.com Inc.,2025-12-31,Current,Capital Invested
A65fb68,Af0082f,"Happy Sharing Co., Ltd. (XiangWuShuo)",2025-12-31,,"Capital Invested, Deal Status"
A65fb68,Af0082f,HashData Technology Inc. (KuKe),2025-12-31,Current,Capital Invested
A65fb68,Af0082f,More Fun Entertainment Group (MoTianLun Ticket),2025-12-31,Current,Capital Invested
A65fb68,Af0082f,NB Therapeutics Inc. (fka. Nuance Biotech Inc.),2025-12-31,Current,Capital Invested
A65fb68,Af0082f,Peijia Medical Limited,2025-12-31,Current,Capital Invested
A65fb68,Af0082f,Source Technology Inc.,2025-12-31,Current,Capital Invested
A65fb68,Af0082f,UXLINK,2025-12-31,Current,Capital Invested
A65fb68,Af0082f,Vesoft Inc. (Nebula Graph),2025-12-31,Current,Capital Invested
A65fb68,Af0082f,XPX Holdings Limited (Chubby Bear),2025-12-31,Current,Capital Invested
A65fb68,Af0082f,XPeng Inc. (XPeng Motors),2025-12-31,Current,Capital Invested
A65fb68,Af0082f,"Xi An Wingspan Electronic Technology, Co., Ltd. (Yizhan)",2025-12-31,,"Capital Invested, Deal Status"
A65fb68,Af0082f,YUNSHAN Networks Inc.,2025-12-31,Current,Capital Invested
A9859d3,Af0082f,Addx Limited (JiJiaKeJi),2025-12-31,Current,Capital Invested
A9859d3,Af0082f,Beijing Semidrive Technology Corporation (XinChi),2025-12-31,Current,Capital Invested
A9859d3,Af0082f,Beisen Holding Limited,2025-12-31,Current,Capital Invested
A9859d3,Af0082f,Bestsign Inc. (ShangShangQian),2025-12-31,Current,Capital Invested
A9859d3,Af0082f,Bota Biosciences Ltd (Bota Bio),2025-12-31,Current,Capital Invested
A9859d3,Af0082f,"Chameleon Biosciences, Inc.",2025-12-31,,"Capital Invested, Current Cost, Unrealized Value, Deal Status"
A9859d3,Af0082f,Datacloak Inc. (Shupeng),2025-12-31,Current,Capital Invested
A9859d3,Af0082f,Easy Group Holdings Inc.,2025-12-31,,"Capital Invested, Deal Status"
A9859d3,Af0082f,FEIBAI Education Corporation,2025-12-31,Current,Capital Invested
A9859d3,Af0082f,Feiyulife Inc. (Feiyu),2025-12-31,Current,Capital Invested
A9859d3,Af0082f,ForU Worldwide Inc. (ForU Truck),2025-12-31,Current,Capital Invested
A9859d3,Af0082f,"Gemii (Zhejiang Shaoxing) Technology Co., Ltd. (Jingli)",2025-12-31,Current,Capital Invested
A9859d3,Af0082f,Global Digital Mercantile Holdings Limited (GDM),2025-12-31,,"Capital Invested, Deal Status"
A9859d3,Af0082f,"Golden Array Nanjing Limited (JLSemi) (FKA ""PhotonArray Inc."")",2025-12-31,Current,Capital Invested
A9859d3,Af0082f,HUAHUI HEALTHCARE INC. (HuaHuiAnJian),2025-12-31,Current,Capital Invested
A9859d3,Af0082f,Hang Zhou Jin Ling Yang Consulting Limited Company (ZiHaiGuo),2025-12-31,,"Capital Invested, Deal Status"
A9859d3,Af0082f,Happy_seed (Cayman) Limited,2025-12-31,Current,Capital Invested
A9859d3,Af0082f,Howhow Holding Limited (How Wenda),2025-12-31,,"Capital Invested, Deal Status"
A9859d3,Af0082f,"Jiaxing Boji Medical Technology Co., Ltd. (UP Clinic)",2025-12-31,Current,Capital Invested
A9859d3,Af0082f,Lupu Holdings Limited,2025-12-31,Current,Capital Invested
A9859d3,Af0082f,Mallee Tech Holdings Limited,2025-12-31,,"Capital Invested, Deal Status"
A9859d3,Af0082f,MitoQuality Pharmaceuticals Ltd,2025-12-31,Current,Capital Invested
A9859d3,Af0082f,NeXtech (Cayman) Limited (NeuraMatrix),2025-12-31,Current,Capital Invested
A9859d3,Af0082f,OnQuality Pharmaceuticals Ltd. (AnKuo Yiyao),2025-12-31,,"Capital Invested, Deal Status"
A9859d3,Af0082f,Quwan Holding Limited (TT Voice),2025-12-31,Current,Capital Invested
A9859d3,Af0082f,"Rgenta Therapeutics, Inc.",2025-12-31,Current,Capital Invested
A9859d3,Af0082f,"RootPath, Inc. (ChengYuanShengWu)",2025-12-31,Current,Capital Invested
A9859d3,Af0082f,"Shanghai EnnovaBio Pharmaceuticals Co., Ltd. (EnnovaBio)",2025-12-31,Current,Capital Invested
A9859d3,Af0082f,"Shanghai Xizhi Technology Co., Ltd. (LightAI Ltd.)",2025-12-31,Current,Capital Invested
A9859d3,Af0082f,"Shenzhen Smart Manufacturing Software Dev. Co., Ltd. (Zhi Bu)",2025-12-31,Current,Capital Invested
A9859d3,Af0082f,Shoucheng Holdings Limited,2025-12-31,Current,Capital Invested
A9859d3,Af0082f,Smart Drive Information Technology Inc (Lao Siji),2025-12-31,,"Capital Invested, Current Cost, Unrealized Value, Deal Status"
A9859d3,Af0082f,Starfield Food and Science Technology Limited,2025-12-31,Current,Capital Invested
A9859d3,Af0082f,Trussan.com Corporation (PuLan),2025-12-31,Current,Capital Invested
A9859d3,Af0082f,V Light Technologies Limited,2025-12-31,,"Capital Invested, Deal Status"
A9859d3,Af0082f,"Web3.x (FKA ""Blockchain"" ""TokenInsight"")",2025-12-31,Current,Capital Invested
A9859d3,Af0082f,Wecook Inc.,2025-12-31,Current,Capital Invested
A9859d3,Af0082f,Xindebaby Limited. (MUA),2025-12-31,,"Capital Invested, Deal Status"
A9859d3,Af0082f,Xingyun International Company Limited,2025-12-31,Current,Capital Invested
A9859d3,Af0082f,Xolo (Cayman) Limited (Mollybox),2025-12-31,Current,Capital Invested
A9859d3,Af0082f,YESMRO Holdings Limited (YiMaiGongPin),2025-12-31,Current,Capital Invested
A9859d3,Af0082f,YUNYUN Global Limited (Yunyun Story),2025-12-31,,"Capital Invested, Deal Status"
A9859d3,Af0082f,Zhuan Spirit Holdings Limited (ZhuanZhuan),2025-12-31,Current,Capital Invested
A80ede9,Af0082f,"AkroStar Technology Co., Ltd. (XinYaoHui)",2025-12-31,Current,Capital Invested
A80ede9,Af0082f,Ambilight Inc (Guangyi Tech),2025-12-31,Current,Capital Invested
A80ede9,Af0082f,"Anhui Kouweiquan Food Co., Ltd.",2025-12-31,Current,Capital Invested
A80ede9,Af0082f,"BEIJING PROTOGA BIOTECH CO., LTD (Yuanyu Bio)",2025-12-31,Current,Capital Invested
A80ede9,Af0082f,"BITO Robotics (Shanghai) Co., Ltd.",2025-12-31,Current,Capital Invested
A80ede9,Af0082f,"Beijing Biostar Pharmaceuticals Co., Ltd. (HuaHaoZhongTian)",2025-12-31,Current,Capital Invested
A80ede9,Af0082f,"Beijing DP Technology Co.,Ltd (Deep Potential)",2025-12-31,Current,Capital Invested
A80ede9,Af0082f,"Beijing Galaxy-Future Network Technology Co., Ltd. (Xinghan)",2025-12-31,,"Capital Invested, Current Cost, Unrealized Value, Deal Status"
A80ede9,Af0082f,"Beijing Mingzhizhixiang Data Technology Co.,Ltd (Mingzhi Data)",2025-12-31,,"Capital Invested, Current Cost, Unrealized Value, Deal Status"
A80ede9,Af0082f,"Beijing Nuoxinchuanglian Technology CO., Ltd. (Naxions)",2025-12-31,Current,Capital Invested
A80ede9,Af0082f,"Beijing Xiyou Health Technology Co., Ltd",2025-12-31,,"Capital Invested, Current Cost, Unrealized Value, Deal Status"
A80ede9,Af0082f,"Beijing Yiling Chenfei Technology Co., Ltd. (Ealing)",2025-12-31,Current,Capital Invested
A80ede9,Af0082f,Belief BioMed Inc. (XinNian BioMed),2025-12-31,Current,Capital Invested
A80ede9,Af0082f,Burning Galaxy Ltd (Another Earth),2025-12-31,,"Capital Invested, Deal Status"
A80ede9,Af0082f,Bytebase (Cayman) Limited,2025-12-31,Current,Capital Invested
A80ede9,Af0082f,Carticletech Cayman Limited (Chelizi),2025-12-31,Current,Capital Invested
A80ede9,Af0082f,"Cellbri Ark (Shenzhen) Biotech Co., Ltd. (FKA Beijing Cellbri) (Saiqiao Bio)",2025-12-31,Current,Capital Invested
A80ede9,Af0082f,"Chiplite Technology Co., Ltd.",2025-12-31,,"Capital Invested, Deal Status"
A80ede9,Af0082f,City Puzzle Holdings Limited (Didi Freight),2025-12-31,Current,Capital Invested
A80ede9,Af0082f,Coevolution Technologies Investments Limited (Yiwu Tech),2025-12-31,,"Capital Invested, Deal Status"
A80ede9,Af0082f,"Collov, Inc.",2025-12-31,Current,Capital Invested
A80ede9,Af0082f,Colorful Pines Group Limited (HongSongXueTang),2025-12-31,Current,Capital Invested
A80ede9,Af0082f,"D3 Bio, Inc.",2025-12-31,Current,Capital Invested
A80ede9,Af0082f,East Stone Spacelike Limited (Kuaiyin),2025-12-31,Current,Capital Invested
A80ede9,Af0082f,FitVille Brand Group,2025-12-31,Current,Capital Invested
A80ede9,Af0082f,"Flickering Education Technology Co., Limited (Flikering. AI)",2025-12-31,Current,Capital Invested
A80ede9,Af0082f,Frog Social Tech Ltd.,2025-12-31,,"Capital Invested, Deal Status"
A80ede9,Af0082f,Frontis (Xianyuan Tech),2025-12-31,Current,Capital Invested
A80ede9,Af0082f,GAIA STONE LTD.,2025-12-31,Current,Capital Invested
A80ede9,Af0082f,Genor Biopharma Holdings Limited (FKA JHBP),2025-12-31,Current,Capital Invested
A80ede9,Af0082f,Grand Cyclone Holdings Limited (HongJi),2025-12-31,Current,Capital Invested
A80ede9,Af0082f,"Guangzhou Cyberspace Holdings Co., Ltd. (FKA Cyber Space) (Chaojing Automobile)",2025-12-31,Current,Capital Invested
A80ede9,Af0082f,"HOURS Technology Co.,Ltd. (Woshi Tech)",2025-12-31,Current,Capital Invested
A80ede9,Af0082f,"HangZhou Core Control Robotics Co., Ltd. (Xinkong Al)",2025-12-31,Current,Capital Invested
A80ede9,Af0082f,"Hangzhou Baoge electronic commerce Co., Ltd. (Wang Baobao)",2025-12-31,Current,Capital Invested
A80ede9,Af0082f,"Hangzhou Guosheng Tech co.,LTD (Zhongke Guosheng)",2025-12-31,Current,Capital Invested
A80ede9,Af0082f,Hangzhou Partner Pet Co Ltd,2025-12-31,Current,Capital Invested
A80ede9,Af0082f,"Hangzhou Polymed Biopharmaceuticals, Inc (Duoyu)",2025-12-31,Current,Capital Invested
A80ede9,Af0082f,"Hunan Hongchen Catering Management Co.,Ltd (Huanxi Shaomai)",2025-12-31,,"Capital Invested, Deal Status"
A80ede9,Af0082f,"KYINNO BIOTECHNOLOGY CO.,LTD (Kang Yuan Bo Chuang)",2025-12-31,Current,Capital Invested
A80ede9,Af0082f,Link-ic (suzhou) CO. Ltd (Xinling Semi),2025-12-31,Current,Capital Invested
A80ede9,Af0082f,Merico Holdings Inc. (SiMaYi),2025-12-31,Current,Capital Invested
A80ede9,Af0082f,"MolyVivi (Shanghai) Clothing Technology Co., Ltd.",2025-12-31,Current,Capital Invested
A80ede9,Af0082f,"Nanjing Houmo Technology Co., Ltd. (Houmo.Al)",2025-12-31,Current,Capital Invested
A80ede9,Af0082f,"Nanjing Zenshine Pharmaceuticals Co., Ltd.",2025-12-31,Current,Capital Invested
A80ede9,Af0082f,Nebula (Cayman) Limited,2025-12-31,,"Capital Invested, Deal Status"
A80ede9,Af0082f,Neptune Group Holding Limited (Nabai Robotics),2025-12-31,Current,Capital Invested
A80ede9,Af0082f,New Urtopia Holdings Limited,2025-12-31,Current,Capital Invested
A80ede9,Af0082f,"NiKang Therapeutics, Inc.",2025-12-31,Current,Capital Invested
A80ede9,Af0082f,Ntmer Group (Xintian Tech),2025-12-31,,"Capital Invested, Deal Status"
A80ede9,Af0082f,"Nutshell Biotech (Shanghai) Co., Ltd. (Yudao Bio)",2025-12-31,Current,Capital Invested
A80ede9,Af0082f,Olive Health Group (GLZ),2025-12-31,Current,Capital Invested
A80ede9,Af0082f,"Olive Wren, Inc. (SIJO)",2025-12-31,Current,Capital Invested
A80ede9,Af0082f,Onesight Inc. (Yijian Tech),2025-12-31,Current,Capital Invested
A80ede9,Af0082f,PAQ Therapeutics Limited (Paqman),2025-12-31,Current,Capital Invested
A80ede9,Af0082f,Qihan Holdings Limited,2025-12-31,Current,Capital Invested
A80ede9,Af0082f,"Qisheng National Veterinary Hospital Management Co.,Ltd (Mengshou)",2025-12-31,,"Capital Invested, Deal Status"
A80ede9,Af0082f,Quwan Holding Limited,2025-12-31,Current,Capital Invested
A80ede9,Af0082f,"Qyuns Therapeutics Co., Ltd. (Quanxin Bio)",2025-12-31,Current,Capital Invested
A80ede9,Af0082f,RainbowFerry. Inc. (ShaLi Bio),2025-12-31,Current,Capital Invested
A80ede9,Af0082f,Resgo (Cayman) Limited (Shuiwan),2025-12-31,Current,Capital Invested
A80ede9,Af0082f,Ronovo Surgical,2025-12-31,Current,Capital Invested
A80ede9,Af0082f,"SHENZHEN YINGMU TECHNOLOGY CO., LTD (INMO)",2025-12-31,Current,Capital Invested
A80ede9,Af0082f,"SICHUAN MAMA FOODS TECHNOLOGY CO.,LTD. (Jitaitai)",2025-12-31,Current,Capital Invested
A80ede9,Af0082f,SURPATH TECH (CAYMAN) (Yima Tech),2025-12-31,Current,Capital Invested
A80ede9,Af0082f,SciOne Corp.,2025-12-31,,"Capital Invested, Deal Status"
A80ede9,Af0082f,"Senti Biosciences, Inc.",2025-12-31,Current,Capital Invested
A80ede9,Af0082f,Shanghai Cygnus Semiconductor Company Limited (Xingsi Semi),2025-12-31,Current,Capital Invested
A80ede9,Af0082f,Shanghai Jiashang Infomator Technology Ltd. (Zhi Wu Jiao Shou),2025-12-31,,"Capital Invested, Deal Status"
A80ede9,Af0082f,Shanghai RunFeixiandun Catering Management Co Ltd (Runfei),2025-12-31,Current,Capital Invested
A80ede9,Af0082f,"Shanghai Xiguo Sports Apparels Co., Ltd. (Knowin)",2025-12-31,,"Capital Invested, Deal Status"
A80ede9,Af0082f,"Shenzhen Qianhai Duodao Enterprise Management Co., Ltd (LuWeiJueXing)",2025-12-31,Current,Capital Invested
A80ede9,Af0082f,"Shenzhen Snapmaker Technologies Co., Ltd.",2025-12-31,Current,Capital Invested
A80ede9,Af0082f,"Shenzhen Xiaosi Technology Co., Ltd.",2025-12-31,Current,Capital Invested
A80ede9,Af0082f,"Shenzhen ZhiLiu Technology Co., Ltd. (APISeven)",2025-12-31,Current,Capital Invested
A80ede9,Af0082f,Shipu Holding Corporation (iLabService),2025-12-31,Current,Capital Invested
A80ede9,Af0082f,ShuMei Technology Corporation,2025-12-31,Current,Capital Invested
A80ede9,Af0082f,"Skywalker Education Technology Co., Ltd. (Yuanyin Edu)",2025-12-31,Current,Capital Invested
A80ede9,Af0082f,"Suzhou Advaccine Biotechnology Co., Ltd. (FKA Beijing Advaccine) Ordinary",2025-12-31,Current,Capital Invested
A80ede9,Af0082f,Suzhou Affection Animal Pharmaceuticals,2025-12-31,Current,Capital Invested
A80ede9,Af0082f,"Suzhou Bluestone New Power Co., Ltd",2025-12-31,Current,Capital Invested
A80ede9,Af0082f,Talentspark Holding Inc (Jike Interview),2025-12-31,,"Capital Invested, Deal Status"
A80ede9,Af0082f,Taos Data,2025-12-31,Current,Capital Invested
A80ede9,Af0082f,U Power International Limited (Youpao Network),2025-12-31,Current,Capital Invested
A80ede9,Af0082f,Umer Technology (Cayman) Limited (Youmai),2025-12-31,Current,Capital Invested
A80ede9,Af0082f,VASTAI Holding Company (VASTAI Tech),2025-12-31,Current,Capital Invested
A80ede9,Af0082f,VelaCyber Holdings Limited ( Jinghai Tech),2025-12-31,,"Capital Invested, Deal Status"
A80ede9,Af0082f,Vibrant Therapeutics Limited (Xinhua Bio),2025-12-31,Current,Capital Invested
A80ede9,Af0082f,XEPIC Corporation Limited (Xinhuazhang),2025-12-31,Current,Capital Invested
A80ede9,Af0082f,YXT.COM GROUP HOLDING LIMITED (FKA UNICENTURY),2025-12-31,Current,Capital Invested
A80ede9,Af0082f,"ZKnow Technologies Co.,Ltd. (YQcloud)",2025-12-31,Current,Capital Invested
A72f874,Af0082f,Astribot Inc.,2025-12-31,Current,Capital Invested
A72f874,Af0082f,BOTAI Intelligent Equipment (Guangdong) Limited,2025-12-31,Current,Capital Invested
A72f874,Af0082f,BaseCure Therapeutics Inc.,2025-12-31,Current,Capital Invested
A72f874,Af0082f,"Beijing Galbot Co.,Ltd",2025-12-31,Current,Capital Invested
A72f874,Af0082f,Carote Ltd,2025-12-31,Current,Capital Invested
A72f874,Af0082f,"Changzhou Lingyue Equipment Co., Ltd",2025-12-31,Current,Capital Invested
A72f874,Af0082f,Domus Next Limited,2025-12-31,Current,Capital Invested
A72f874,Af0082f,Esquared Capital Limited (Klook),2025-12-31,Current,Capital Invested
A72f874,Af0082f,"Guangdong Advanced Carbon Materials Co., Ltd (Kargen)",2025-12-31,Current,Capital Invested
A72f874,Af0082f,LIGHTSPEED INTELLIGENCE LIMITED,2025-12-31,Current,Capital Invested
A72f874,Af0082f,"Lightwheel Al (Beijing) Technology Co., LTD.",2025-12-31,Current,Capital Invested
A72f874,Af0082f,MiniMax Group Inc.,2025-12-31,Current,Capital Invested
A72f874,Af0082f,"Muke Intelligent Technology (Shenzhen) Co., Ltd.",2025-12-31,Current,Capital Invested
A72f874,Af0082f,Multitude Therapeutics Inc.,2025-12-31,Current,Capital Invested
A72f874,Af0082f,Narrow Path Tech Inc. (YuanShi),2025-12-31,Current,Capital Invested
A72f874,Af0082f,NeuHyll Therapeutics Inc.,2025-12-31,Current,Capital Invested
A72f874,Af0082f,"Ouropia Intelligence Technology Co., Ltd",2025-12-31,Current,Capital Invested
A72f874,Af0082f,"Qidi Technology Co.,Ltd .(Singularity)",2025-12-31,,"Capital Invested, Deal Status"
A72f874,Af0082f,SOLV LEGOS LTD.,2025-12-31,Current,Capital Invested
A72f874,Af0082f,Sandai Holdings Limited,2025-12-31,Current,Capital Invested
A72f874,Af0082f,Seed Investments,2025-12-31,Current,Capital Invested
A72f874,Af0082f,Semi Tech Group Ltd.,2025-12-31,Current,Capital Invested
A72f874,Af0082f,ShenZhen LingDeChuang Technology Limited (LDC),2025-12-31,Current,Capital Invested
A72f874,Af0082f,"Shenzhen Mondo Technology Co., Ltd. (Gamebot)",2025-12-31,Current,Capital Invested
A72f874,Af0082f,"Shenzhen Yunmo Star Artificial Intelligence Co., Ltd.",2025-12-31,Current,Capital Invested
A72f874,Af0082f,Singfilm Solar Pte. Ltd.,2025-12-31,Current,Capital Invested
A72f874,Af0082f,"Suzhou Lapsen Intelligent Technology Co., Ltd",2025-12-31,Current,Capital Invested
A72f874,Af0082f,Suzhou ReCloud iService Information Technology,2025-12-31,Current,Capital Invested
A72f874,Af0082f,Suzhou SiliconRoad Semiconductor Ltd (SRS),2025-12-31,Current,Capital Invested
A72f874,Af0082f,"Ti5robot Technology Shanghai Co., Ltd.",2025-12-31,Current,Capital Invested
A72f874,Af0082f,TowardPi (Beijing) Medical Technology Ltd.,2025-12-31,Current,Capital Invested
A72f874,Af0082f,WSPN Holding Limited,2025-12-31,Current,Capital Invested
A2234f1,A12c595,"Apollo Graph, Inc.",2025-12-31,Current,Capital Invested
A2234f1,A12c595,"Canva, Inc.",2025-12-31,Current,Capital Invested
A2234f1,A12c595,"CloudBees, Inc.",2025-12-31,Current,Capital Invested
A2234f1,A12c595,"Machinify, Inc.",2025-12-31,Current,Capital Invested
A2234f1,A12c595,"Salsify, Inc.",2025-12-31,Current,Capital Invested
A2234f1,A12c595,"Savage X Holding, LLC",2025-12-31,Current,Capital Invested
A2234f1,A12c595,"Sila Nanotechnologies, Inc.",2025-12-31,Current,Capital Invested
A2234f1,A12c595,"Techstyle, Inc. (Fabletics, Inc.)",2025-12-31,Current,Capital Invested
A2f629e,Acc91f3,Dividends,2025-12-31,Fully Exited,Capital Invested
Aef37a9,A12c595,Xtalic Corporation,2025-12-31,Current,Capital Invested
A77a5f6,A12c595,"15Five, Inc.",2025-12-31,Current,Capital Invested
A77a5f6,A12c595,"1661, Inc. (dba GOAT)",2025-12-31,Current,Capital Invested
A77a5f6,A12c595,"Activehours, Inc. (dba Earnin)",2025-12-31,Current,Capital Invested
A77a5f6,A12c595,"Apartment List, Inc.",2025-12-31,Current,Capital Invested
A77a5f6,A12c595,CloudZero Inc.,2025-12-31,Current,Capital Invested
A77a5f6,A12c595,"Jobvite Topco, LLC (dba Employ)",2025-12-31,Current,Capital Invested
A77a5f6,A12c595,Joya Communications Inc. (dba Marco Polo),2025-12-31,Current,Capital Invested
A77a5f6,A12c595,"Lightmatter, Inc.",2025-12-31,Current,Capital Invested
A77a5f6,A12c595,"LogRocket, Inc.",2025-12-31,Current,Capital Invested
A77a5f6,A12c595,Mashgin Inc.,2025-12-31,Current,Capital Invested
A77a5f6,A12c595,Owl Labs Inc.,2025-12-31,Current,Capital Invested
A77a5f6,A12c595,"Parabola Labs, Inc.",2025-12-31,Current,Capital Invested
A77a5f6,A12c595,Pending Esrow,2025-12-31,Current,Capital Invested
A77a5f6,A12c595,Qrativ Holdings LLC (nference JV),2025-12-31,Current,Capital Invested
A77a5f6,A12c595,Seed Investments,2025-12-31,Current,Capital Invested
A77a5f6,A12c595,"Side, Inc. (Reside Network, Inc. (Wayfinding, Inc.))",2025-12-31,Current,Capital Invested
A23025c,A12c595,"Centaur Diagnostics, Inc.",2025-12-31,Current,Capital Invested
A23025c,A12c595,Concreit Inc.,2025-12-31,Current,Capital Invested
A23025c,A12c595,"Educative, Inc.",2025-12-31,Current,Capital Invested
A23025c,A12c595,Fivetran Inc.,2025-12-31,Current,Capital Invested
A23025c,A12c595,"Flexible Finance, Inc.",2025-12-31,Current,Capital Invested
A23025c,A12c595,Flock Group Inc (dba Flock Safety),2025-12-31,Current,Capital Invested
A23025c,A12c595,"Glean Data, Inc. (dba Hashboard)",2025-12-31,Current,Capital Invested
A23025c,A12c595,Hookdeck Technologies Inc.,2025-12-31,Current,Capital Invested
A23025c,A12c595,Huma Therapeutics Limited,2025-12-31,Current,Capital Invested
A23025c,A12c595,"Infinity Al, Inc.",2025-12-31,Current,Capital Invested
A23025c,A12c595,Keeper Tax Inc.,2025-12-31,Current,Capital Invested
A23025c,A12c595,"LightForce Orthodontics, Inc.",2025-12-31,Current,Capital Invested
A23025c,A12c595,"Luma Al, Inc.",2025-12-31,Current,Capital Invested
A23025c,A12c595,"Mesa Financial, Inc.",2025-12-31,Current,Capital Invested
A23025c,A12c595,Seed Investments,2025-12-31,Current,Capital Invested
A23025c,A12c595,Smartcat Group Inc.,2025-12-31,Current,Capital Invested
A23025c,A12c595,"Steadily, Inc.",2025-12-31,Current,Capital Invested
A23025c,A12c595,Trisk Bio Ltd,2025-12-31,Current,Capital Invested
A23025c,A12c595,"TrueMeeting, Inc. (dba CommonGround)",2025-12-31,Current,Capital Invested
A23025c,A12c595,"trycourier.com, Inc. (dba Courier)",2025-12-31,Current,Capital Invested
A6f76d1,khepcn,Enfabrica,2025-12-31,Partially Exited,Current Cost
A8b6332,A899074,"NP Kaba Holdings, LP",2025-12-31,,"Capital Invested, Current Cost, Unrealized Value, Deal Status"
A19d854,A899074,"NP Kaba Holdings, LP",2025-12-31,,"Capital Invested, Current Cost, Unrealized Value, Deal Status"
Afed02f,A899074,"NP Kaba Holdings, LP",2025-12-31,,"Capital Invested, Current Cost, Unrealized Value, Deal Status"
Afed02f,A899074,"Nautic Senderra Rx Investments, LP",2025-12-31,,"Capital Invested, Current Cost, Unrealized Value, Deal Status"
A32ca97,Ac1f496,Amsino Medical,2025-12-31,Current,Current Cost
A32ca97,Ac1f496,TDConnex Global,2025-12-31,Current,Current Cost
A8cbf09,A3d16f4,Lit Communities,2025-12-31,,"Capital Invested, Current Cost, Unrealized Value, Deal Status"
A8b56b9,Af8a639,Nand,2025-12-31,Current,Geographic Focus
Afb294f,A4a62c2,Holiday Property Partners LLC,2025-12-31,Current,Capital Invested
Afb294f,A4a62c2,Oriental Weavers Carpet Company,2025-12-31,Current,Capital Invested
Afb294f,A4a62c2,South America - Real Estate,2025-12-31,Current,Capital Invested
Afb294f,A4a62c2,United States - Oil & Gas Exploration,2025-12-31,Current,Capital Invested
Ac01bd2,A4a62c2,Argentina - Energy,2025-12-31,Current,Capital Invested
Ac01bd2,A4a62c2,First American Financial Corporation,2025-12-31,Current,Capital Invested
Ac01bd2,A4a62c2,France - Consumer Staples,2025-12-31,Current,Capital Invested
Ac01bd2,A4a62c2,Other - United States - Consumer Staples,2025-12-31,,"Capital Invested, Deal Status"
Ac01bd2,A4a62c2,Other - United States - Financial,2025-12-31,Current,Capital Invested
Ac01bd2,A4a62c2,Other - United States - Information Technology,2025-12-31,Current,Capital Invested
Ac01bd2,A4a62c2,Other - United States - Real Estate,2025-12-31,Current,Capital Invested
Ac01bd2,A4a62c2,Other - United States - Technology,2025-12-31,Current,Capital Invested
Ac01bd2,A4a62c2,Performance Food Group Company,2025-12-31,Current,Capital Invested
Ac01bd2,A4a62c2,Perren Capital Holdings Ltd,2025-12-31,Current,Capital Invested
Ac01bd2,A4a62c2,SSP Group PLC,2025-12-31,Current,Capital Invested
Ac01bd2,A4a62c2,"TidalX AI, Inc.",2025-12-31,Current,Capital Invested
Ac01bd2,A4a62c2,United States - Consumer Staples,2025-12-31,Current,Capital Invested
Ac01bd2,A4a62c2,United States - Financial,2025-12-31,Current,Capital Invested
Ac01bd2,A4a62c2,United States - Industrial,2025-12-31,Current,Capital Invested
Ac01bd2,A4a62c2,United States - Quantitative,2025-12-31,Current,Capital Invested
Ac01bd2,A4a62c2,Waymo LLC,2025-12-31,Current,Capital Invested
A13f39c,A4a62c2,Cayman Islands-Financial Services,2025-12-31,Current,Capital Invested
A13f39c,A4a62c2,Encore SPV I LLC,2025-12-31,Current,Capital Invested
A13f39c,A4a62c2,Grindr,2025-12-31,Current,Capital Invested
A13f39c,A4a62c2,ICON PUBLIC LIMITED COMPANY,2025-12-31,Current,Capital Invested
A13f39c,A4a62c2,Perren Capital Holdings Ltd,2025-12-31,Current,Capital Invested
A13f39c,A4a62c2,Technology - United States - Insurance,2025-12-31,Current,Capital Invested
A13f39c,A4a62c2,VAIL RESORTS INC.,2025-12-31,Current,Capital Invested
A13f39c,A4a62c2,Wood Canoe LLC,2025-12-31,Current,Capital Invested
A729d8b,A4a62c2,Alphabet CLA,2025-12-31,Current,Capital Invested
A729d8b,A4a62c2,First American Financial Corporation,2025-12-31,Current,Capital Invested
A729d8b,A4a62c2,France - Consumer Staples,2025-12-31,Current,Capital Invested
A729d8b,A4a62c2,Other - United States - Technology,2025-12-31,Current,Capital Invested
A729d8b,A4a62c2,Performance Food Group Company,2025-12-31,Current,Capital Invested
A729d8b,A4a62c2,Perren Capital Holdings Ltd,2025-12-31,Current,Capital Invested
A729d8b,A4a62c2,SSP Group PLC,2025-12-31,Current,Capital Invested
A729d8b,A4a62c2,"TidalX AI, Inc.",2025-12-31,Current,Capital Invested
A729d8b,A4a62c2,United States - Consumer Staples,2025-12-31,Current,Capital Invested
A729d8b,A4a62c2,United States - Financial,2025-12-31,Current,Capital Invested
A729d8b,A4a62c2,United States - Industrial,2025-12-31,Current,Capital Invested
A729d8b,A4a62c2,United States - Information Technology,2025-12-31,Current,Capital Invested
A729d8b,A4a62c2,United States - Quantitative,2025-12-31,Current,Capital Invested
A729d8b,A4a62c2,United States - Real Estate,2025-12-31,Current,Capital Invested
A729d8b,A4a62c2,Waymo LLC,2025-12-31,Current,Capital Invested
Ac33ef9,A0f94cb,Relyion Energy Inc.,2025-12-31,Written Down,Capital Invested
A3fdcff,A8bd477,"Inspire Brands, Inc.",2025-12-31,Partially Exited,Capital Invested
Aff00c9,A02306d,"ROF V DTSD Properties, LLC",2025-12-31,,"Capital Invested, Deal Status"
A1d6a44,A02306d,"ROF V 816 Congress, LLC",2025-12-31,Current,Capital Invested
Aec91fb,Aeedbe6,Recycled Investment,2025-12-31,Fully Exited,Geographic Focus
Ae3893b,A02306d,"111 NL Investment, LLC",2025-12-31,Current,Capital Invested
Ae3893b,A02306d,816 Congress,2025-12-31,Current,Capital Invested
Ae3893b,A02306d,816 Investors,2025-12-31,Current,Capital Invested
Ae3893b,A02306d,D'Andrea,2025-12-31,Current,Capital Invested
Ae3893b,A02306d,Downtown San Diego Portfolio (DTSD),2025-12-31,Current,Capital Invested
Ae3893b,A02306d,Linear,2025-12-31,Current,Capital Invested
Ae3893b,A02306d,Maia Avira,2025-12-31,,"Capital Invested, Current Cost, Unrealized Value, Deal Status"
Ae3893b,A02306d,McKinley,2025-12-31,Current,Capital Invested
Ae3893b,A02306d,Roosevelt Row,2025-12-31,,"Capital Invested, Current Cost, Unrealized Value, Deal Status"
Ae3893b,A02306d,"Salt Flats Investments, LLC",2025-12-31,Current,Capital Invested
Ae3893b,A02306d,Trammel Crow Center,2025-12-31,Current,Capital Invested
Ae3893b,A02306d,iLuminate,2025-12-31,Current,Capital Invested
Af6593f,A8bd477,Inspire Brands,2025-12-31,Partially Exited,Capital Invested
Afd1cbe,A8bd477,Atkins Nutritionals,2025-12-31,Fully Exited,Capital Invested
Afd1cbe,A8bd477,Corner Bakery,2025-12-31,Fully Exited,Capital Invested
Afd1cbe,A8bd477,GFL,2025-12-31,Fully Exited,Capital Invested
Afd1cbe,A8bd477,Inspire Brands,2025-12-31,Fully Exited,Capital Invested
Afd1cbe,A8bd477,Installation Made Easy,2025-12-31,Fully Exited,Capital Invested
Afd1cbe,A8bd477,Peachtree Business Products,2025-12-31,Fully Exited,Capital Invested
Afd1cbe,A8bd477,Pet Retail Brands,2025-12-31,Fully Exited,Capital Invested
Afd1cbe,A8bd477,Primrose Schools,2025-12-31,Fully Exited,Capital Invested
Afd1cbe,A8bd477,Quala,2025-12-31,Fully Exited,Capital Invested
Afd1cbe,A8bd477,Waste Pro,2025-12-31,Fully Exited,Capital Invested
Afd1cbe,A8bd477,Wingstop,2025-12-31,Fully Exited,Capital Invested
A99e32e,A8bd477,CKE,2025-12-31,Partially Exited,Capital Invested
A99e32e,A8bd477,Driven,2025-12-31,Partially Exited,Capital Invested
A99e32e,A8bd477,Massage Envy,2025-12-31,Partially Exited,Capital Invested
A99e32e,A8bd477,Miller's Ale House,2025-12-31,Partially Exited,Capital Invested
A99e32e,A8bd477,Naf Naf Grill,2025-12-31,Written Off,Capital Invested
A99e32e,A8bd477,Orangetheory Fitness,2025-12-31,Fully Exited,Capital Invested
A99e32e,A8bd477,Pet Retail Brands,2025-12-31,Fully Exited,Capital Invested
A99e32e,A8bd477,Purpose Brands,2025-12-31,Partially Exited,Capital Invested
A99e32e,A8bd477,Solterra,2025-12-31,Fully Exited,Capital Invested
A996a8a,A8bd477,Culver's,2025-12-31,Partially Exited,Capital Invested
A996a8a,A8bd477,Driven,2025-12-31,Partially Exited,Capital Invested
A996a8a,A8bd477,Drybar,2025-12-31,Fully Exited,Capital Invested
A996a8a,A8bd477,Great Expressions,2025-12-31,Written Off,Capital Invested
A996a8a,A8bd477,"Inspire Brands, Inc.",2025-12-31,Partially Exited,Capital Invested
A996a8a,A8bd477,JNN,2025-12-31,Partially Exited,Capital Invested
A996a8a,A8bd477,Subway,2025-12-31,Partially Exited,Capital Invested
Ace087b,A8bd477,Cheesecake Factory,2025-12-31,Fully Exited,Capital Invested
Ace087b,A8bd477,DMG,2025-12-31,Partially Exited,Capital Invested
Ace087b,A8bd477,Fitness Connection,2025-12-31,"Partially Exited, Remainder Written Down",Capital Invested
Ace087b,A8bd477,Inspire Brands (ARG Investment Corp. (Arby's)),2025-12-31,Partially Exited,Capital Invested
Ace087b,A8bd477,NbC,2025-12-31,Partially Exited,Capital Invested
Ace087b,A8bd477,SMB,2025-12-31,Partially Exited,Capital Invested
Ace087b,A8bd477,Subway,2025-12-31,Partially Exited,Capital Invested
Ace087b,A8bd477,YEB,2025-12-31,Partially Exited,Capital Invested
Aadd548,A8bd477,Asset Living,2025-12-31,Partially Exited,Capital Invested
Aadd548,A8bd477,Mathnasium,2025-12-31,Partially Exited,Capital Invested
Aadd548,A8bd477,NbC,2025-12-31,Partially Exited,Capital Invested
Aadd548,A8bd477,Parts Town,2025-12-31,Partially Exited,Capital Invested
Aadd548,A8bd477,Subway,2025-12-31,Partially Exited,Capital Invested
A073c3d,A8bd477,Inspire Brands,2025-12-31,Partially Exited,Capital Invested
A048b87,Adad2f2,800 Corporate Pointe,2025-12-31,Fully Exited,Capital Invested
A048b87,Adad2f2,Crossroads Business Center,2025-12-31,Fully Exited,Capital Invested
A048b87,Adad2f2,Great America Tech Center,2025-12-31,Fully Exited,Capital Invested
A048b87,Adad2f2,Las Cimas II and III,2025-12-31,Fully Exited,Capital Invested
A048b87,Adad2f2,Metro 101,2025-12-31,Fully Exited,Capital Invested
A048b87,Adad2f2,Northview Corporate Center,2025-12-31,Fully Exited,Capital Invested
A048b87,Adad2f2,PG Joint Venture,2025-12-31,Written Off,Capital Invested
A048b87,Adad2f2,Riata Corporate Park,2025-12-31,Fully Exited,Capital Invested
A048b87,Adad2f2,Riata Crossing,2025-12-31,Fully Exited,Capital Invested
A048b87,Adad2f2,The Campus at Legacy,2025-12-31,Fully Exited,Capital Invested
A048b87,Adad2f2,The Flour Milld,2025-12-31,Fully Exited,Capital Invested
A124f9d,A026529,Everyday Intelligence,2025-12-31,,"Capital Invested, Current Cost, Unrealized Value, Deal Status"
A124f9d,A026529,"Powerset I, L.P.",2025-12-31,,"Capital Invested, Current Cost, Unrealized Value, Deal Status"
A2989df,A86463a,NPI Royalties Fair Value,2025-12-31,Current,"Capital Invested, Current Cost"
A2b73e4,Ad647a1,"Altimeter Atlas Fund I, L.P.",2025-12-31,,"Capital Invested, Current Cost, Unrealized Value, Deal Status"
A2b73e4,Ad647a1,"CRV XVII-T, LP",2025-12-31,,"Capital Invested, Current Cost, Unrealized Value, Deal Status"
A2b73e4,Ad647a1,"Columbia Spectrum Partners VI-A, L.P.",2025-12-31,,"Capital Invested, Current Cost, Unrealized Value, Deal Status"
A2b73e4,Ad647a1,Confidential Direct 14870,2025-12-31,Written Off,"Sector, Geographic Focus"
A2b73e4,Ad647a1,Confidential Direct,2025-12-31,Written Off,"Sector, Geographic Focus"
A2b73e4,Ad647a1,"Fundomo ET001, LP",2025-12-31,,"Capital Invested, Current Cost, Unrealized Value, Deal Status"
A2b73e4,Ad647a1,"Georgian Fund VI C Invest-B, LP",2025-12-31,,"Capital Invested, Current Cost, Unrealized Value, Deal Status"
A2b73e4,Ad647a1,Glade Brook Private Investors XLIII LP,2025-12-31,,"Capital Invested, Current Cost, Unrealized Value, Deal Status"
A2b73e4,Ad647a1,Glade Brook Strategic Growth III LP,2025-12-31,,"Capital Invested, Current Cost, Unrealized Value, Deal Status"
A2b73e4,Ad647a1,HotWheels Co-Invest LP,2025-12-31,,"Capital Invested, Current Cost, Unrealized Value, Deal Status"
A2b73e4,Ad647a1,KWI Cyber Holdings LLC,2025-12-31,Written Off,Capital Invested
A2b73e4,Ad647a1,"Lavrock Castelion-P, LLC",2025-12-31,,"Capital Invested, Current Cost, Unrealized Value, Deal Status"
A2b73e4,Ad647a1,"Redpoint Omega IV-I, L.P.",2025-12-31,,"Capital Invested, Current Cost, Unrealized Value, Deal Status"
A2b73e4,Ad647a1,S Squared END LP,2025-12-31,,"Capital Invested, Current Cost, Unrealized Value, Deal Status"
A2b73e4,Ad647a1,"SSCRV Capital F, LP",2025-12-31,,"Capital Invested, Current Cost, Unrealized Value, Deal Status"
A2b73e4,Ad647a1,"Stripes VI Crimson Co-Invest, LP",2025-12-31,,"Capital Invested, Current Cost, Unrealized Value, Deal Status"
A2b73e4,Ad647a1,"Thrive Capital Partners IX Growth-E, LLC",2025-12-31,,"Capital Invested, Current Cost, Unrealized Value, Deal Status"
Af3dbec,Aa8e77d,GlobalWebIndex Holdings Ltd.,2025-12-31,Partially Exited,Current Cost
Af3dbec,Aa8e77d,"Island Technology, Inc.",2025-12-31,Partially Exited,Current Cost
Af3dbec,Aa8e77d,"Kith Retail, LLC",2025-12-31,Partially Exited,Current Cost
Af3dbec,Aa8e77d,"Kosas Cosmetics, LLC",2025-12-31,Partially Exited,Current Cost
Af3dbec,Aa8e77d,"Levain Bakery, LLC",2025-12-31,Partially Exited,Current Cost
Af3dbec,Aa8e77d,"Nowhere Holdco, LLC dba Erewhon Natural Foods",2025-12-31,Partially Exited,Current Cost
Af3dbec,Aa8e77d,"Paradox, Inc.",2025-12-31,Partially Exited,Current Cost
Af3dbec,Aa8e77d,"VerbIt, Inc.",2025-12-31,Partially Exited,Current Cost
Aa0a993,Aa8e77d,"Cards Parent LP (""Collector's Universe"")",2025-12-31,Partially Exited,Current Cost
Aa0a993,Aa8e77d,"Harvest Hosts Parent, LLC (dba HarvestHost)",2025-12-31,Partially Exited,Current Cost
Aa0a993,Aa8e77d,"Paradox, Inc.",2025-12-31,Partially Exited,Current Cost
Aa0a993,Aa8e77d,"Zero Abstraction, Inc. (dba Island)",2025-12-31,Partially Exited,Current Cost
Ae66dbf,A97e2ad,"StubHub Holdings, Inc.",2025-12-31,Partially Exited,Current Cost
Af4e6f7,A026fe6,Champion Elevator Holding Corporation,2025-12-31,Partially Exited,Capital Invested
Af4e6f7,A026fe6,TS-Grove Pt Marinas,2025-12-31,Partially Exited,Capital Invested
Af4e6f7,A026fe6,"TSRV-A, LLC",2025-12-31,Written Off,Capital Invested
Ad5c332,A97e2ad,"The Jameson at Wood Quay, LLC",2025-12-31,Partially Exited,Current Cost
A56bafa,Ab27df1,Produce Pay Inc.,2025-12-31,Fully Exited,Capital Invested
A28fbd7,A24f078,Assured Insurance Technologies Inc.,2025-12-31,Current,Capital Invested
A28fbd7,A24f078,Cerebras Systems Inc.,2025-12-31,Current,Capital Invested
A28fbd7,A24f078,Consolidated Placeholder Investments*,2025-12-31,Current,Capital Invested
A28fbd7,A24f078,Enfabrica Corporation,2025-12-31,,"Capital Invested, Deal Status"
A28fbd7,A24f078,"Matic Robots, Inc.",2025-12-31,Current,Capital Invested
A28fbd7,A24f078,VAAI Alta Holdings L.P.,2025-12-31,Current,Capital Invested
A28fbd7,A24f078,VAAI Bedrock Robotics Holdings L.P.,2025-12-31,Current,Capital Invested
A28fbd7,A24f078,VAAI CSpeed Holdings L.P.,2025-12-31,Current,Capital Invested
A28fbd7,A24f078,VAAI Celero Holdings L.P.,2025-12-31,Current,Capital Invested
A28fbd7,A24f078,"VAAI Element Labs Holdings, LLC",2025-12-31,Current,Capital Invested
A28fbd7,A24f078,VAAI Loop Holdings L.P.,2025-12-31,Current,Capital Invested
A28fbd7,A24f078,VAAI Overland Holdings L.P.,2025-12-31,Current,Capital Invested
A28fbd7,A24f078,"VAAI Positron AI Holdings, L.P.",2025-12-31,Current,Capital Invested
A28fbd7,A24f078,VAAI Sentra Holdings L.P.,2025-12-31,Current,Capital Invested
Ad893bb,A775492,AMI Labs,2025-12-31,,"Capital Invested, Current Cost, Unrealized Value, Deal Status"
Ad893bb,A775492,Bead AI,2025-12-31,,"Capital Invested, Current Cost, Unrealized Value, Deal Status"
Ad893bb,A775492,Bespoke Labs,2025-12-31,,"Capital Invested, Current Cost, Unrealized Value, Deal Status"
Ad893bb,A775492,Mendra's,2025-12-31,,"Capital Invested, Current Cost, Unrealized Value, Deal Status"
Ad893bb,A775492,SF Compute,2025-12-31,,"Capital Invested, Current Cost, Unrealized Value, Deal Status"
Aa967c0,Afc0dbf,"8000 Tartak Street Owner LLC (""Embassy Suites"")",2025-09-30,Current,Capital Invested
Ad52755,A664a6a,"Paymerang, LLC",2025-09-30,Fully Exited,Capital Invested
Ab73bb9,A664a6a,"eHealth Global Technologies, Inc",2025-09-30,Current,Capital Invested
Ae4d9bf,Ab26f76,AG CC Funding II,2025-09-30,Partially Exited,Current Cost
Ae4d9bf,Ab26f76,Advanced Medaesthetic Partners,2025-09-30,Partially Exited,Current Cost
Ae4d9bf,Ab26f76,Apex Tool,2025-09-30,Partially Exited,Current Cost
Ae4d9bf,Ab26f76,Ardagh,2025-09-30,Partially Exited,Current Cost
Ae4d9bf,Ab26f76,Argano,2025-09-30,Partially Exited,Current Cost
Ae4d9bf,Ab26f76,Bally's Corporation,2025-09-30,Partially Exited,Current Cost
Ae4d9bf,Ab26f76,Bluestar,2025-09-30,Partially Exited,Current Cost
Ae4d9bf,Ab26f76,Brightspeed,2025-09-30,,Deal Status
Ae4d9bf,Ab26f76,CSC Holdings,2025-09-30,Partially Exited,Current Cost
Ae4d9bf,Ab26f76,Concora Credit Inc.,2025-09-30,Partially Exited,Current Cost
Ae4d9bf,Ab26f76,Covis Pharma,2025-09-30,Partially Exited,Current Cost
Ae4d9bf,Ab26f76,D4C Dental Brands,2025-09-30,Partially Exited,Current Cost
Ae4d9bf,Ab26f76,DFH Gruppe,2025-09-30,Partially Exited,Current Cost
Ae4d9bf,Ab26f76,Dish,2025-09-30,Partially Exited,Current Cost
Ae4d9bf,Ab26f76,Essential Housing II,2025-09-30,Partially Exited,Current Cost
Ae4d9bf,Ab26f76,Essential Housing III,2025-09-30,Partially Exited,Current Cost
Ae4d9bf,Ab26f76,Fellers,2025-09-30,Partially Exited,Current Cost
Ae4d9bf,Ab26f76,Frontline Dental,2025-09-30,Partially Exited,Current Cost
Ae4d9bf,Ab26f76,GTT Communications,2025-09-30,Partially Exited,Current Cost
Ae4d9bf,Ab26f76,Gateway Casinos,2025-09-30,Partially Exited,Current Cost
Ae4d9bf,Ab26f76,Hilco Global,2025-09-30,Partially Exited,Current Cost
Ae4d9bf,Ab26f76,Moda Homes,2025-09-30,Partially Exited,Current Cost
Ae4d9bf,Ab26f76,Mountain House,2025-09-30,Partially Exited,Current Cost
Ae4d9bf,Ab26f76,NGL Energy Partners,2025-09-30,Partially Exited,Current Cost
Ae4d9bf,Ab26f76,Ocelot Bidco,2025-09-30,Partially Exited,Current Cost
Ae4d9bf,Ab26f76,One Lake,2025-09-30,Partially Exited,Current Cost
Ae4d9bf,Ab26f76,Peerage Realty Partners,2025-09-30,Partially Exited,Current Cost
Ae4d9bf,Ab26f76,Polaris Pharmacy Services,2025-09-30,Partially Exited,Current Cost
Ae4d9bf,Ab26f76,Priority Waste,2025-09-30,Partially Exited,Current Cost
Ae4d9bf,Ab26f76,Q Land,2025-09-30,Partially Exited,Current Cost
Ae4d9bf,Ab26f76,Realogy Holdings Corp,2025-09-30,Partially Exited,Current Cost
Ae4d9bf,Ab26f76,Revlon II,2025-09-30,Partially Exited,Current Cost
Ae4d9bf,Ab26f76,Ricochet,2025-09-30,Partially Exited,Current Cost
Ae4d9bf,Ab26f76,SJV Homes,2025-09-30,Partially Exited,Current Cost
Ae4d9bf,Ab26f76,Secure Energy,2025-09-30,Partially Exited,Current Cost
Ae4d9bf,Ab26f76,Syndesis,2025-09-30,Partially Exited,Current Cost
Ae4d9bf,Ab26f76,Technicolor III,2025-09-30,Partially Exited,Current Cost
Ae4d9bf,Ab26f76,Trinseo,2025-09-30,Partially Exited,Current Cost
Ae4d9bf,Ab26f76,VAC,2025-09-30,Partially Exited,Current Cost
Ae4d9bf,Ab26f76,X Corp,2025-09-30,Partially Exited,Current Cost
Ab3ea87,A5d1a01,OptiGroup,2025-09-30,,"Capital Invested, Current Cost, Unrealized Value, Deal Status"
Ab3ea87,A5d1a01,Q-Matic,2025-09-30,,"Capital Invested, Current Cost, Unrealized Value, Deal Status"
Ae7bb35,A5d1a01,Alo,2025-09-30,,"Capital Invested, Current Cost, Unrealized Value, Deal Status"
Ae7bb35,A5d1a01,Apotek Hjrtat,2025-09-30,,"Capital Invested, Current Cost, Unrealized Value, Deal Status"
Ae7bb35,A5d1a01,CARNEO CWW,2025-09-30,Current,Capital Invested
Ae7bb35,A5d1a01,CTEK,2025-09-30,,"Capital Invested, Current Cost, Unrealized Value, Deal Status"
Ae7bb35,A5d1a01,Curato,2025-09-30,,"Capital Invested, Current Cost, Unrealized Value, Deal Status"
Ae7bb35,A5d1a01,EWOS,2025-09-30,,"Capital Invested, Current Cost, Unrealized Value, Deal Status"
Ae7bb35,A5d1a01,Eltek,2025-09-30,,"Capital Invested, Current Cost, Unrealized Value, Deal Status"
Ae7bb35,A5d1a01,FMD,2025-09-30,,"Capital Invested, Current Cost, Unrealized Value, Deal Status"
Ae7bb35,A5d1a01,Max Matthiessen,2025-09-30,,"Capital Invested, Current Cost, Unrealized Value, Deal Status"
Ae7bb35,A5d1a01,Meltwater,2025-09-30,,"Capital Invested, Current Cost, Unrealized Value, Deal Status"
Ae7bb35,A5d1a01,Norsk Gjenvinning,2025-09-30,,"Capital Invested, Current Cost, Unrealized Value, Deal Status"
Ae7bb35,A5d1a01,Nova Austral,2025-09-30,,"Capital Invested, Current Cost, Unrealized Value, Deal Status"
Ae7bb35,A5d1a01,ONE Nordic,2025-09-30,,"Capital Invested, Current Cost, Unrealized Value, Deal Status"
Ae7bb35,A5d1a01,Orchid,2025-09-30,,"Capital Invested, Deal Status"
Ae7bb35,A5d1a01,SATS,2025-09-30,,"Capital Invested, Current Cost, Unrealized Value, Deal Status"
Ae7bb35,A5d1a01,Sonion,2025-09-30,,"Capital Invested, Current Cost, Unrealized Value, Deal Status"
Ab89eda,A619a99,"AMCR CO., LTD (through Apollo New Growth No. 1 LLC)",2025-09-30,Current,Capital Invested
Ab89eda,A619a99,"Akros Index Engineering, Inc.",2025-09-30,Current,Capital Invested
Ab89eda,A619a99,"Akros Technologies, Inc.",2025-09-30,Current,Capital Invested
Ab89eda,A619a99,"BPLANT Co., Ltd",2025-09-30,Current,Capital Invested
Ab89eda,A619a99,Channel Corporation,2025-09-30,Current,Capital Invested
Ab89eda,A619a99,"Cinamon, Inc.",2025-09-30,Current,Capital Invested
Ab89eda,A619a99,"Danggeun Market, Inc.",2025-09-30,Current,Capital Invested
Ab89eda,A619a99,"Hemeko, Inc.",2025-09-30,Current,Capital Invested
Ab89eda,A619a99,"INTEGRATION Co., Ltd.",2025-09-30,Current,Capital Invested
Ab89eda,A619a99,KREAM Corporation,2025-09-30,Current,Capital Invested
Ab89eda,A619a99,Lifegoeson Company Corp. (dba Laundrygo),2025-09-30,Current,Capital Invested
Ab89eda,A619a99,Marq Vision Inc.,2025-09-30,Current,Capital Invested
Ab89eda,A619a99,Mel Inc.,2025-09-30,Current,Capital Invested
Ab89eda,A619a99,"Mine.is, Inc. (Dba. Charan)",2025-09-30,Current,Capital Invested
Ab89eda,A619a99,Mofac Studio,2025-09-30,Current,Capital Invested
Ab89eda,A619a99,NIRVANANA INC.,2025-09-30,Current,Capital Invested
Ab89eda,A619a99,PI Corporation,2025-09-30,Current,Capital Invested
Ab89eda,A619a99,Pointbreak Inc.,2025-09-30,Current,Capital Invested
Ab89eda,A619a99,Soombit.ai Inc.,2025-09-30,Current,Capital Invested
Ab89eda,A619a99,"TainAI, Inc.",2025-09-30,Current,Capital Invested
Ab89eda,A619a99,"TechTaka Co., Ltd. (dba ARGO)",2025-09-30,Current,Capital Invested
Ab89eda,A619a99,Toss Bank,2025-09-30,Current,Capital Invested
Ab89eda,A619a99,"Troph Inc., (dba PixAl)",2025-09-30,Current,Capital Invested
A6fcde0,A6f625f,"AIM Parent Holdings, LLC",2025-09-30,Current,Capital Invested
A6fcde0,A6f625f,"ARF CLC Holdings, LLC",2025-09-30,Current,Capital Invested
A6fcde0,A6f625f,"American Tanker Holding Company, Inc.",2025-09-30,Current,Capital Invested
A6fcde0,A6f625f,"MG Transport Holdings, LLC",2025-09-30,Current,Capital Invested
A6fcde0,A6f625f,Other Investments,2025-09-30,Current,Capital Invested
A6fcde0,A6f625f,U.S. Marine Management LLC,2025-09-30,Current,Capital Invested
A80d33a,Ad15ca3,Armour Group Limited,2025-09-30,Current,Capital Invested
A3cb5c7,A109e0f,"AP Fund Holdings, LP",2025-09-30,Current,Capital Invested
A3cb5c7,A109e0f,"Ara AG Fiber Aggregator, LP",2025-09-30,Current,Capital Invested
A3cb5c7,A109e0f,"Ara Aloxe, Ltd.",2025-09-30,Current,Capital Invested
A3cb5c7,A109e0f,"Ara CM Holdings, LP",2025-09-30,Current,Capital Invested
A3cb5c7,A109e0f,"Ara Divert Holdings, LP",2025-09-30,Current,Capital Invested
A3cb5c7,A109e0f,"Ara Fund II BW Holdings, LP",2025-09-30,Current,Capital Invested
A3cb5c7,A109e0f,"Ara Fund II H2 Holdings, LP",2025-09-30,Current,Capital Invested
A3cb5c7,A109e0f,"Ara Fund II ST Holdings, LP",2025-09-30,Current,Capital Invested
A3cb5c7,A109e0f,"Ara PG Aggregator II, LP",2025-09-30,Current,Capital Invested
A3cb5c7,A109e0f,"Ara PG Aggregator, LP",2025-09-30,Current,Capital Invested
A3cb5c7,A109e0f,"Ara PS Holdings, LP",2025-09-30,Current,Capital Invested
A3cb5c7,A109e0f,"Ara Repeats Holdings, Ltd.",2025-09-30,Current,Capital Invested
A3cb5c7,A109e0f,"Cycle0 Aggregatorco, Ltd.",2025-09-30,Current,Capital Invested
A3cb5c7,A109e0f,PET AGG Limited (UK),2025-09-30,Current,Capital Invested
A930514,A109e0f,"Ara Sedron Holdings, LP",2025-09-30,Current,Capital Invested
A930514,A109e0f,CFP Energy,2025-09-30,Current,Capital Invested
A930514,A109e0f,Cycle0,2025-09-30,Current,Capital Invested
A930514,A109e0f,Genera,2025-09-30,Current,Capital Invested
A930514,A109e0f,Microtec,2025-09-30,Current,Capital Invested
A930514,A109e0f,Paratus,2025-09-30,Current,Capital Invested
A930514,A109e0f,Vacuumschmelze (VAC),2025-09-30,Current,Capital Invested
Afc9d9d,A109e0f,"Ara PG Aggregator, LP",2025-09-30,Current,Capital Invested
A6514b0,A109e0f,"Ara VAC IE Aggregator, LP",2025-09-30,Current,Capital Invested
A466539,Afc0dbf,ACP BHI Direct Investment LLC,2025-09-30,Current,Capital Invested
A466539,Afc0dbf,ACP Beechwood Holdco LLC,2025-09-30,Current,Capital Invested
A466539,Afc0dbf,ACP CR Intermediate LLC,2025-09-30,Current,Capital Invested
A466539,Afc0dbf,ACP Corepoint JV LLC,2025-09-30,Current,Capital Invested
A466539,Afc0dbf,ACP Decatur LLC,2025-09-30,Current,Capital Invested
A466539,Afc0dbf,ACP El Segundo Mezz LLC,2025-09-30,Current,Capital Invested
A466539,Afc0dbf,ACP Mesquite Investor LLC,2025-09-30,Current,Capital Invested
A466539,Afc0dbf,ACP Monterey Hotel LLC,2025-09-30,Current,Capital Invested
A466539,Afc0dbf,ACP Newbury 2 Investor Intermediate LLC,2025-09-30,Current,Capital Invested
A466539,Afc0dbf,ACP Perry Intermediate LLC,2025-09-30,Current,Capital Invested
A466539,Afc0dbf,ACP Royal Lahaina LLC,2025-09-30,Current,Capital Invested
A466539,Afc0dbf,ACP SFR Pref LLC,2025-09-30,Current,Capital Invested
A466539,Afc0dbf,ACPC Elle Collections LLC,2025-09-30,Current,Capital Invested
A466539,Afc0dbf,Abacus Alamo Ranch Tenant LP,2025-09-30,Current,Capital Invested
A466539,Afc0dbf,Airport Hotels JV Manager LLC,2025-09-30,Current,Capital Invested
A466539,Afc0dbf,Ascendant Capital Fiber Holdings LLC,2025-09-30,Current,Capital Invested
A466539,Afc0dbf,B/A MF Investments LLC,2025-09-30,Current,Capital Invested
A74c64f,A8be668,ATOM,2025-09-30,Partially Exited,Capital Invested
A74c64f,A8be668,Celestia,2025-09-30,Partially Exited,Capital Invested
A74c64f,A8be668,Chronos Labs Limited,2025-09-30,Written Down,Capital Invested
A74c64f,A8be668,Ethereum,2025-09-30,Partially Exited,Capital Invested
A74c64f,A8be668,Maker,2025-09-30,Fully Exited,Capital Invested
A74c64f,A8be668,Medici Collective Co.,2025-09-30,Written Down,Capital Invested
A74c64f,A8be668,Offscreen Inc.,2025-09-30,Written Down,Capital Invested
A74c64f,A8be668,"Orb Labs, Inc.",2025-09-30,Written Down,Capital Invested
A74c64f,A8be668,"Primitive Bits, Inc.",2025-09-30,Fully Exited,Capital Invested
A74c64f,A8be668,Seed Investments,2025-09-30,Fully Exited,Capital Invested
A74c64f,A8be668,Skip Protocol Inc.,2025-09-30,Fully Exited,Capital Invested
A74c64f,A8be668,Solana,2025-09-30,Partially Exited,Capital Invested
A74c64f,A8be668,Syncracy Fund Management LLC,2025-09-30,Written Off,Capital Invested
A74c64f,A8be668,Tools For Humanity Corporation,2025-09-30,Partially Exited,Capital Invested
A74c64f,A8be668,Uniswap,2025-09-30,Partially Exited,Capital Invested
A723435,A8be668,ATOM,2025-09-30,Partially Exited,Capital Invested
A723435,A8be668,Seed Investments,2025-09-30,Written Off,Capital Invested
A6709ea,A586fd2,Air Methods Corp,2025-09-30,Partially Exited,Current Cost
A6709ea,A586fd2,Altice France SA,2025-09-30,Partially Exited,Current Cost
A6709ea,A586fd2,Alvaria Inc,2025-09-30,Partially Exited,Current Cost
A6709ea,A586fd2,Apex Tool Group LLC,2025-09-30,Partially Exited,Current Cost
A6709ea,A586fd2,Arc Gaming & Technologies,2025-09-30,Partially Exited,Current Cost
A6709ea,A586fd2,Array Canada Inc,2025-09-30,Partially Exited,Current Cost
A6709ea,A586fd2,CashRepublic Holdings Inc,2025-09-30,Partially Exited,Current Cost
A6709ea,A586fd2,DAZN Limited,2025-09-30,Partially Exited,Current Cost
A6709ea,A586fd2,Doncasters Group,2025-09-30,Partially Exited,Current Cost
A6709ea,A586fd2,Fortrex Inc,2025-09-30,Partially Exited,Current Cost
A6709ea,A586fd2,ICP Group,2025-09-30,Partially Exited,Current Cost
A6709ea,A586fd2,J Palmer Collective LLC,2025-09-30,Partially Exited,Current Cost
A6709ea,A586fd2,Jonas Group Entertainment,2025-09-30,Partially Exited,Current Cost
A6709ea,A586fd2,Multimedia Music LP,2025-09-30,Partially Exited,Current Cost
A6709ea,A586fd2,New Enterprise Stone & Lime,2025-09-30,Partially Exited,Current Cost
A6709ea,A586fd2,Pabst Blue Ribbon LLC,2025-09-30,Partially Exited,Current Cost
A6709ea,A586fd2,Project Banda (2025),2025-09-30,Partially Exited,Current Cost
A6709ea,A586fd2,Project Ignite,2025-09-30,Partially Exited,Current Cost
A6709ea,A586fd2,Project Talisman,2025-09-30,Partially Exited,Current Cost
A6709ea,A586fd2,Resolute Investment Managers,2025-09-30,Partially Exited,Current Cost
A6709ea,A586fd2,Spanish Broadcasting Inc (Debt),2025-09-30,Partially Exited,Current Cost
A6709ea,A586fd2,VATit Group Limited (2023 Facility),2025-09-30,Partially Exited,Current Cost
A279d4f,A586fd2,AllGear Digital LLC (fka Lola Digital Media),2025-09-30,Partially Exited,Current Cost
A279d4f,A586fd2,Alvaria Inc,2025-09-30,Partially Exited,Current Cost
A279d4f,A586fd2,Apex Tool Group LLC,2025-09-30,Partially Exited,Current Cost
A279d4f,A586fd2,Arc Gaming & Technologies,2025-09-30,Partially Exited,Current Cost
A279d4f,A586fd2,Array Canada Inc,2025-09-30,Partially Exited,Current Cost
A279d4f,A586fd2,Cicala Law Firm PLLC,2025-09-30,Partially Exited,Current Cost
A279d4f,A586fd2,Crown Finance US Inc,2025-09-30,Partially Exited,Current Cost
A279d4f,A586fd2,Culain Capital Management LLC,2025-09-30,Partially Exited,Current Cost
A279d4f,A586fd2,DAZN Limited,2025-09-30,Partially Exited,Current Cost
A279d4f,A586fd2,Doncasters Group,2025-09-30,Partially Exited,Current Cost
A279d4f,A586fd2,F45 Training Holdings Inc,2025-09-30,Partially Exited,Current Cost
A279d4f,A586fd2,Ferroglobe PLC,2025-09-30,Partially Exited,Current Cost
A279d4f,A586fd2,Health First Commercial Plans Inc,2025-09-30,Partially Exited,Current Cost
A279d4f,A586fd2,ICP Group,2025-09-30,Partially Exited,Current Cost
A279d4f,A586fd2,Ligado Networks LLC,2025-09-30,Partially Exited,Current Cost
A279d4f,A586fd2,MD Helicopters Inc,2025-09-30,Partially Exited,Current Cost
A279d4f,A586fd2,Phoenix III Recovery LLC,2025-09-30,Partially Exited,Current Cost
A279d4f,A586fd2,Resolute Investment Managers,2025-09-30,Partially Exited,Current Cost
A279d4f,A586fd2,Saatva,2025-09-30,Partially Exited,Current Cost
A279d4f,A586fd2,Signal Energy Constructors LLC,2025-09-30,Partially Exited,Current Cost
A279d4f,A586fd2,Spanish Broadcasting Inc (Debt),2025-09-30,Partially Exited,Current Cost
A279d4f,A586fd2,Steinhoff International,2025-09-30,Partially Exited,Current Cost
A67c3e6,A02cb18,EMC,2025-09-30,Fully Exited,Capital Invested
A67c3e6,A02cb18,ER-Telecom,2025-09-30,Fully Exited,Capital Invested
A67c3e6,A02cb18,Eco-Dolie,2025-09-30,Fully Exited,Capital Invested
A67c3e6,A02cb18,Etalon,2025-09-30,Fully Exited,Capital Invested
A67c3e6,A02cb18,FCB Group,2025-09-30,Fully Exited,Capital Invested
A67c3e6,A02cb18,Nostrum Oil&Gas,2025-09-30,Fully Exited,Capital Invested
A67c3e6,A02cb18,Novomet,2025-09-30,Fully Exited,Capital Invested
A67c3e6,A02cb18,Orient Express Bank,2025-09-30,Fully Exited,Capital Invested
A67c3e6,A02cb18,SK Rezerve,2025-09-30,Fully Exited,Capital Invested
A67c3e6,A02cb18,Teplant,2025-09-30,Written Off,Capital Invested
A5494b2,18be12,199 Chrystie Street,2025-09-30,Fully Exited,Sector
A5494b2,18be12,2028 NE Multnomah Street,2025-09-30,Fully Exited,Sector
A5494b2,18be12,21-30 44th Drive,2025-09-30,Fully Exited,Sector
A5494b2,18be12,3400 Sunset,2025-09-30,Fully Exited,Sector
A5494b2,18be12,Allure,2025-09-30,Fully Exited,Sector
A5494b2,18be12,Bailly Ridge,2025-09-30,Fully Exited,Sector
A5494b2,18be12,Carte Hotel,2025-09-30,Fully Exited,Sector
A5494b2,18be12,Griffin Plaza,2025-09-30,Fully Exited,Sector
A5494b2,18be12,Hyatt House at USC HSC,2025-09-30,Fully Exited,Sector
A5494b2,18be12,Montabella Pointe II,2025-09-30,Fully Exited,Sector
A5494b2,18be12,Moxy South Beach,2025-09-30,Fully Exited,Sector
A5494b2,18be12,NoHo Millennium II,2025-09-30,Fully Exited,Sector
A5494b2,18be12,North San Jose Hotel,2025-09-30,Fully Exited,Sector
A5494b2,18be12,"Parkside at City Center - Aurora, CO",2025-09-30,Fully Exited,Sector
A5494b2,18be12,Parkstone at Knightdale,2025-09-30,Fully Exited,Sector
A5494b2,18be12,Parkwood Station,2025-09-30,Fully Exited,Sector
A5494b2,18be12,Refugio Townhomes,2025-09-30,Fully Exited,Sector
A5494b2,18be12,Shorecrest Club,2025-09-30,Fully Exited,Sector
A5494b2,18be12,The Realm at Castle Hills 1A,2025-09-30,Fully Exited,Sector
A5494b2,18be12,The Realm at Castle Hills 1B,2025-09-30,Fully Exited,Sector
A5494b2,18be12,Verse at The Boro,2025-09-30,Fully Exited,Sector
A5494b2,18be12,Vine North Hills,2025-09-30,Fully Exited,Sector
Aa71003,18be12,365 Bond Mezz B,2025-09-30,Fully Exited,Capital Invested
Aa71003,18be12,American House Oak Park,2025-09-30,,"Capital Invested, Current Cost, Unrealized Value, Deal Status"
Aa71003,18be12,Artisan Oaks,2025-09-30,,"Capital Invested, Current Cost, Unrealized Value, Deal Status"
Aa71003,18be12,"Arya - Los Angeles, California",2025-09-30,,"Capital Invested, Current Cost, Unrealized Value, Deal Status"
Aa71003,18be12,Freddie Mac 2023 - KF151 B Piece,2025-09-30,,"Capital Invested, Current Cost, Unrealized Value, Deal Status"
Aa71003,18be12,Parkstone at Indian Land,2025-09-30,Fully Exited,Capital Invested
Aa71003,18be12,SaltAire - Torrance,2025-09-30,,"Capital Invested, Current Cost, Unrealized Value, Deal Status"
Aa71003,18be12,"The Saint Grand - Chicago, Illinois",2025-09-30,,"Capital Invested, Current Cost, Unrealized Value, Deal Status"
A103ce5,A348789,Thorley Industries LLC (4Moms),2025-09-30,,"Capital Invested, Deal Status"
Aa5bde6,A91b7d0,"RetireGo, Inc. (dba 401Go)",2025-09-30,,"Capital Invested, Current Cost, Unrealized Value, Deal Status"
A40cc93,A49a079,"Altamira Parent Holdings, LLC",2025-09-30,Current,Capital Invested
A40cc93,A49a079,"AppOmni, Inc.",2025-09-30,Current,Capital Invested
A40cc93,A49a079,"Arctic Wolf Networks, Inc. (f/k/a Revelstoke)",2025-09-30,Current,Capital Invested
A40cc93,A49a079,"Authentic8, Inc.",2025-09-30,Current,Capital Invested
A40cc93,A49a079,BigID Inc.,2025-09-30,Current,Capital Invested
A40cc93,A49a079,"Databricks, Inc. (f/k/a Okera)",2025-09-30,Current,Capital Invested
A40cc93,A49a079,"Diamanti, Inc.",2025-09-30,Current,Capital Invested
A40cc93,A49a079,"Frontier Aggregator, LLC (f/k/a Fortress Security)",2025-09-30,Current,Capital Invested
A40cc93,A49a079,Harness Inc. (f/k/a ZeroNorth),2025-09-30,Current,Capital Invested
A40cc93,A49a079,Inky Technology Corporation,2025-09-30,Current,Capital Invested
A40cc93,A49a079,KKR Olive Co-Invest L.P. (a/k/a Optiv),2025-09-30,Current,Capital Invested
A40cc93,A49a079,Mitiga Security Inc.,2025-09-30,Current,Capital Invested
A40cc93,A49a079,"ProcessUnity ComboCo, LLC (f/k/a CyberGRX)",2025-09-30,Current,Capital Invested
A40cc93,A49a079,"Query.AI, Inc.",2025-09-30,Current,Capital Invested
A40cc93,A49a079,"Singularity TopCo LLC (a/k/a Human, f/k/a White Ops)",2025-09-30,Current,Capital Invested
A1e8a7e,Ac37569,American-Sino Healthcare,2025-09-30,Partially Exited,Current Cost
A1e8a7e,Ac37569,C1 Consumer,2025-09-30,Partially Exited,Current Cost
A1e8a7e,Ac37569,Jamieson Wellness,2025-09-30,Partially Exited,Current Cost
A1e8a7e,Ac37569,Oriental Yuhong Waterproof Technology,2025-09-30,Partially Exited,Current Cost
A1e8a7e,Ac37569,Project Crane,2025-09-30,Partially Exited,Current Cost
A1e8a7e,Ac37569,Xingsheng Preference Group Purchasing,2025-09-30,Partially Exited,Current Cost
Af5ff4f,Ac37569,China Feihe,2025-09-30,Partially Exited,Current Cost
Af5ff4f,Ac37569,Datong Insurance Services,2025-09-30,Partially Exited,Current Cost
Af5ff4f,Ac37569,Dongbao Pharmaceutical,2025-09-30,Partially Exited,Current Cost
Af5ff4f,Ac37569,Far East Horizon Leasing,2025-09-30,Partially Exited,Current Cost
Af5ff4f,Ac37569,Oriental Yuhong Waterproof Technology,2025-09-30,Partially Exited,Current Cost
Af5ff4f,Ac37569,Shape Technologies,2025-09-30,Partially Exited,Current Cost
Af5ff4f,Ac37569,Sinopharm Leasing,2025-09-30,Partially Exited,Current Cost
Af5ff4f,Ac37569,V2 Healthcare,2025-09-30,Partially Exited,Current Cost
Af5ff4f,Ac37569,Venus Medtech,2025-09-30,Partially Exited,Current Cost
Af5ff4f,Ac37569,Xingsheng Preference Group Purchasing,2025-09-30,Partially Exited,Current Cost
Ae64fa8,A97e2ad,"Delight HoldCo 3, LLC",2025-09-30,Partially Exited,Current Cost
Aba444d,A97e2ad,"Delight HoldCo 4, LLC",2025-09-30,Partially Exited,Current Cost
A5596ab,A97e2ad,"Delight HoldCo 5, LLC",2025-09-30,Partially Exited,Current Cost
Ab80ef5,A7d02b3,Apax X L.P.,2025-09-30,Current,"Capital Invested, Current Cost"
Ab80ef5,A7d02b3,"Ares Corporate Opportunities Fund VI, L.P.",2025-09-30,Current,"Capital Invested, Current Cost"
Ab80ef5,A7d02b3,"Audax Private Equity Fund VII-B, L.P.",2025-09-30,,"Capital Invested, Current Cost, Unrealized Value, Deal Status"
Ab80ef5,A7d02b3,BC Partners Fund XI,2025-09-30,,"Capital Invested, Current Cost, Unrealized Value, Deal Status"
Ab80ef5,A7d02b3,"Baring Asia Private Equity Fund VIII, L.P.",2025-09-30,Current,"Capital Invested, Current Cost"
Ab80ef5,A7d02b3,Blackstone Tactical Opportunities Fund IV L.P.,2025-09-30,Current,"Capital Invested, Current Cost"
Ab80ef5,A7d02b3,Bregal Unternehmerkapital III SCSp,2025-09-30,Partially Exited,Current Cost
Ab80ef5,A7d02b3,Bridgepoint Europe VII,2025-09-30,Partially Exited,Current Cost
Ab80ef5,A7d02b3,"CPE China Fund IV, L.P.",2025-09-30,Partially Exited,Current Cost
Ab80ef5,A7d02b3,CVC Capital Partners Asia V L.P.,2025-09-30,Partially Exited,Current Cost
Ab80ef5,A7d02b3,"Centerbridge Capital Partners IV, L.P.",2025-09-30,Current,"Capital Invested, Current Cost"
Ab80ef5,A7d02b3,"Clayton, Dubilier & Rice Fund XI, L.P.",2025-09-30,Partially Exited,Current Cost
Ab80ef5,A7d02b3,"Francisco Partners VI, L.P.",2025-09-30,Partially Exited,Current Cost
Ab80ef5,A7d02b3,"Francisco Partners VII, L.P.",2025-09-30,,"Capital Invested, Current Cost, Unrealized Value, Deal Status"
Ab80ef5,A7d02b3,GI Partners Fund VI LP,2025-09-30,Current,"Capital Invested, Current Cost"
Ab80ef5,A7d02b3,"Green Equity Investors VIII, L.P.",2025-09-30,Partially Exited,Current Cost
Ab80ef5,A7d02b3,IDG China Venture Capital Fund VII L.P.,2025-09-30,Current,"Capital Invested, Current Cost"
Ab80ef5,A7d02b3,KKR Asian Fund IV SCSp,2025-09-30,Current,"Capital Invested, Current Cost"
Ab80ef5,A7d02b3,"L Catterton IX, L.P.",2025-09-30,Partially Exited,Current Cost
Ab80ef5,A7d02b3,"MBK Partners Fund V, L.P.",2025-09-30,Partially Exited,Current Cost
Ab80ef5,A7d02b3,Montagu VI L.P.,2025-09-30,Partially Exited,Current Cost
Ab80ef5,A7d02b3,"New Mountain Partners VI, L.P.",2025-09-30,Current,"Capital Invested, Current Cost"
Ab80ef5,A7d02b3,"Nordic Capital Fund XI, L.P.",2025-09-30,,"Capital Invested, Current Cost, Unrealized Value, Deal Status"
Ab80ef5,A7d02b3,"Nordic Capital X, L.P.",2025-09-30,Current,"Capital Invested, Current Cost"
Ab80ef5,A7d02b3,"Oak Hill Capital Partners V, L.P.",2025-09-30,Current,"Capital Invested, Current Cost"
Ab80ef5,A7d02b3,Oakley Capital V-B1 SCSp,2025-09-30,Current,"Capital Invested, Current Cost"
Ab80ef5,A7d02b3,PAI Partners VIII-1 SCSp,2025-09-30,,"Capital Invested, Current Cost, Unrealized Value, Deal Status"
Ab80ef5,A7d02b3,"PSG V, L.P.",2025-09-30,Current,"Capital Invested, Current Cost"
Ab80ef5,A7d02b3,Project Antarctica,2025-09-30,Partially Exited,Current Cost
Ab80ef5,A7d02b3,Project Ash,2025-09-30,Partially Exited,Current Cost
Ab80ef5,A7d02b3,Project Atlas,2025-09-30,Partially Exited,Current Cost
Ab80ef5,A7d02b3,Project Balvenie,2025-09-30,Partially Exited,Current Cost
Ab80ef5,A7d02b3,Project Boylston,2025-09-30,Partially Exited,Current Cost
Ab80ef5,A7d02b3,Project Cadence,2025-09-30,Partially Exited,Current Cost
Ab80ef5,A7d02b3,Project Ceres,2025-09-30,Partially Exited,Current Cost
Ab80ef5,A7d02b3,Project Cereza,2025-09-30,Partially Exited,Current Cost
Ab80ef5,A7d02b3,Project Chimera,2025-09-30,Partially Exited,Current Cost
Ab80ef5,A7d02b3,Project Clover,2025-09-30,Partially Exited,Current Cost
Ab80ef5,A7d02b3,Project Crestone,2025-09-30,Partially Exited,Current Cost
Ab80ef5,A7d02b3,Project Digital,2025-09-30,Partially Exited,Current Cost
Ab80ef5,A7d02b3,Project Eight,2025-09-30,Partially Exited,Current Cost
Ab80ef5,A7d02b3,Project Fig,2025-09-30,Partially Exited,Current Cost
Ab80ef5,A7d02b3,Project Gallop,2025-09-30,Partially Exited,Current Cost
Ab80ef5,A7d02b3,Project Giant,2025-09-30,Partially Exited,Current Cost
Ab80ef5,A7d02b3,Project Grasshopper,2025-09-30,Partially Exited,Current Cost
Ab80ef5,A7d02b3,Project Hercules,2025-09-30,Partially Exited,Current Cost
Ab80ef5,A7d02b3,Project Hybrid,2025-09-30,Partially Exited,Current Cost
Ab80ef5,A7d02b3,Project ICON,2025-09-30,Partially Exited,Current Cost
Ab80ef5,A7d02b3,Project Kansas,2025-09-30,Partially Exited,Current Cost
Ab80ef5,A7d02b3,Project Lagoon,2025-09-30,Partially Exited,Current Cost
Ab80ef5,A7d02b3,Project Lloyds,2025-09-30,Partially Exited,Current Cost
Ab80ef5,A7d02b3,Project Newton,2025-09-30,Partially Exited,Current Cost
Ab80ef5,A7d02b3,Project Orion,2025-09-30,Partially Exited,Current Cost
Ab80ef5,A7d02b3,Project Pearl,2025-09-30,Partially Exited,Current Cost
Ab80ef5,A7d02b3,Project Pioneer,2025-09-30,Partially Exited,Current Cost
Ab80ef5,A7d02b3,Project Plymouth,2025-09-30,Partially Exited,Current Cost
Ab80ef5,A7d02b3,Project Pomelo,2025-09-30,Partially Exited,Current Cost
Ab80ef5,A7d02b3,Project Purple,2025-09-30,Partially Exited,Current Cost
Ab80ef5,A7d02b3,Project Raindrop,2025-09-30,Partially Exited,Current Cost
Ab80ef5,A7d02b3,Project Roast,2025-09-30,Partially Exited,Current Cost
Ab80ef5,A7d02b3,Project Sapphire,2025-09-30,Partially Exited,Current Cost
Ab80ef5,A7d02b3,Project Spike,2025-09-30,Partially Exited,Current Cost
Ab80ef5,A7d02b3,Project Spire,2025-09-30,Partially Exited,Current Cost
Ab80ef5,A7d02b3,Project Tilburg,2025-09-30,Partially Exited,Current Cost
Ab80ef5,A7d02b3,Project Timber II,2025-09-30,Partially Exited,Current Cost
Ab80ef5,A7d02b3,Project Triangle,2025-09-30,Partially Exited,Current Cost
Ab80ef5,A7d02b3,Project Twenty-Four,2025-09-30,Partially Exited,Current Cost
Ab80ef5,A7d02b3,Project Vision,2025-09-30,Partially Exited,Current Cost
Ab80ef5,A7d02b3,Project Voyage,2025-09-30,Partially Exited,Current Cost
Ab80ef5,A7d02b3,Roark Capital Partners VI LP,2025-09-30,,"Capital Invested, Current Cost, Unrealized Value, Deal Status"
Ab80ef5,A7d02b3,"TPG Growth V, L.P.",2025-09-30,Partially Exited,Current Cost
Ab80ef5,A7d02b3,"The Veritas Capital Fund VII, L.P.",2025-09-30,Current,"Capital Invested, Current Cost"
Ab80ef5,A7d02b3,"The Veritas Capital Fund VIII, L.P.",2025-09-30,,"Capital Invested, Current Cost, Unrealized Value, Deal Status"
Ab80ef5,A7d02b3,"Thomas H. Lee Equity Fund IX, L.P.",2025-09-30,Current,"Capital Invested, Current Cost"
Ab80ef5,A7d02b3,"Tiger Global Private Investment Partners XV, L.P.",2025-09-30,Current,"Capital Invested, Current Cost"
Ab80ef5,A7d02b3,"Trident IX, L.P.",2025-09-30,Partially Exited,Current Cost
Ab80ef5,A7d02b3,"Trident VIII, L.P.",2025-09-30,Partially Exited,Current Cost
Ab80ef5,A7d02b3,Undisclosed Investments,2025-09-30,Partially Exited,Current Cost
Ab80ef5,A7d02b3,"WCAS XIV, L.P.",2025-09-30,Current,"Capital Invested, Current Cost"
Ac472e1,A7d02b3,Altor Fund VI (No. 2) AB,2025-09-30,,"Capital Invested, Current Cost, Unrealized Value, Deal Status"
Ac472e1,A7d02b3,"American Securities Partners IX, L.P.",2025-09-30,,Deal Status
Ac472e1,A7d02b3,Apax XI USD L.P.,2025-09-30,,"Capital Invested, Current Cost, Unrealized Value, Deal Status"
Ac472e1,A7d02b3,"Apollo Investment Fund X, L.P.",2025-09-30,Current,"Capital Invested, Current Cost"
Ac472e1,A7d02b3,"Ares Corporate Opportunities Fund VII, L.P.",2025-09-30,,Deal Status
Ac472e1,A7d02b3,"BPEA Private Equity Fund IX (No.2), SCSp",2025-09-30,,"Capital Invested, Current Cost, Unrealized Value, Deal Status"
Ac472e1,A7d02b3,"Bain Capital Fund XIV, L.P.",2025-09-30,,Deal Status
Ac472e1,A7d02b3,"Berkshire Fund XI, L.P.",2025-09-30,,Deal Status
Ac472e1,A7d02b3,"Carlyle Asia Partners VI, L.P.",2025-09-30,Written Off,Capital Invested
Ac472e1,A7d02b3,"Centerbridge Capital Partners V, L.P.",2025-09-30,Current,"Capital Invested, Current Cost"
Ac472e1,A7d02b3,"Court Square Capital Partners Fund V, L.P.",2025-09-30,,Deal Status
Ac472e1,A7d02b3,EMK Capital Partners III LP,2025-09-30,Current,"Capital Invested, Current Cost"
Ac472e1,A7d02b3,InvestIndustrial VIII SCSp,2025-09-30,Current,"Capital Invested, Current Cost"
Ac472e1,A7d02b3,"K6 Private Investors, L.P.",2025-09-30,Written Off,Capital Invested
Ac472e1,A7d02b3,KKR North America Fund XIV SCSp,2025-09-30,,Deal Status
Ac472e1,A7d02b3,"KPS Special Situations Fund VI, LP",2025-09-30,Current,"Capital Invested, Current Cost"
Ac472e1,A7d02b3,"Levine Leichtman Capital Partners VII, L.P.",2025-09-30,Partially Exited,Current Cost
Ac472e1,A7d02b3,Lindsay Goldberg VI L.P.,2025-09-30,,"Capital Invested, Current Cost, Unrealized Value, Deal Status"
Ac472e1,A7d02b3,Norvestor IX SCSp,2025-09-30,Current,"Capital Invested, Current Cost"
Ac472e1,A7d02b3,"Oak Hill Capital Partners VI, L.P.",2025-09-30,Partially Exited,Current Cost
Ac472e1,A7d02b3,PAG Asia IV LP,2025-09-30,,"Capital Invested, Current Cost, Unrealized Value, Deal Status"
Ac472e1,A7d02b3,"PSG VI, L.P.",2025-09-30,,"Capital Invested, Current Cost, Unrealized Value, Deal Status"
Ac472e1,A7d02b3,"Platinum Equity Capital Partners VI, L.P.",2025-09-30,Current,"Capital Invested, Current Cost"
Ac472e1,A7d02b3,Project Barley,2025-09-30,Partially Exited,Current Cost
Ac472e1,A7d02b3,Project Branford,2025-09-30,Partially Exited,Current Cost
Ac472e1,A7d02b3,Project Clementine,2025-09-30,Partially Exited,Current Cost
Ac472e1,A7d02b3,Project Empower,2025-09-30,Partially Exited,Current Cost
Ac472e1,A7d02b3,Project Fairy,2025-09-30,Partially Exited,Current Cost
Ac472e1,A7d02b3,Project Gondor,2025-09-30,Partially Exited,Current Cost
Ac472e1,A7d02b3,Project Graduate,2025-09-30,Partially Exited,Current Cost
Ac472e1,A7d02b3,Project Helvetica,2025-09-30,Partially Exited,Current Cost
Ac472e1,A7d02b3,Project Jade,2025-09-30,Partially Exited,Current Cost
Ac472e1,A7d02b3,Project Jumpman,2025-09-30,Partially Exited,Current Cost
Ac472e1,A7d02b3,Project Loch,2025-09-30,Partially Exited,Current Cost
Ac472e1,A7d02b3,Project Macedonia,2025-09-30,Partially Exited,Current Cost
Ac472e1,A7d02b3,Project Mockingjay,2025-09-30,Partially Exited,Current Cost
Ac472e1,A7d02b3,Project Nancy,2025-09-30,Partially Exited,Current Cost
Ac472e1,A7d02b3,Project Optic,2025-09-30,Partially Exited,Current Cost
Ac472e1,A7d02b3,Project Perth,2025-09-30,Partially Exited,Current Cost
Ac472e1,A7d02b3,Project Raindrop,2025-09-30,Partially Exited,Current Cost
Ac472e1,A7d02b3,Project Rhythm,2025-09-30,Partially Exited,Current Cost
Ac472e1,A7d02b3,Project Rooster,2025-09-30,Partially Exited,Current Cost
Ac472e1,A7d02b3,Project Spear,2025-09-30,Partially Exited,Current Cost
Ac472e1,A7d02b3,Project Trove,2025-09-30,Partially Exited,Current Cost
Ac472e1,A7d02b3,Project Twenty-Four,2025-09-30,Partially Exited,Current Cost
Ac472e1,A7d02b3,Project Vision,2025-09-30,Partially Exited,Current Cost
Ac472e1,A7d02b3,Project Waltz,2025-09-30,Partially Exited,Current Cost
Ac472e1,A7d02b3,Project Wings,2025-09-30,Partially Exited,Current Cost
Ac472e1,A7d02b3,Project Wrigley,2025-09-30,Partially Exited,Current Cost
Ac472e1,A7d02b3,"TPG Asia VIII (A), L.P.",2025-09-30,Partially Exited,Current Cost
Ac472e1,A7d02b3,"TPG Partners IX, L.P.",2025-09-30,Partially Exited,Current Cost
Ac472e1,A7d02b3,The Triton Fund VI,2025-09-30,,"Capital Invested, Current Cost, Unrealized Value, Deal Status"
Ac472e1,A7d02b3,"TowerBrook Investors VI (Onshore), L.P.",2025-09-30,Partially Exited,Current Cost
Ac472e1,A7d02b3,Undisclosed Investments,2025-09-30,Partially Exited,Current Cost
Aa12a53,A8bd477,Driven Brands Holdings Inc.,2025-09-30,Partially Exited,Capital Invested
A947e8c,A97e2ad,Dunbar Setanta GP LLC,2025-09-30,Partially Exited,Current Cost
A9ffbf3,Ad7e703,American Secure Living Inc.; aka Longmark,2025-09-30,Current,Capital Invested
A9ffbf3,Ad7e703,"Bloom Studios, Inc.; aka Indigo",2025-09-30,Current,Capital Invested
A9ffbf3,Ad7e703,"Homeward, Inc.",2025-09-30,Current,Capital Invested
A9ffbf3,Ad7e703,"Honey Homes, Inc.",2025-09-30,Current,Capital Invested
A9ffbf3,Ad7e703,Latii Inc.,2025-09-30,Current,Capital Invested
A9ffbf3,Ad7e703,Mainstay Labs Inc. aka Open Exchange Labs Inc.,2025-09-30,Current,Capital Invested
A9ffbf3,Ad7e703,Ostrich X Ltd,2025-09-30,Current,Capital Invested
A9ffbf3,Ad7e703,"PassiveLogic, Inc.",2025-09-30,Current,Capital Invested
A9ffbf3,Ad7e703,"Shepherd Labs, Inc.",2025-09-30,Current,Capital Invested
A9ffbf3,Ad7e703,"Suffolk Technology Boost, LLC",2025-09-30,Current,Capital Invested
A9ffbf3,Ad7e703,"TKTK Media, Inc.",2025-09-30,Current,Capital Invested
A9ffbf3,Ad7e703,Tempo Works Inc.,2025-09-30,Current,Capital Invested
A9ffbf3,Ad7e703,"TrueList, Inc.",2025-09-30,Current,Capital Invested
A9ffbf3,Ad7e703,ViaBot Inc.,2025-09-30,Current,Capital Invested
A9ffbf3,Ad7e703,Welcome Building Corporation,2025-09-30,Current,Capital Invested
Adf56a5,A6299d5,"EIP Consolidated, LLC",2025-09-30,,"Capital Invested, Current Cost, Unrealized Value, Deal Status"
A29c2b9,Aed3782,AB Centers Acquisition Corporation,2025-09-30,Current,"Capital Invested, Current Cost"
A29c2b9,Aed3782,"ACP Avenu Buyer, LLC",2025-09-30,Current,"Capital Invested, Current Cost"
A29c2b9,Aed3782,Alegeus Technologies Holdings Corp,2025-09-30,Current,"Capital Invested, Current Cost"
A29c2b9,Aed3782,Australia - Application Software,2025-09-30,Current,"Capital Invested, Current Cost"
A29c2b9,Aed3782,"Benefit Plan Administrators Of Eau Claire, LLC",2025-09-30,Current,"Capital Invested, Current Cost"
A29c2b9,Aed3782,Canada-Transportation,2025-09-30,Current,"Capital Invested, Current Cost"
A29c2b9,Aed3782,"Dpt Management, LLC",2025-09-30,Current,"Capital Invested, Current Cost"
A29c2b9,Aed3782,Endurance PT Technology Buyer Corporation,2025-09-30,Current,"Capital Invested, Current Cost"
A29c2b9,Aed3782,Harmony Hit US Holdings Inc,2025-09-30,Current,"Capital Invested, Current Cost"
A29c2b9,Aed3782,Identiti Resources LLC,2025-09-30,Current,"Capital Invested, Current Cost"
A29c2b9,Aed3782,Luminii LLC,2025-09-30,Current,"Capital Invested, Current Cost"
A29c2b9,Aed3782,"MoboTrex, LLC",2025-09-30,Current,"Capital Invested, Current Cost"
A29c2b9,Aed3782,"PLA Buyer, LLC",2025-09-30,Current,"Capital Invested, Current Cost"
A29c2b9,Aed3782,"Perimeter Solutions Group, LLC",2025-09-30,Current,"Capital Invested, Current Cost"
A29c2b9,Aed3782,"Principal Lighting Group Holdings, LLC",2025-09-30,Current,"Capital Invested, Current Cost"
A29c2b9,Aed3782,"Quick Roofing Acquisition, LLC",2025-09-30,Current,"Capital Invested, Current Cost"
A29c2b9,Aed3782,Roofing Services Solutions LLC,2025-09-30,Current,"Capital Invested, Current Cost"
A29c2b9,Aed3782,"RxStrategies, Inc.",2025-09-30,Current,"Capital Invested, Current Cost"
A29c2b9,Aed3782,"SCP WQS Buyer, LLC",2025-09-30,Current,"Capital Invested, Current Cost"
A29c2b9,Aed3782,"SHF Holdings, Inc,",2025-09-30,Current,"Capital Invested, Current Cost"
A29c2b9,Aed3782,"The Smilist DSO, LLC",2025-09-30,Current,"Capital Invested, Current Cost"
A29c2b9,Aed3782,Tighitco Inc,2025-09-30,Current,"Capital Invested, Current Cost"
A29c2b9,Aed3782,United States - Application Software,2025-09-30,Current,"Capital Invested, Current Cost"
A29c2b9,Aed3782,United States - Health Care Services,2025-09-30,Current,"Capital Invested, Current Cost"
A29c2b9,Aed3782,United States - Materials,2025-09-30,Current,"Capital Invested, Current Cost"
A29c2b9,Aed3782,United States - Media & Entertainment,2025-09-30,Current,"Capital Invested, Current Cost"
A29c2b9,Aed3782,United States - Mutual funds,2025-09-30,Current,"Capital Invested, Current Cost"
A29c2b9,Aed3782,"United States - Pharmaceuticals, Biotechnology & Life Sciences",2025-09-30,Current,"Capital Invested, Current Cost"
A29c2b9,Aed3782,United States - Specialized Consumer Services,2025-09-30,Current,"Capital Invested, Current Cost"
A29c2b9,Aed3782,United States- Capital Goods,2025-09-30,Current,"Capital Invested, Current Cost"
A29c2b9,Aed3782,United states - Commercial & Professional Services,2025-09-30,Current,"Capital Invested, Current Cost"
A29c2b9,Aed3782,"United states - Food, Beverage & Tobacco",2025-09-30,Current,"Capital Invested, Current Cost"
A29c2b9,Aed3782,United states - Technology Hardware & Equipment,2025-09-30,Current,"Capital Invested, Current Cost"
Af017ce,3.95E+42,Asset Backed Securities,2025-09-30,Partially Exited,Current Cost
Af017ce,3.95E+42,Commercial Real Estate Debt & Equity Securities,2025-09-30,Partially Exited,Current Cost
Af017ce,3.95E+42,Consumer Loan and Small Business Loan Portfolio,2025-09-30,Partially Exited,Current Cost
Af017ce,3.95E+42,Corporate Debt & Securities,2025-09-30,Partially Exited,Current Cost
Af017ce,3.95E+42,Corporate Loan Originations,2025-09-30,Partially Exited,Current Cost
Af017ce,3.95E+42,Diversified Credit,2025-09-30,Partially Exited,Current Cost
Af017ce,3.95E+42,Legal Assets,2025-09-30,Partially Exited,Current Cost
Af017ce,3.95E+42,Preferred & Common Equity Corporate Securities,2025-09-30,Partially Exited,Current Cost
Af017ce,3.95E+42,Residential,2025-09-30,Partially Exited,Current Cost
Af017ce,3.95E+42,Transportation and Infrastructure Assets,2025-09-30,Partially Exited,Current Cost
A6d0e2b,3.95E+42,Asset Backed Securities,2025-09-30,Partially Exited,Current Cost
A6d0e2b,3.95E+42,Commercial Real Estate Debt & Equity Securities,2025-09-30,Partially Exited,Current Cost
A6d0e2b,3.95E+42,Consumer Loan and Small Business Loan Portfolio,2025-09-30,Partially Exited,Current Cost
A6d0e2b,3.95E+42,Corporate Debt & Securities,2025-09-30,Partially Exited,Current Cost
A6d0e2b,3.95E+42,Corporate Loan Originations,2025-09-30,Partially Exited,Current Cost
A6d0e2b,3.95E+42,Diversified Credit,2025-09-30,Partially Exited,Current Cost
A6d0e2b,3.95E+42,Legal Assets,2025-09-30,Partially Exited,Current Cost
A6d0e2b,3.95E+42,Preferred & Common Equity Corporate Securities,2025-09-30,Partially Exited,Current Cost
A6d0e2b,3.95E+42,Residential,2025-09-30,Partially Exited,Current Cost
A6d0e2b,3.95E+42,Transportation and Infrastructure Assets,2025-09-30,Partially Exited,Current Cost
A21e474,3.95E+42,Asset Backed Securities,2025-09-30,Partially Exited,Current Cost
A21e474,3.95E+42,Commercial Real Estate Debt & Equity Securities,2025-09-30,Partially Exited,Current Cost
A21e474,3.95E+42,Consumer Loan and Small Business Loan Portfolio,2025-09-30,Partially Exited,Current Cost
A21e474,3.95E+42,Corporate Debt & Securities,2025-09-30,Partially Exited,Current Cost
A21e474,3.95E+42,Corporate Loan Originations,2025-09-30,Partially Exited,Current Cost
A21e474,3.95E+42,Diversified Credit,2025-09-30,Partially Exited,Current Cost
A21e474,3.95E+42,European NPL Portfolio,2025-09-30,Partially Exited,Current Cost
A21e474,3.95E+42,Legal Assets,2025-09-30,Partially Exited,Current Cost
A21e474,3.95E+42,Preferred & Common Equity Corporate Securities,2025-09-30,Partially Exited,Current Cost
A21e474,3.95E+42,Residential,2025-09-30,Partially Exited,Current Cost
A21e474,3.95E+42,Transportation Assets,2025-09-30,Partially Exited,Current Cost
A82f5de,3.95E+42,Asset Backed Securities,2025-09-30,Partially Exited,Current Cost
A82f5de,3.95E+42,Commercial Real Estate Debt & Equity Securities,2025-09-30,Partially Exited,Current Cost
A82f5de,3.95E+42,Consumer Loan and Small Business Loan Portfolio,2025-09-30,Partially Exited,Current Cost
A82f5de,3.95E+42,Corporate Debt & Securities: Stressed & Distressed,2025-09-30,Partially Exited,Current Cost
A82f5de,3.95E+42,Corporate Loan Originations,2025-09-30,Partially Exited,Current Cost
A82f5de,3.95E+42,Diversified Credit,2025-09-30,Partially Exited,Current Cost
A82f5de,3.95E+42,Legal Assets,2025-09-30,Partially Exited,Current Cost
A82f5de,3.95E+42,Preferred & Common Equity Corporate Securities,2025-09-30,Partially Exited,Current Cost
A82f5de,3.95E+42,Residential,2025-09-30,Partially Exited,Current Cost
A82f5de,3.95E+42,Transportation and Infrastructure Assets,2025-09-30,Partially Exited,Current Cost
A3bbfd6,3.95E+42,Aymium,2025-09-30,Partially Exited,Current Cost
A3bbfd6,3.95E+42,Cardiac Dimensions,2025-09-30,Partially Exited,Current Cost
A3bbfd6,3.95E+42,Nanosys,2025-09-30,Partially Exited,Current Cost
A3bbfd6,3.95E+42,Pivotal Commware,2025-09-30,Partially Exited,Current Cost
A3bbfd6,3.95E+42,Preferred Equity in Commercial and Patent Litigation Funder Vehicle,2025-09-30,Partially Exited,Current Cost
A3bbfd6,3.95E+42,Radian,2025-09-30,Partially Exited,Current Cost
Adfb13d,3.95E+42,Flagler,2025-09-30,Current,Capital Invested
Adfb13d,3.95E+42,Intrawest,2025-09-30,,"Capital Invested, Deal Status"
A0841e0,3.95E+42,Flagler,2025-09-30,Current,Capital Invested
A0841e0,3.95E+42,Intrawest Cayman L.P.,2025-09-30,,"Capital Invested, Deal Status"
A7199bc,A96d1b3,Oil & Gas Properties,2025-09-30,Current,"Capital Invested, Current Cost"
A3c99e8,A9fbabf,"Accident Care Alliance (FKA Pro Care, LLC)",2025-09-30,Current,Capital Invested
A3c99e8,A9fbabf,Authentic Restaurant Brands,2025-09-30,Current,Capital Invested
A3c99e8,A9fbabf,Bechtun Credit Partners (Franchise Group),2025-09-30,Current,Capital Invested
A3c99e8,A9fbabf,Firebirds Wood Fired Grill,2025-09-30,Current,Capital Invested
A3c99e8,A9fbabf,FirstRidge Service Partners,2025-09-30,Current,Capital Invested
A3c99e8,A9fbabf,GoodTurn Tire & Auto (FKA Apex Automotive),2025-09-30,Current,Capital Invested
A3c99e8,A9fbabf,Kona Ice,2025-09-30,Current,Capital Invested
A3c99e8,A9fbabf,Mountainside Fitness,2025-09-30,Current,Capital Invested
A3c99e8,A9fbabf,Prime Vacations,2025-09-30,Current,Capital Invested
A3c99e8,A9fbabf,Publicly traded shares,2025-09-30,Current,Capital Invested
A3c99e8,A9fbabf,Redwood Environmental,2025-09-30,Current,Capital Invested
A162a33,A9fbabf,Bechtun Credit Partners LLC,2025-09-30,Current,Capital Invested
A162a33,A9fbabf,Grizzly MEP,2025-09-30,Current,Capital Invested
A162a33,A9fbabf,Honey Baked Ham,2025-09-30,Current,Capital Invested
A162a33,A9fbabf,Sarku,2025-09-30,,"Capital Invested, Current Cost, Unrealized Value, Deal Status"
A162a33,A9fbabf,Skybound Services Partners,2025-09-30,Current,Capital Invested
A162a33,A9fbabf,True North Fleet Services,2025-09-30,Current,Capital Invested
A87a21d,A9fbabf,Bulldog Purchaser Inc,2025-09-30,Current,Capital Invested
A87a21d,A9fbabf,CEC Entertainment,2025-09-30,Current,Capital Invested
A87a21d,A9fbabf,"Checkers Holdings, Inc.",2025-09-30,Current,Capital Invested
A87a21d,A9fbabf,Cooper's Hawk Intermediate Holding LLC,2025-09-30,Current,Capital Invested
A87a21d,A9fbabf,"Fogo de Chao (BCPE Grill Parent, Inc.)",2025-09-30,Current,Capital Invested
A87a21d,A9fbabf,"Fusion Buyer, LLC",2025-09-30,Current,Capital Invested
A87a21d,A9fbabf,"LaserAway Intermediate Holdings II, LLC",2025-09-30,Current,Capital Invested
A87a21d,A9fbabf,OYO Hotels (Oravel Stays),2025-09-30,Current,Capital Invested
A87a21d,A9fbabf,PF Chang (Wok Holdings Inc.),2025-09-30,Current,Capital Invested
A87a21d,A9fbabf,"SPLAT Super HoldCo, LLC",2025-09-30,Current,Capital Invested
A87a21d,A9fbabf,Twin Hospitality LLC,2025-09-30,,"Capital Invested, Deal Status"
A9e2889,A3e342a,"Corvia Medical, Inc.",2025-09-30,Current,Capital Invested
A9e2889,A3e342a,"Stripe, Inc.",2025-09-30,Current,Capital Invested
A583186,A3e342a,"Corvia Medical, Inc.",2025-09-30,Current,Capital Invested
A583186,A3e342a,"Fractyl Health, Inc.",2025-09-30,Current,Capital Invested
A583186,A3e342a,"GC Innovation, LLC",2025-09-30,Current,Capital Invested
A583186,A3e342a,GoodData Corporation,2025-09-30,Current,Capital Invested
A583186,A3e342a,"Level Equity Professionals, L.P",2025-09-30,Current,Capital Invested
A583186,A3e342a,"NatureBox, Inc.",2025-09-30,,"Capital Invested, Deal Status"
A583186,A3e342a,"ReInvent Commerce Holdings, LLC (AKA: LAUNCH)",2025-09-30,Current,Capital Invested
A583186,A3e342a,"Stripe, Inc.",2025-09-30,Current,Capital Invested
A583186,A3e342a,"SunBorne Energy Holdings, LLC",2025-09-30,,"Capital Invested, Deal Status"
A583186,A3e342a,"Thrive Capital Partners II, L.P.",2025-09-30,Current,Capital Invested
A583186,A3e342a,"Thrive Capital Partners, LLC",2025-09-30,Current,Capital Invested
A7ead5b,A65900b,Advarra,2025-09-30,Current,Capital Invested
A7ead5b,A65900b,"Amwins Group, Inc.",2025-09-30,Current,Capital Invested
A7ead5b,A65900b,Association Member Benefits Advisors,2025-09-30,Current,Capital Invested
A7ead5b,A65900b,Clarience Technologies LLC,2025-09-30,Current,Capital Invested
A7ead5b,A65900b,Cyncly,2025-09-30,Current,Capital Invested
A7ead5b,A65900b,"First Eagle Investment Management, LLC",2025-09-30,Current,Capital Invested
A7ead5b,A65900b,MASA Global,2025-09-30,Current,Capital Invested
A7ead5b,A65900b,Marcone,2025-09-30,Current,Capital Invested
A7ead5b,A65900b,Mercer,2025-09-30,Current,Capital Invested
A7ead5b,A65900b,OEConnection LLC,2025-09-30,Current,Capital Invested
A7ead5b,A65900b,Obsidian Insurance Holdings,2025-09-30,Current,Capital Invested
A7ead5b,A65900b,Orion Advisor Solutions,2025-09-30,Current,Capital Invested
A7ead5b,A65900b,Prometheus,2025-09-30,Current,Capital Invested
A7ead5b,A65900b,Sonny's Enterprises,2025-09-30,Current,Capital Invested
A7ead5b,A65900b,Vector,2025-09-30,Current,Capital Invested
A7ead5b,A65900b,insightsoftware,2025-09-30,Current,Capital Invested
A1c6bfc,A65900b,Accruent,2025-09-30,,"Capital Invested, Current Cost, Unrealized Value, Deal Status"
A1c6bfc,A65900b,Alera,2025-09-30,,"Capital Invested, Current Cost, Unrealized Value, Deal Status"
A1c6bfc,A65900b,Ascensus,2025-09-30,Current,Capital Invested
A1c6bfc,A65900b,Association Member Benefits Advisors,2025-09-30,,"Capital Invested, Current Cost, Unrealized Value, Deal Status"
A1c6bfc,A65900b,Cetera,2025-09-30,,"Capital Invested, Current Cost, Unrealized Value, Deal Status"
A1c6bfc,A65900b,Community Brands,2025-09-30,Current,Capital Invested
A1c6bfc,A65900b,"ConnectiveRx (fka ""PSK-PDR"")",2025-09-30,Current,Capital Invested
A1c6bfc,A65900b,"Enverus (fka ""Drillinginfo"")",2025-09-30,Current,Capital Invested
A1c6bfc,A65900b,"Infinite Electronics, Inc.",2025-09-30,,"Capital Invested, Current Cost, Unrealized Value, Deal Status"
A1c6bfc,A65900b,Power Products,2025-09-30,,"Capital Invested, Current Cost, Unrealized Value, Deal Status"
A1c6bfc,A65900b,"Signant Health (fka ""CRF Bracket"")",2025-09-30,Current,Capital Invested
A1c6bfc,A65900b,Sphera Solutions,2025-09-30,,"Capital Invested, Current Cost, Unrealized Value, Deal Status"
A1c6bfc,A65900b,Stack Sports,2025-09-30,Current,Capital Invested
Afb9c3e,A65900b,2-10 HBW,2025-09-30,,"Capital Invested, Current Cost, Unrealized Value, Deal Status"
Afb9c3e,A65900b,ISS,2025-09-30,,"Capital Invested, Current Cost, Unrealized Value, Deal Status"
A2257c0,A65900b,"AffiniPay, LLC",2025-09-30,Current,Capital Invested
A2257c0,A65900b,"Amwins Group, Inc.",2025-09-30,Current,Capital Invested
A2257c0,A65900b,"Aperture Companies, LLC",2025-09-30,Current,Capital Invested
A2257c0,A65900b,Cetera,2025-09-30,Current,Capital Invested
A2257c0,A65900b,"Docupace Technologies, LLC",2025-09-30,Current,Capital Invested
A2257c0,A65900b,"First Eagle Investment Management, LLC",2025-09-30,Current,Capital Invested
A2257c0,A65900b,"Flourish Research Holdings, LLC",2025-09-30,Current,Capital Invested
A2257c0,A65900b,Playmetrics,2025-09-30,Current,Capital Invested
Aaab069,A69ce65,Acme Cryogenics,2025-09-30,Fully Exited,Capital Invested
Aaab069,A69ce65,BrightPet,2025-09-30,Fully Exited,Capital Invested
Aaab069,A69ce65,DTI,2025-09-30,Written Off,Capital Invested
Aaab069,A69ce65,Giraffe Foods,2025-09-30,Fully Exited,Capital Invested
Aaab069,A69ce65,Medbio,2025-09-30,Fully Exited,Capital Invested
Aaab069,A69ce65,Mercer,2025-09-30,Fully Exited,Capital Invested
Aaab069,A69ce65,Myers EPS,2025-09-30,Fully Exited,Capital Invested
Aaab069,A69ce65,OptConnect,2025-09-30,Fully Exited,Capital Invested
Ad2d94c,A69ce65,Gatekeeper,2025-09-30,Fully Exited,Capital Invested
Ad2d94c,A69ce65,Rhythmlink,2025-09-30,Partially Exited,Capital Invested
Ad2d94c,A69ce65,VPET,2025-09-30,Partially Exited,Capital Invested
Aa2c385,A6c1ccf,Meituan Dianping (HK: 03690),2025-09-30,Fully Exited,Capital Invested
Acc6f90,Ad137c9,"HEI Hospitality Fund Holdings III, L.P.",2025-09-30,,"Capital Invested, Deal Status"
A6e113b,A7b259c,"MPH Bastrop Peakers Holdco, LLC",2025-09-30,Current,Capital Invested
A6e113b,A7b259c,MPH Cross Island,2025-09-30,Current,Capital Invested
A6e113b,A7b259c,"MPH Elwood Holdco, LLC",2025-09-30,Current,Capital Invested
A41fefa,A8d1733,"10Beauty, Inc.",2025-09-30,Current,Capital Invested
A41fefa,A8d1733,Ami Cole Inc.,2025-09-30,,"Capital Invested, Deal Status"
A41fefa,A8d1733,Brady Brand,2025-09-30,,"Capital Invested, Current Cost, Unrealized Value, Deal Status"
A41fefa,A8d1733,Bread Beauty Inc.,2025-09-30,,"Capital Invested, Deal Status"
A41fefa,A8d1733,"Builder.io, Inc.",2025-09-30,Current,Capital Invested
A41fefa,A8d1733,"DUOS Living, Inc.",2025-09-30,,"Capital Invested, Current Cost, Unrealized Value, Deal Status"
A41fefa,A8d1733,Eon Group Holdings Inc.,2025-09-30,Current,Capital Invested
A41fefa,A8d1733,Foxtrot,2025-09-30,,"Capital Invested, Current Cost, Unrealized Value, Deal Status"
A41fefa,A8d1733,Goodfair,2025-09-30,,"Capital Invested, Current Cost, Unrealized Value, Deal Status"
A41fefa,A8d1733,Grin Technologies Inc.,2025-09-30,Current,Capital Invested
A41fefa,A8d1733,Lightspeed (fka NuORDER),2025-09-30,,"Capital Invested, Current Cost, Unrealized Value, Deal Status"
A41fefa,A8d1733,Pomegranate Technologies Inc.,2025-09-30,Current,Capital Invested
A41fefa,A8d1733,"SKIMS Body, Inc.",2025-09-30,Current,Capital Invested
A41fefa,A8d1733,"Shiftsmart, Inc.",2025-09-30,Current,Capital Invested
A41fefa,A8d1733,Shop Safely LLC,2025-09-30,Current,Capital Invested
A41fefa,A8d1733,Simulate Inc (Nuggs),2025-09-30,,"Capital Invested, Deal Status"
A41fefa,A8d1733,"Stripe, Inc.",2025-09-30,Current,Capital Invested
A41fefa,A8d1733,"Sundays for Dogs, Inc.",2025-09-30,Current,Capital Invested
A41fefa,A8d1733,The XCJ Corp.,2025-09-30,Current,Capital Invested
A41fefa,A8d1733,"Westman Atelier Holdings, Inc.",2025-09-30,Current,Capital Invested
A5bb3fe,A8d1733,Bathhouse,2025-09-30,Current,Capital Invested
A5bb3fe,A8d1733,"GlossGenius, Inc.",2025-09-30,Current,Capital Invested
A5bb3fe,A8d1733,MILA (formerly XCJ),2025-09-30,Current,Capital Invested
A5bb3fe,A8d1733,"SKIMS Body, Inc.",2025-09-30,Current,Capital Invested
A5bb3fe,A8d1733,TR Holding LLC (The Row),2025-09-30,Current,Capital Invested
A5bb3fe,A8d1733,"The Feed.com, Inc.",2025-09-30,Current,Capital Invested
A80b715,A8d1733,"AYOH, Inc.",2025-09-30,Current,Capital Invested
A80b715,A8d1733,Alec's Ice Cream,2025-09-30,Current,Capital Invested
A80b715,A8d1733,"Black Crow AI, Inc.",2025-09-30,Current,Capital Invested
A80b715,A8d1733,Cafeteria Inc.,2025-09-30,Current,Capital Invested
A80b715,A8d1733,"DFSNY Holding, Inc.",2025-09-30,Current,Capital Invested
A80b715,A8d1733,"Ever/Body, Inc.",2025-09-30,,"Capital Invested, Deal Status"
A80b715,A8d1733,Goose Holdings Inc.,2025-09-30,Current,Capital Invested
A80b715,A8d1733,Hook Media Inc.,2025-09-30,Current,Capital Invested
A80b715,A8d1733,"IMGN Labs II, Inc.",2025-09-30,Current,Capital Invested
A80b715,A8d1733,"ImAgEnary Labs, Inc.(reale actives)",2025-09-30,Current,Capital Invested
A80b715,A8d1733,"Imaginary Labs IV, Inc. (SWORL)",2025-09-30,Current,Capital Invested
A80b715,A8d1733,K Brand Inc.,2025-09-30,Current,Capital Invested
A80b715,A8d1733,Korean Bros Incorporated,2025-09-30,Current,Capital Invested
A80b715,A8d1733,Lone Palm Labs Inc. (dba Retro),2025-09-30,Current,Capital Invested
A80b715,A8d1733,Lucky Beverage Co.,2025-09-30,Current,Capital Invested
A80b715,A8d1733,Rules Beauty Inc.,2025-09-30,Current,Capital Invested
A80b715,A8d1733,Santo Taco (Taco Inc.),2025-09-30,Current,Capital Invested
A80b715,A8d1733,SmellCo Inc.,2025-09-30,Current,Capital Invested
A80b715,A8d1733,"iMgN Labs, Inc.(dba Point of View)",2025-09-30,Current,Capital Invested
Ae4c498,A8d1733,"SKIMS Body, Inc.",2025-09-30,,"Capital Invested, Current Cost, Unrealized Value, Deal Status"
A8ff6ae,Ab9d621,Apex (Wuxi) Co. Ltd.,2025-09-30,,"Capital Invested, Current Cost, Unrealized Value, Deal Status"
A8ff6ae,Ab9d621,Berzelius (Nanjing) Co. Ltd,2025-09-30,,"Capital Invested, Current Cost, Unrealized Value, Deal Status"
A8ff6ae,Ab9d621,"Datameer, Inc.",2025-09-30,,"Capital Invested, Current Cost, Unrealized Value, Deal Status"
A8ff6ae,Ab9d621,"Everlane, Inc.",2025-09-30,,"Capital Invested, Current Cost, Unrealized Value, Deal Status"
A8ff6ae,Ab9d621,"Rent The Runway, Inc.",2025-09-30,,"Capital Invested, Current Cost, Unrealized Value, Deal Status"
A86e0b1,Aa130ea,"Alpaca Technology, Inc.",2025-09-30,Written Down,Capital Invested
A86e0b1,Aa130ea,"Guide Oncology, Inc. (Kirilys)",2025-09-30,,"Capital Invested, Current Cost, Unrealized Value, Deal Status"
A86e0b1,Aa130ea,Hempfusion Wellness Inc.,2025-09-30,Written Down,Capital Invested
A096a41,Aa130ea,"Berry Health, Inc.",2025-09-30,Written Down,Capital Invested
A096a41,Aa130ea,"Eco, Inc.",2025-09-30,Written Down,Capital Invested
A096a41,Aa130ea,"HeightHQ, Inc.",2025-09-30,Written Down,Capital Invested
A096a41,Aa130ea,"Humaning, Inc.",2025-09-30,Written Down,Capital Invested
A096a41,Aa130ea,Live Summer Inc.,2025-09-30,Written Down,Capital Invested
A096a41,Aa130ea,Parallel Finance Inc.,2025-09-30,Written Down,Capital Invested
A096a41,Aa130ea,Terraform Labs Pte. Ltd. (dba Luna),2025-09-30,Written Down,Capital Invested
A096a41,Aa130ea,"The Hive Social Network, Inc.",2025-09-30,Written Down,Capital Invested
Aeccf59,Af0082f,"Access Medical Systems, Ltd. (ET Healthcare)",2025-09-30,Current,Capital Invested
Aeccf59,Af0082f,"Beijing Xinwu Liebo e-Commerce Co., Ltd. (Liebo)",2025-09-30,,"Capital Invested, Deal Status"
Aeccf59,Af0082f,DiDi Global Inc. (DIDIY),2025-09-30,Current,Capital Invested
Aeccf59,Af0082f,Distinct Healthcare Holdings Limited,2025-09-30,Current,Capital Invested
Aeccf59,Af0082f,EDDA Healthcare and Technology Holding Limited,2025-09-30,Current,Capital Invested
Aeccf59,Af0082f,Fenbi Ltd.,2025-09-30,Current,Capital Invested
Aeccf59,Af0082f,NaviChina Inc. (Zhe800),2025-09-30,Current,Capital Invested
Aeccf59,Af0082f,Peijia Medical Limited,2025-09-30,Current,Capital Invested
Aeccf59,Af0082f,Qiniu Limited,2025-09-30,Current,Capital Invested
Aeccf59,Af0082f,Souche Holdings Ltd,2025-09-30,Current,Capital Invested
Aeccf59,Af0082f,"Tubatu Group Co., Ltd. (To8To)",2025-09-30,Current,Capital Invested
Aeccf59,Af0082f,YUAN Inc (Yuanfudao),2025-09-30,Current,Capital Invested
Aeccf59,Af0082f,Yoka International Inc.,2025-09-30,Current,Capital Invested
Aeccf59,Af0082f,Zhaogang,2025-09-30,Current,Capital Invested
A65fb68,Af0082f,Adlai Nortye Ltd. (Anuo),2025-09-30,Current,Capital Invested
A65fb68,Af0082f,"Ansun Biopharma, Inc.",2025-09-30,Current,Capital Invested
A65fb68,Af0082f,"Beijing Zhiling Haina Technology Co., Ltd. (SmartX)",2025-09-30,Current,Capital Invested
A65fb68,Af0082f,Choice Technology Inc. (Weimai),2025-09-30,Current,Capital Invested
A65fb68,Af0082f,Cloudchef Group Inc.,2025-09-30,,"Capital Invested, Deal Status"
A65fb68,Af0082f,DataPipeline Ltd,2025-09-30,Current,Capital Invested
A65fb68,Af0082f,Dejavu Technology Holdings Limited (DuoZhuaYu),2025-09-30,Current,Capital Invested
A65fb68,Af0082f,Dora Technology Limited (Snowplus),2025-09-30,Current,Capital Invested
A65fb68,Af0082f,Edianyun Limited,2025-09-30,Current,Capital Invested
A65fb68,Af0082f,Eyepetizer Technology Limited (KaiYanShiPin),2025-09-30,,"Capital Invested, Deal Status"
A65fb68,Af0082f,Guazi.com Inc.,2025-09-30,Current,Capital Invested
A65fb68,Af0082f,"Happy Sharing Co., Ltd. (XiangWuShuo)",2025-09-30,,"Capital Invested, Deal Status"
A65fb68,Af0082f,HashData Technology Inc. (KuKe),2025-09-30,Current,Capital Invested
A65fb68,Af0082f,More Fun Entertainment Group (MoTianLun Ticket),2025-09-30,Current,Capital Invested
A65fb68,Af0082f,NB Therapeutics Inc. (fka. Nuance Biotech Inc.),2025-09-30,Current,Capital Invested
A65fb68,Af0082f,Peijia Medical Limited,2025-09-30,Current,Capital Invested
A65fb68,Af0082f,Source Technology Inc.,2025-09-30,Current,Capital Invested
A65fb68,Af0082f,UXLINK,2025-09-30,Current,Capital Invested
A65fb68,Af0082f,Vesoft Inc. (Nebula Graph),2025-09-30,Current,Capital Invested
A65fb68,Af0082f,XPX Holdings Limited (Chubby Bear),2025-09-30,Current,Capital Invested
A65fb68,Af0082f,XPeng Inc. (XPeng Motors),2025-09-30,Current,Capital Invested
A65fb68,Af0082f,"Xi An Wingspan Electronic Technology, Co., Ltd. (Yizhan)",2025-09-30,,"Capital Invested, Deal Status"
A65fb68,Af0082f,YUNSHAN Networks Inc.,2025-09-30,Current,Capital Invested
A9859d3,Af0082f,Addx Limited (JiJiaKeJi),2025-09-30,Current,Capital Invested
A9859d3,Af0082f,"Beijing MeiyiLab Co.,Ltd. (MeiYi)",2025-09-30,,"Capital Invested, Deal Status"
A9859d3,Af0082f,Beijing Semidrive Technology Corporation (XinChi),2025-09-30,Current,Capital Invested
A9859d3,Af0082f,Beisen Holding Limited,2025-09-30,Current,Capital Invested
A9859d3,Af0082f,Bestsign Inc. (ShangShangQian),2025-09-30,Current,Capital Invested
A9859d3,Af0082f,Bota Biosciences Ltd (Bota Bio),2025-09-30,Current,Capital Invested
A9859d3,Af0082f,"Chameleon Biosciences, Inc.",2025-09-30,,"Capital Invested, Deal Status"
A9859d3,Af0082f,Datacloak Inc. (Shupeng),2025-09-30,Current,Capital Invested
A9859d3,Af0082f,Easy Group Holdings Inc.,2025-09-30,,"Capital Invested, Deal Status"
A9859d3,Af0082f,FEIBAI Education Corporation,2025-09-30,Current,Capital Invested
A9859d3,Af0082f,Feiyulife Inc. (Feiyu),2025-09-30,Current,Capital Invested
A9859d3,Af0082f,ForU Worldwide Inc. (ForU Truck),2025-09-30,Current,Capital Invested
A9859d3,Af0082f,"Gemii (Zhejiang Shaoxing) Technology Co., Ltd. (Jingli)",2025-09-30,Current,Capital Invested
A9859d3,Af0082f,Global Digital Mercantile Holdings Limited (GDM),2025-09-30,,"Capital Invested, Deal Status"
A9859d3,Af0082f,"Golden Array Nanjing Limited (JLSemi) (FKA ""PhotonArray Inc."")",2025-09-30,Current,Capital Invested
A9859d3,Af0082f,HUAHUI HEALTHCARE INC. (HuaHuiAnJian),2025-09-30,Current,Capital Invested
A9859d3,Af0082f,Hang Zhou Jin Ling Yang Consulting Limited Company (ZiHaiGuo),2025-09-30,,"Capital Invested, Deal Status"
A9859d3,Af0082f,Hangzhou Beauty Secret Brand Management Co. LTD,2025-09-30,,"Capital Invested, Deal Status"
A9859d3,Af0082f,Happy_seed (Cayman) Limited,2025-09-30,Current,Capital Invested
A9859d3,Af0082f,Howhow Holding Limited (How Wenda),2025-09-30,,"Capital Invested, Deal Status"
A9859d3,Af0082f,"Hui Ta Li Arts and Crafts (Beijing) Co., Ltd",2025-09-30,,"Capital Invested, Deal Status"
A9859d3,Af0082f,"Jiaxing Boji Medical Technology Co., Ltd. (UP Clinic)",2025-09-30,Current,Capital Invested
A9859d3,Af0082f,Lupu Holdings Limited,2025-09-30,Current,Capital Invested
A9859d3,Af0082f,Mallee Tech Holdings Limited,2025-09-30,,"Capital Invested, Deal Status"
A9859d3,Af0082f,MitoQuality Pharmaceuticals Ltd,2025-09-30,Current,Capital Invested
A9859d3,Af0082f,NeXtech (Cayman) Limited (NeuraMatrix),2025-09-30,Current,Capital Invested
A9859d3,Af0082f,NutriMotion PTE.LTD,2025-09-30,,"Capital Invested, Deal Status"
A9859d3,Af0082f,OnQuality Pharmaceuticals Ltd. (AnKuo Yiyao),2025-09-30,Current,Capital Invested
A9859d3,Af0082f,Quwan Holding Limited (TT Voice),2025-09-30,Current,Capital Invested
A9859d3,Af0082f,"Rgenta Therapeutics, Inc.",2025-09-30,Current,Capital Invested
A9859d3,Af0082f,"RootPath, Inc. (ChengYuanShengWu)",2025-09-30,Current,Capital Invested
A9859d3,Af0082f,"Shanghai EnnovaBio Pharmaceuticals Co., Ltd. (EnnovaBio)",2025-09-30,Current,Capital Invested
A9859d3,Af0082f,"Shanghai Xizhi Technology Co., Ltd. (LightAI Ltd.)",2025-09-30,Current,Capital Invested
A9859d3,Af0082f,"Shenzhen Smart Manufacturing Software Dev. Co., Ltd. (Zhi Bu)",2025-09-30,Current,Capital Invested
A9859d3,Af0082f,Shoucheng Holdings Limited,2025-09-30,Current,Capital Invested
A9859d3,Af0082f,Smart Drive Information Technology Inc (Lao Siji),2025-09-30,Current,Capital Invested
A9859d3,Af0082f,Starfield Food and Science Technology Limited,2025-09-30,Current,Capital Invested
A9859d3,Af0082f,Trussan.com Corporation (PuLan),2025-09-30,Current,Capital Invested
A9859d3,Af0082f,V Light Technologies Limited,2025-09-30,,"Capital Invested, Deal Status"
A9859d3,Af0082f,"Web3.x (FKA ""Blockchain"" ""TokenInsight"")",2025-09-30,Current,Capital Invested
A9859d3,Af0082f,Wecook Inc.,2025-09-30,Current,Capital Invested
A9859d3,Af0082f,Xindebaby Limited. (MUA),2025-09-30,,"Capital Invested, Deal Status"
A9859d3,Af0082f,Xingyun International Company Limited,2025-09-30,Current,Capital Invested
A9859d3,Af0082f,Xolo (Cayman) Limited (Mollybox),2025-09-30,Current,Capital Invested
A9859d3,Af0082f,YESMRO Holdings Limited (YiMaiGongPin),2025-09-30,Current,Capital Invested
A9859d3,Af0082f,YUNYUN Global Limited (Yunyun Story),2025-09-30,,"Capital Invested, Deal Status"
A9859d3,Af0082f,Zhuan Spirit Holdings Limited (ZhuanZhuan),2025-09-30,Current,Capital Invested
A80ede9,Af0082f,"AkroStar Technology Co., Ltd. (XinYaoHui)",2025-09-30,Current,Capital Invested
A80ede9,Af0082f,Ambilight Inc (Guangyi Tech),2025-09-30,Current,Capital Invested
A80ede9,Af0082f,"Anhui Kouweiquan Food Co., Ltd.",2025-09-30,Current,Capital Invested
A80ede9,Af0082f,"BEIJING PROTOGA BIOTECH CO., LTD (Yuanyu Bio)",2025-09-30,Current,Capital Invested
A80ede9,Af0082f,"BITO Robotics (Shanghai) Co., Ltd.",2025-09-30,Current,Capital Invested
A80ede9,Af0082f,"Beijing Biostar Pharmaceuticals Co., Ltd. (HuaHaoZhongTian)",2025-09-30,Current,Capital Invested
A80ede9,Af0082f,"Beijing DP Technology Co.,Ltd (Deep Potential)",2025-09-30,Current,Capital Invested
A80ede9,Af0082f,"Beijing Galaxy-Future Network Technology Co., Ltd. (Xinghan)",2025-09-30,Current,Capital Invested
A80ede9,Af0082f,"Beijing Mingzhizhixiang Data Technology Co.,Ltd (Mingzhi Data)",2025-09-30,Current,Capital Invested
A80ede9,Af0082f,"Beijing Nuoxinchuanglian Technology CO., Ltd. (Naxions)",2025-09-30,Current,Capital Invested
A80ede9,Af0082f,"Beijing Xiyou Health Technology Co., Ltd",2025-09-30,Current,Capital Invested
A80ede9,Af0082f,"Beijing Yiling Chenfei Technology Co., Ltd. (Ealing)",2025-09-30,Current,Capital Invested
A80ede9,Af0082f,Belief BioMed Inc. (XinNian BioMed),2025-09-30,Current,Capital Invested
A80ede9,Af0082f,Burning Galaxy Ltd (Another Earth),2025-09-30,,"Capital Invested, Deal Status"
A80ede9,Af0082f,Bytebase (Cayman) Limited,2025-09-30,Current,Capital Invested
A80ede9,Af0082f,Carticletech Cayman Limited (Chelizi),2025-09-30,Current,Capital Invested
A80ede9,Af0082f,"Cellbri Ark (Shenzhen) Biotech Co., Ltd. (FKA Beijing Cellbri) (Saiqiao Bio)",2025-09-30,Current,Capital Invested
A80ede9,Af0082f,"Chiplite Technology Co., Ltd.",2025-09-30,,"Capital Invested, Deal Status"
A80ede9,Af0082f,City Puzzle Holdings Limited (Didi Freight),2025-09-30,Current,Capital Invested
A80ede9,Af0082f,Coevolution Technologies Investments Limited (Yiwu Tech),2025-09-30,,"Capital Invested, Deal Status"
A80ede9,Af0082f,"Collov, Inc.",2025-09-30,Current,Capital Invested
A80ede9,Af0082f,Colorful Pines Group Limited (HongSongXueTang),2025-09-30,Current,Capital Invested
A80ede9,Af0082f,"D3 Bio, Inc.",2025-09-30,Current,Capital Invested
A80ede9,Af0082f,East Stone Spacelike Limited (Kuaiyin),2025-09-30,Current,Capital Invested
A80ede9,Af0082f,FitVille Brand Group,2025-09-30,Current,Capital Invested
A80ede9,Af0082f,"Flickering Education Technology Co., Limited (Flikering. AI)",2025-09-30,Current,Capital Invested
A80ede9,Af0082f,Frog Social Tech Ltd.,2025-09-30,,"Capital Invested, Deal Status"
A80ede9,Af0082f,Frontis (Xianyuan Tech),2025-09-30,Current,Capital Invested
A80ede9,Af0082f,GAIA STONE LTD.,2025-09-30,Current,Capital Invested
A80ede9,Af0082f,Genor Biopharma Holdings Limited (FKA JHBP),2025-09-30,Current,Capital Invested
A80ede9,Af0082f,Grand Cyclone Holdings Limited (HongJi),2025-09-30,Current,Capital Invested
A80ede9,Af0082f,"Guangzhou Cyberspace Holdings Co., Ltd. (FKA Cyber Space) (Chaojing Automobile)",2025-09-30,Current,Capital Invested
A80ede9,Af0082f,"HOURS Technology Co.,Ltd. (Woshi Tech)",2025-09-30,Current,Capital Invested
A80ede9,Af0082f,"HangZhou Core Control Robotics Co., Ltd. (Xinkong Al)",2025-09-30,Current,Capital Invested
A80ede9,Af0082f,"Hangzhou Baoge electronic commerce Co., Ltd. (Wang Baobao)",2025-09-30,Current,Capital Invested
A80ede9,Af0082f,"Hangzhou Guosheng Tech co.,LTD (Zhongke Guosheng)",2025-09-30,Current,Capital Invested
A80ede9,Af0082f,Hangzhou Partner Pet Co Ltd,2025-09-30,Current,Capital Invested
A80ede9,Af0082f,"Hangzhou Polymed Biopharmaceuticals, Inc (Duoyu)",2025-09-30,Current,Capital Invested
A80ede9,Af0082f,"Hunan Hongchen Catering Management Co.,Ltd (Huanxi Shaomai)",2025-09-30,,"Capital Invested, Deal Status"
A80ede9,Af0082f,"KYINNO BIOTECHNOLOGY CO.,LTD (Kang Yuan Bo Chuang)",2025-09-30,Current,Capital Invested
A80ede9,Af0082f,Link-ic (suzhou) CO. Ltd (Xinling Semi),2025-09-30,Current,Capital Invested
A80ede9,Af0082f,Merico Holdings Inc. (SiMaYi),2025-09-30,Current,Capital Invested
A80ede9,Af0082f,"MolyVivi (Shanghai) Clothing Technology Co., Ltd.",2025-09-30,Current,Capital Invested
A80ede9,Af0082f,"Nanjing Houmo Technology Co., Ltd. (Houmo.Al)",2025-09-30,Current,Capital Invested
A80ede9,Af0082f,"Nanjing Zenshine Pharmaceuticals Co., Ltd.",2025-09-30,Current,Capital Invested
A80ede9,Af0082f,Nebula (Cayman) Limited,2025-09-30,,"Capital Invested, Deal Status"
A80ede9,Af0082f,Neptune Group Holding Limited (Nabai Robotics),2025-09-30,Current,Capital Invested
A80ede9,Af0082f,New Urtopia Holdings Limited,2025-09-30,Current,Capital Invested
A80ede9,Af0082f,"NiKang Therapeutics, Inc.",2025-09-30,Current,Capital Invested
A80ede9,Af0082f,Ntmer Group (Xintian Tech),2025-09-30,,"Capital Invested, Deal Status"
A80ede9,Af0082f,"Nutshell Biotech (Shanghai) Co., Ltd. (Yudao Bio)",2025-09-30,Current,Capital Invested
A80ede9,Af0082f,Olive Health Group (GLZ),2025-09-30,Current,Capital Invested
A80ede9,Af0082f,"Olive Wren, Inc. (SIJO)",2025-09-30,Current,Capital Invested
A80ede9,Af0082f,Onesight Inc. (Yijian Tech),2025-09-30,Current,Capital Invested
A80ede9,Af0082f,PAQ Therapeutics Limited (Paqman),2025-09-30,Current,Capital Invested
A80ede9,Af0082f,Qihan Holdings Limited,2025-09-30,Current,Capital Invested
A80ede9,Af0082f,"Qisheng National Veterinary Hospital Management Co.,Ltd (Mengshou)",2025-09-30,Current,Capital Invested
A80ede9,Af0082f,Quwan Holding Limited,2025-09-30,Current,Capital Invested
A80ede9,Af0082f,"Qyuns Therapeutics Co., Ltd. (Quanxin Bio)",2025-09-30,Current,Capital Invested
A80ede9,Af0082f,RainbowFerry. Inc. (ShaLi Bio),2025-09-30,Current,Capital Invested
A80ede9,Af0082f,Resgo (Cayman) Limited (Shuiwan),2025-09-30,Current,Capital Invested
A80ede9,Af0082f,Ronovo Surgical,2025-09-30,Current,Capital Invested
A80ede9,Af0082f,"SHENZHEN YINGMU TECHNOLOGY CO., LTD (INMO)",2025-09-30,Current,Capital Invested
A80ede9,Af0082f,"SICHUAN MAMA FOODS TECHNOLOGY CO.,LTD. (Jitaitai)",2025-09-30,Current,Capital Invested
A80ede9,Af0082f,SURPATH TECH (CAYMAN) (Yima Tech),2025-09-30,Current,Capital Invested
A80ede9,Af0082f,SciOne Corp.,2025-09-30,,"Capital Invested, Current Cost, Unrealized Value, Deal Status"
A80ede9,Af0082f,"Senti Biosciences, Inc.",2025-09-30,Current,Capital Invested
A80ede9,Af0082f,Shanghai Cygnus Semiconductor Company Limited (Xingsi Semi),2025-09-30,Current,Capital Invested
A80ede9,Af0082f,Shanghai Jiashang Infomator Technology Ltd. (Zhi Wu Jiao Shou),2025-09-30,,"Capital Invested, Deal Status"
A80ede9,Af0082f,Shanghai RunFeixiandun Catering Management Co Ltd (Runfei),2025-09-30,Current,Capital Invested
A80ede9,Af0082f,"Shanghai Xiguo Sports Apparels Co., Ltd. (Knowin)",2025-09-30,,"Capital Invested, Deal Status"
A80ede9,Af0082f,"Shenzhen Qianhai Duodao Enterprise Management Co., Ltd (LuWeiJueXing)",2025-09-30,Current,Capital Invested
A80ede9,Af0082f,"Shenzhen Snapmaker Technologies Co., Ltd.",2025-09-30,Current,Capital Invested
A80ede9,Af0082f,"Shenzhen Xiaosi Technology Co., Ltd.",2025-09-30,Current,Capital Invested
A80ede9,Af0082f,"Shenzhen ZhiLiu Technology Co., Ltd. (APISeven)",2025-09-30,Current,Capital Invested
A80ede9,Af0082f,Shipu Holding Corporation (iLabService),2025-09-30,Current,Capital Invested
A80ede9,Af0082f,ShuMei Technology Corporation,2025-09-30,Current,Capital Invested
A80ede9,Af0082f,"Skywalker Education Technology Co., Ltd. (Yuanyin Edu)",2025-09-30,Current,Capital Invested
A80ede9,Af0082f,"Suzhou Advaccine Biotechnology Co., Ltd. (FKA Beijing Advaccine) Ordinary",2025-09-30,Current,Capital Invested
A80ede9,Af0082f,Suzhou Affection Animal Pharmaceuticals,2025-09-30,Current,Capital Invested
A80ede9,Af0082f,"Suzhou Bluestone New Power Co., Ltd",2025-09-30,Current,Capital Invested
A80ede9,Af0082f,Talentspark Holding Inc (Jike Interview),2025-09-30,,"Capital Invested, Deal Status"
A80ede9,Af0082f,"Tallac Therapeutics, Inc.",2025-09-30,Current,Capital Invested
A80ede9,Af0082f,Taos Data,2025-09-30,Current,Capital Invested
A80ede9,Af0082f,U Power International Limited (Youpao Network),2025-09-30,Current,Capital Invested
A80ede9,Af0082f,Umer Technology (Cayman) Limited (Youmai),2025-09-30,Current,Capital Invested
A80ede9,Af0082f,VASTAI Holding Company (VASTAI Tech),2025-09-30,Current,Capital Invested
A80ede9,Af0082f,VelaCyber Holdings Limited ( Jinghai Tech),2025-09-30,Current,Capital Invested
A80ede9,Af0082f,Vibrant Therapeutics Limited (Xinhua Bio),2025-09-30,Current,Capital Invested
A80ede9,Af0082f,XEPIC Corporation Limited (Xinhuazhang),2025-09-30,Current,Capital Invested
A80ede9,Af0082f,YXT.COM GROUP HOLDING LIMITED (FKA UNICENTURY),2025-09-30,Current,Capital Invested
A80ede9,Af0082f,"ZKnow Technologies Co.,Ltd. (YQcloud)",2025-09-30,Current,Capital Invested
A72f874,Af0082f,Astribot Inc.,2025-09-30,Current,Capital Invested
A72f874,Af0082f,BOTAI Intelligent Equipment (Guangdong) Limited,2025-09-30,Current,Capital Invested
A72f874,Af0082f,BaseCure Therapeutics Inc.,2025-09-30,Current,Capital Invested
A72f874,Af0082f,"Beijing Galbot Co.,Ltd",2025-09-30,Current,Capital Invested
A72f874,Af0082f,Carote Ltd,2025-09-30,Current,Capital Invested
A72f874,Af0082f,"Changzhou Lingyue Equipment Co., Ltd",2025-09-30,Current,Capital Invested
A72f874,Af0082f,Esquared Capital Limited (Klook),2025-09-30,Current,Capital Invested
A72f874,Af0082f,"Guangdong Advanced Carbon Materials Co., Ltd (Kargen)",2025-09-30,Current,Capital Invested
A72f874,Af0082f,"Lightwheel Al (Beijing) Technology Co., LTD.",2025-09-30,,"Capital Invested, Current Cost, Unrealized Value, Deal Status"
A72f874,Af0082f,MiniMax Group Inc.,2025-09-30,Current,Capital Invested
A72f874,Af0082f,Narrow Path Tech Inc. (YuanShi),2025-09-30,Current,Capital Invested
A72f874,Af0082f,"Qidi Technology Co.,Ltd .(Singularity)",2025-09-30,,"Capital Invested, Deal Status"
A72f874,Af0082f,SOLV LEGOS LTD.,2025-09-30,Current,Capital Invested
A72f874,Af0082f,Sandai Holdings Limited,2025-09-30,Current,Capital Invested
A72f874,Af0082f,Seed Investments,2025-09-30,Current,Capital Invested
A72f874,Af0082f,Semi Tech Group Ltd.,2025-09-30,Current,Capital Invested
A72f874,Af0082f,ShenZhen LingDeChuang Technology Limited (LDC),2025-09-30,Current,Capital Invested
A72f874,Af0082f,"Shenzhen Mondo Technology Co., Ltd. (Gamebot)",2025-09-30,Current,Capital Invested
A72f874,Af0082f,Singfilm Solar Pte. Ltd.,2025-09-30,Current,Capital Invested
A72f874,Af0082f,"Suzhou Lapsen Intelligent Technology Co., Ltd",2025-09-30,Current,Capital Invested
A72f874,Af0082f,Suzhou ReCloud iService Information Technology,2025-09-30,Current,Capital Invested
A72f874,Af0082f,Suzhou SiliconRoad Semiconductor Ltd (SRS),2025-09-30,Current,Capital Invested
A72f874,Af0082f,TowardPi (Beijing) Medical Technology Ltd.,2025-09-30,Current,Capital Invested
A72f874,Af0082f,WSPN Holding Limited,2025-09-30,Current,Capital Invested
A2234f1,A12c595,"Apollo Graph, Inc.",2025-09-30,Current,Capital Invested
A2234f1,A12c595,"Canva, Inc.",2025-09-30,Current,Capital Invested
A2234f1,A12c595,"CloudBees, Inc.",2025-09-30,Current,Capital Invested
A2234f1,A12c595,"Machinify, Inc.",2025-09-30,Current,Capital Invested
A2234f1,A12c595,"Quri, Inc.",2025-09-30,,"Capital Invested, Current Cost, Unrealized Value, Deal Status"
A2234f1,A12c595,"Salsify, Inc.",2025-09-30,Current,Capital Invested
A2234f1,A12c595,"Savage X Holding, LLC",2025-09-30,Current,Capital Invested
A2234f1,A12c595,"Sila Nanotechnologies, Inc.",2025-09-30,Current,Capital Invested
A2234f1,A12c595,"Techstyle, Inc. (Fabletics, Inc.)",2025-09-30,Current,Capital Invested
A2f629e,Acc91f3,Dividends,2025-09-30,Fully Exited,Capital Invested
Aef37a9,A12c595,Xtalic Corporation,2025-09-30,Current,Capital Invested
A77a5f6,A12c595,"15Five, Inc.",2025-09-30,Current,Capital Invested
A77a5f6,A12c595,"1661, Inc. (dba GOAT)",2025-09-30,Current,Capital Invested
A77a5f6,A12c595,ACME Technologies Inc.,2025-09-30,Current,Capital Invested
A77a5f6,A12c595,"Activehours, Inc. (dba Earnin)",2025-09-30,Current,Capital Invested
A77a5f6,A12c595,"Apartment List, Inc.",2025-09-30,Current,Capital Invested
A77a5f6,A12c595,CloudZero Inc.,2025-09-30,Current,Capital Invested
A77a5f6,A12c595,"Jobvite Topco, LLC (dba Employ)",2025-09-30,Current,Capital Invested
A77a5f6,A12c595,Joya Communications Inc. (dba Marco Polo),2025-09-30,Current,Capital Invested
A77a5f6,A12c595,"Lightmatter, Inc.",2025-09-30,Current,Capital Invested
A77a5f6,A12c595,"LogRocket, Inc.",2025-09-30,Current,Capital Invested
A77a5f6,A12c595,Mashgin Inc.,2025-09-30,Current,Capital Invested
A77a5f6,A12c595,Owl Labs Inc.,2025-09-30,Current,Capital Invested
A77a5f6,A12c595,"Parabola Labs, Inc.",2025-09-30,Current,Capital Invested
A77a5f6,A12c595,Pending Esrow,2025-09-30,Current,Capital Invested
A77a5f6,A12c595,Qrativ Holdings LLC (nference JV),2025-09-30,Current,Capital Invested
A77a5f6,A12c595,Seed Investments,2025-09-30,Current,Capital Invested
A77a5f6,A12c595,"Side, Inc. (Reside Network, Inc. (Wayfinding, Inc.))",2025-09-30,Current,Capital Invested
A23025c,A12c595,"Centaur Diagnostics, Inc.",2025-09-30,Current,Capital Invested
A23025c,A12c595,Concreit Inc.,2025-09-30,Current,Capital Invested
A23025c,A12c595,"Educative, Inc.",2025-09-30,Current,Capital Invested
A23025c,A12c595,Fivetran Inc.,2025-09-30,Current,Capital Invested
A23025c,A12c595,"Flexible Finance, Inc.",2025-09-30,Current,Capital Invested
A23025c,A12c595,Flock Group Inc (dba Flock Safety),2025-09-30,Current,Capital Invested
A23025c,A12c595,"Glean Data, Inc. (dba Hashboard)",2025-09-30,Current,Capital Invested
A23025c,A12c595,Hookdeck Technologies Inc.,2025-09-30,Current,Capital Invested
A23025c,A12c595,"Infinity Al, Inc.",2025-09-30,Current,Capital Invested
A23025c,A12c595,Keeper Tax Inc.,2025-09-30,Current,Capital Invested
A23025c,A12c595,Knox Medical Diagnostics Inc. (dba Aluna),2025-09-30,Current,Capital Invested
A23025c,A12c595,"LightForce Orthodontics, Inc.",2025-09-30,Current,Capital Invested
A23025c,A12c595,"Luma Al, Inc.",2025-09-30,Current,Capital Invested
A23025c,A12c595,"Mesa Financial, Inc.",2025-09-30,Current,Capital Invested
A23025c,A12c595,"Nubis Communications, Inc.",2025-09-30,Current,Capital Invested
A23025c,A12c595,Seed Investments,2025-09-30,Current,Capital Invested
A23025c,A12c595,Smartcat Group Inc.,2025-09-30,Current,Capital Invested
A23025c,A12c595,"Steadily, Inc.",2025-09-30,Current,Capital Invested
A23025c,A12c595,Trisk Bio Ltd,2025-09-30,Current,Capital Invested
A23025c,A12c595,"TrueMeeting, Inc. (dba CommonGround)",2025-09-30,Current,Capital Invested
A23025c,A12c595,"trycourier.com, Inc. (dba Courier)",2025-09-30,Current,Capital Invested
Afed02f,A899074,"Nautic Cardinal Aggregator, LP",2025-09-30,,"Capital Invested, Current Cost, Unrealized Value, Deal Status"
A32ca97,Ac1f496,Amsino Medical,2025-09-30,Current,Current Cost
A32ca97,Ac1f496,TDConnex Global,2025-09-30,Current,Current Cost
A7dba47,A3d16f4,"Metronet Holdings, LLC",2025-09-30,Current,Capital Invested
A8cbf09,A3d16f4,Lit Communities,2025-09-30,,"Capital Invested, Current Cost, Unrealized Value, Deal Status"
A4923d3,A3d16f4,Lit Communities,2025-09-30,Written Off,Capital Invested
A8b56b9,Af8a639,Nand,2025-09-30,Current,Geographic Focus
Afb294f,A4a62c2,Holiday Property Partners LLC,2025-09-30,Current,Capital Invested
Afb294f,A4a62c2,Middle East - Consumer Staples,2025-09-30,Current,Capital Invested
Afb294f,A4a62c2,Middle East - Financial Services,2025-09-30,Current,Capital Invested
Afb294f,A4a62c2,Oriental Weavers Carpet Company,2025-09-30,Current,Capital Invested
Afb294f,A4a62c2,South America - Real Estate,2025-09-30,Current,Capital Invested
Afb294f,A4a62c2,Transprtadr Gas Del Norte C 1 VT Ord,2025-09-30,Current,Capital Invested
Afb294f,A4a62c2,United States - Oil & Gas Exploration,2025-09-30,Current,Capital Invested
Ac01bd2,A4a62c2,Airbus SE,2025-09-30,Current,Capital Invested
Ac01bd2,A4a62c2,Argentina - Energy,2025-09-30,Current,Capital Invested
Ac01bd2,A4a62c2,First American Financial Corporation,2025-09-30,Current,Capital Invested
Ac01bd2,A4a62c2,France - Consumer Staples,2025-09-30,Current,Capital Invested
Ac01bd2,A4a62c2,Norway - Software,2025-09-30,Current,Capital Invested
Ac01bd2,A4a62c2,Other - United States - Consumer Staples,2025-09-30,Current,Capital Invested
Ac01bd2,A4a62c2,Other - United States - Financial,2025-09-30,Current,Capital Invested
Ac01bd2,A4a62c2,Other - United States - Information Technology,2025-09-30,Current,Capital Invested
Ac01bd2,A4a62c2,Other - United States - Real Estate,2025-09-30,Current,Capital Invested
Ac01bd2,A4a62c2,Other - United States - Technology,2025-09-30,Current,Capital Invested
Ac01bd2,A4a62c2,Outfront Media Inc,2025-09-30,Current,Capital Invested
Ac01bd2,A4a62c2,Park Hotels & Resorts Inc,2025-09-30,Current,Capital Invested
Ac01bd2,A4a62c2,Performance Food Group Company,2025-09-30,Current,Capital Invested
Ac01bd2,A4a62c2,Perren Capital Holdings Ltd,2025-09-30,Current,Capital Invested
Ac01bd2,A4a62c2,Sparebanken Vest,2025-09-30,Current,Capital Invested
Ac01bd2,A4a62c2,United Kingdom - Real Estate,2025-09-30,Current,Capital Invested
Ac01bd2,A4a62c2,United Kingdom - Services,2025-09-30,Current,Capital Invested
Ac01bd2,A4a62c2,United States - Consumer Staples,2025-09-30,Current,Capital Invested
Ac01bd2,A4a62c2,United States - Financial,2025-09-30,Current,Capital Invested
Ac01bd2,A4a62c2,United States - Industrial,2025-09-30,Current,Capital Invested
Ac01bd2,A4a62c2,United States - Information Technology,2025-09-30,Current,Capital Invested
Ac01bd2,A4a62c2,Waymo LLC,2025-09-30,Current,Capital Invested
A13f39c,A4a62c2,ICON PUBLIC LIMITED COMPANY,2025-09-30,Current,Capital Invested
A13f39c,A4a62c2,PROCAP ACQUISITION CORP,2025-09-30,Current,Capital Invested
A13f39c,A4a62c2,VAIL RESORTS INC.,2025-09-30,Current,Capital Invested
A13f39c,A4a62c2,WILDFIRE DEFENSE SYNDICATE 1996,2025-09-30,Current,Capital Invested
A729d8b,A4a62c2,Airbus SE,2025-09-30,Current,Capital Invested
A729d8b,A4a62c2,Alphabet CLA,2025-09-30,Current,Capital Invested
A729d8b,A4a62c2,First American Financial Corporation,2025-09-30,Current,Capital Invested
A729d8b,A4a62c2,France - Consumer Staples,2025-09-30,Current,Capital Invested
A729d8b,A4a62c2,Norway - Software,2025-09-30,Current,Capital Invested
A729d8b,A4a62c2,Other - United States - Consumer Staples,2025-09-30,Current,Capital Invested
A729d8b,A4a62c2,Other - United States - Real Estate,2025-09-30,Current,Capital Invested
A729d8b,A4a62c2,Outfront Media Inc,2025-09-30,Current,Capital Invested
A729d8b,A4a62c2,Parks Hotels & Resorts Inc,2025-09-30,Current,Capital Invested
A729d8b,A4a62c2,Performance Food Group Company,2025-09-30,Current,Capital Invested
A729d8b,A4a62c2,Perren Capital Holdings Ltd,2025-09-30,Current,Capital Invested
A729d8b,A4a62c2,Sparebanken Pluss,2025-09-30,Current,Capital Invested
A729d8b,A4a62c2,United Kingdom - Real Estate,2025-09-30,Current,Capital Invested
A729d8b,A4a62c2,United Kingdom - Services,2025-09-30,Current,Capital Invested
A729d8b,A4a62c2,United States - Consumer Staples,2025-09-30,Current,Capital Invested
A729d8b,A4a62c2,United States - Financial - Other,2025-09-30,Current,Capital Invested
A729d8b,A4a62c2,United States - Financial,2025-09-30,Current,Capital Invested
A729d8b,A4a62c2,United States - Industrial,2025-09-30,Current,Capital Invested
A729d8b,A4a62c2,United States - Information Technology,2025-09-30,Current,Capital Invested
A729d8b,A4a62c2,United States - Technology,2025-09-30,Current,Capital Invested
A729d8b,A4a62c2,Waymo LLC,2025-09-30,Current,Capital Invested
Ac33ef9,A0f94cb,Relyion Energy Inc.,2025-09-30,Written Down,Capital Invested
Ab0a5da,A7dd292,"AlphaSense, LLC (fka Tegus, Inc.)",2025-09-30,Current,Capital Invested
Ab0a5da,A7dd292,"Arcana Analytics, Inc.",2025-09-30,Current,Capital Invested
Ab0a5da,A7dd292,"Blue Wireless, Inc.",2025-09-30,Current,Capital Invested
Ab0a5da,A7dd292,"Cubby NYC, Inc.",2025-09-30,Current,Capital Invested
Ab0a5da,A7dd292,"Etched.ai, Inc.",2025-09-30,Current,Capital Invested
Ab0a5da,A7dd292,Golden X DBA Canopy Capital Group,2025-09-30,Current,Capital Invested
Ab0a5da,A7dd292,"ID.Me, Inc.",2025-09-30,Current,Capital Invested
Ab0a5da,A7dd292,"Invert, Inc.",2025-09-30,Current,Capital Invested
Ab0a5da,A7dd292,Manufactured Networks Inc.,2025-09-30,Current,Capital Invested
Ab0a5da,A7dd292,"Prefect Technologies, Inc.",2025-09-30,Current,Capital Invested
Ab0a5da,A7dd292,"Ridgeline, Inc",2025-09-30,Current,Capital Invested
Ab0a5da,A7dd292,"Rogo Technologies, Inc.",2025-09-30,Current,Capital Invested
Ab0a5da,A7dd292,"SkyRyse, Inc.",2025-09-30,Current,Capital Invested
Ab0a5da,A7dd292,"Storyboard Technology, Inc.",2025-09-30,Current,Capital Invested
A3fdcff,A8bd477,"Inspire Brands, Inc.",2025-09-30,Partially Exited,Capital Invested
Aff00c9,A02306d,"ROF V DTSD Properties, LLC",2025-09-30,,"Capital Invested, Deal Status"
A1d6a44,A02306d,"ROF V 816 Congress, LLC",2025-09-30,Current,Capital Invested
Aec91fb,Aeedbe6,Aquarian Holdings I LP,2025-09-30,,"Capital Invested, Current Cost, Unrealized Value, Deal Status"
Aec91fb,Aeedbe6,Aquarian Holdings III,2025-09-30,,"Capital Invested, Current Cost, Unrealized Value, Deal Status"
Aec91fb,Aeedbe6,Aquarian Holdings IV LP,2025-09-30,,"Capital Invested, Current Cost, Unrealized Value, Deal Status"
Aec91fb,Aeedbe6,Recycled Investment,2025-09-30,Fully Exited,Geographic Focus
Ae3893b,A02306d,"111 NL Investment, LLC",2025-09-30,Current,Capital Invested
Ae3893b,A02306d,816 Congress,2025-09-30,Current,Capital Invested
Ae3893b,A02306d,816 Investors,2025-09-30,Current,Capital Invested
Ae3893b,A02306d,D'Andrea,2025-09-30,Current,Capital Invested
Ae3893b,A02306d,Downtown San Diego Portfolio (DTSD),2025-09-30,Current,Capital Invested
Ae3893b,A02306d,Linear,2025-09-30,Current,Capital Invested
Ae3893b,A02306d,Maia Avira,2025-09-30,,"Capital Invested, Current Cost, Unrealized Value, Deal Status"
Ae3893b,A02306d,McKinley,2025-09-30,Current,Capital Invested
Ae3893b,A02306d,Roosevelt Row,2025-09-30,,"Capital Invested, Current Cost, Unrealized Value, Deal Status"
Ae3893b,A02306d,"Salt Flats Investments, LLC",2025-09-30,Current,Capital Invested
Ae3893b,A02306d,Trammel Crow Center,2025-09-30,Current,Capital Invested
Ae3893b,A02306d,iLuminate,2025-09-30,Current,Capital Invested
Af6593f,A8bd477,Inspire Brands,2025-09-30,Partially Exited,Capital Invested
Afd1cbe,A8bd477,Atkins Nutritionals,2025-09-30,Fully Exited,Capital Invested
Afd1cbe,A8bd477,Corner Bakery,2025-09-30,Fully Exited,Capital Invested
Afd1cbe,A8bd477,GFL,2025-09-30,Fully Exited,Capital Invested
Afd1cbe,A8bd477,Inspire Brands,2025-09-30,Fully Exited,Capital Invested
Afd1cbe,A8bd477,Installation Made Easy,2025-09-30,Fully Exited,Capital Invested
Afd1cbe,A8bd477,Peachtree Business Products,2025-09-30,Fully Exited,Capital Invested
Afd1cbe,A8bd477,Pet Retail Brands,2025-09-30,Fully Exited,Capital Invested
Afd1cbe,A8bd477,Primrose Schools,2025-09-30,Fully Exited,Capital Invested
Afd1cbe,A8bd477,Quala,2025-09-30,Fully Exited,Capital Invested
Afd1cbe,A8bd477,Waste Pro,2025-09-30,Fully Exited,Capital Invested
Afd1cbe,A8bd477,Wingstop,2025-09-30,Fully Exited,Capital Invested
A99e32e,A8bd477,CKE,2025-09-30,Partially Exited,Capital Invested
A99e32e,A8bd477,Driven,2025-09-30,Partially Exited,Capital Invested
A99e32e,A8bd477,Massage Envy,2025-09-30,Partially Exited,Capital Invested
A99e32e,A8bd477,Miller's Ale House,2025-09-30,Partially Exited,Capital Invested
A99e32e,A8bd477,Naf Naf Grill,2025-09-30,Written Off,Capital Invested
A99e32e,A8bd477,Orangetheory Fitness,2025-09-30,Fully Exited,Capital Invested
A99e32e,A8bd477,Pet Retail Brands,2025-09-30,Fully Exited,Capital Invested
A99e32e,A8bd477,Purpose Brands,2025-09-30,Partially Exited,Capital Invested
A99e32e,A8bd477,Solterra,2025-09-30,Fully Exited,Capital Invested
A996a8a,A8bd477,Culver's,2025-09-30,Partially Exited,Capital Invested
A996a8a,A8bd477,Driven,2025-09-30,Partially Exited,Capital Invested
A996a8a,A8bd477,Drybar,2025-09-30,Fully Exited,Capital Invested
A996a8a,A8bd477,Great Expressions,2025-09-30,Written Off,Capital Invested
A996a8a,A8bd477,"Inspire Brands, Inc.",2025-09-30,Partially Exited,Capital Invested
A996a8a,A8bd477,JNN,2025-09-30,Partially Exited,Capital Invested
Ace087b,A8bd477,Cheesecake Factory,2025-09-30,Fully Exited,Capital Invested
Ace087b,A8bd477,DMG,2025-09-30,Partially Exited,Capital Invested
Ace087b,A8bd477,Fitness Connection,2025-09-30,Partially Exited,Capital Invested
Ace087b,A8bd477,Inspire Brands (ARG Investment Corp. (Arby's)),2025-09-30,Partially Exited,Capital Invested
Ace087b,A8bd477,NbC,2025-09-30,Partially Exited,Capital Invested
Ace087b,A8bd477,SMB,2025-09-30,Partially Exited,Capital Invested
Ace087b,A8bd477,YEB,2025-09-30,Partially Exited,Capital Invested
Aadd548,A8bd477,Asset Living,2025-09-30,Partially Exited,Capital Invested
Aadd548,A8bd477,Mathnasium,2025-09-30,Partially Exited,Capital Invested
Aadd548,A8bd477,NbC,2025-09-30,Partially Exited,Capital Invested
Aadd548,A8bd477,Parts Town,2025-09-30,Partially Exited,Capital Invested
A073c3d,A8bd477,Inspire Brands,2025-09-30,Partially Exited,Capital Invested
A048b87,Adad2f2,800 Corporate Pointe,2025-09-30,Fully Exited,Capital Invested
A048b87,Adad2f2,Crossroads Business Center,2025-09-30,Fully Exited,Capital Invested
A048b87,Adad2f2,Great America Tech Center,2025-09-30,Fully Exited,Capital Invested
A048b87,Adad2f2,Las Cimas II and III,2025-09-30,Fully Exited,Capital Invested
A048b87,Adad2f2,Metro 101,2025-09-30,Fully Exited,Capital Invested
A048b87,Adad2f2,Northview Corporate Center,2025-09-30,Fully Exited,Capital Invested
A048b87,Adad2f2,PG Joint Venture,2025-09-30,Written Off,Capital Invested
A048b87,Adad2f2,Riata Corporate Park,2025-09-30,Fully Exited,Capital Invested
A048b87,Adad2f2,Riata Crossing,2025-09-30,Fully Exited,Capital Invested
A048b87,Adad2f2,The Campus at Legacy,2025-09-30,Fully Exited,Capital Invested
A048b87,Adad2f2,The Flour Milld,2025-09-30,Fully Exited,Capital Invested
A8d4882,A026529,Confluent,2025-09-30,Fully Exited,Capital Invested
A8d4882,A026529,DoorDash,2025-09-30,Current,Capital Invested
A8d4882,A026529,Instacart,2025-09-30,Current,Capital Invested
A8d4882,A026529,Nubank,2025-09-30,Fully Exited,Capital Invested
A8d4882,A026529,"SC Growth Fund XI Management, L.P.",2025-09-30,Current,Capital Invested
A8d4882,A026529,"Sequoia Capital Growth Fund XI, L.P.",2025-09-30,Current,Capital Invested
A8d4882,A026529,"Sequoia Capital US/E Crypto Fund I, L.P.",2025-09-30,Current,Capital Invested
A8d4882,A026529,"Sequoia Capital US/E Ecosystem Fund I, L.P.",2025-09-30,Current,Capital Invested
A8d4882,A026529,"Sequoia Capital US/E Expansion Fund I, L.P.",2025-09-30,Current,Capital Invested
A8d4882,A026529,"Sequoia Capital US/E Growth Fund X, L.P.",2025-09-30,Current,Capital Invested
A8d4882,A026529,"Sequoia Capital US/E Seed Fund V, L.P.",2025-09-30,Current,Capital Invested
A8d4882,A026529,"Sequoia Capital US/E Venture Fund XVIII, L.P.",2025-09-30,Current,Capital Invested
A8d4882,A026529,Snowflake,2025-09-30,Fully Exited,Capital Invested
A8d4882,A026529,SpaceX,2025-09-30,Current,Capital Invested
A8d4882,A026529,Stripe,2025-09-30,Current,Capital Invested
A8d4882,A026529,Unity Technologies,2025-09-30,Current,Capital Invested
A8d4882,A026529,X.AI Holdings (from X),2025-09-30,Current,Capital Invested
A577ed1,A026529,Anduril Industries,2025-09-30,,Deal Status
A2989df,A86463a,NPI Royalties Fair Value,2025-09-30,Current,"Capital Invested, Current Cost"
A2b73e4,Ad647a1,Confidential Direct 14870,2025-09-30,Written Off,"Sector, Geographic Focus"
Af3dbec,Aa8e77d,GlobalWebIndex Holdings Ltd.,2025-09-30,Partially Exited,Current Cost
Af3dbec,Aa8e77d,"Island Technology, Inc.",2025-09-30,Partially Exited,Current Cost
Af3dbec,Aa8e77d,"Kith Retail, LLC",2025-09-30,Partially Exited,Current Cost
Af3dbec,Aa8e77d,"Kosas Cosmetics, LLC",2025-09-30,Partially Exited,Current Cost
Af3dbec,Aa8e77d,"Levain Bakery, LLC",2025-09-30,Partially Exited,Current Cost
Af3dbec,Aa8e77d,"Nowhere Holdco, LLC dba Erewhon Natural Foods",2025-09-30,Partially Exited,Current Cost
Af3dbec,Aa8e77d,"Paradox, Inc.",2025-09-30,Partially Exited,Current Cost
Af3dbec,Aa8e77d,"VerbIt, Inc.",2025-09-30,Partially Exited,Current Cost
Aa0a993,Aa8e77d,"Cards Parent LP (""Collector's Universe"")",2025-09-30,Partially Exited,Current Cost
Aa0a993,Aa8e77d,"Harvest Hosts Parent, LLC (dba HarvestHost)",2025-09-30,Partially Exited,Current Cost
Aa0a993,Aa8e77d,"Paradox, Inc.",2025-09-30,Partially Exited,Current Cost
Aa0a993,Aa8e77d,"Zero Abstraction, Inc. (dba Island)",2025-09-30,Partially Exited,Current Cost
A2a4d74,Aa8e77d,"La La Land Kind Cafe, LLC",2025-09-30,,"Capital Invested, Current Cost, Unrealized Value, Deal Status"
A2a4d74,Aa8e77d,"Seven Sundays, LLC",2025-09-30,,"Capital Invested, Current Cost, Unrealized Value, Deal Status"
Ae66dbf,A97e2ad,"StubHub Holdings, Inc.",2025-09-30,Partially Exited,Current Cost
Ae04ceb,Ab26f76,Argano,2025-09-30,Partially Exited,Current Cost
Ae04ceb,Ab26f76,Bally's Corporation,2025-09-30,Partially Exited,Current Cost
Ae04ceb,Ab26f76,Bluestar,2025-09-30,Partially Exited,Current Cost
Ae04ceb,Ab26f76,Brightspeed,2025-09-30,,Deal Status
Ae04ceb,Ab26f76,CSC Holdings,2025-09-30,Partially Exited,Current Cost
Ae04ceb,Ab26f76,D4C Dental Brands,2025-09-30,Partially Exited,Current Cost
Ae04ceb,Ab26f76,DFH Gruppe,2025-09-30,Partially Exited,Current Cost
Ae04ceb,Ab26f76,Debenhams II,2025-09-30,Partially Exited,Current Cost
Ae04ceb,Ab26f76,Dish,2025-09-30,Partially Exited,Current Cost
Ae04ceb,Ab26f76,Essential Housing III,2025-09-30,Partially Exited,Current Cost
Ae04ceb,Ab26f76,Hilco Global,2025-09-30,Partially Exited,Current Cost
Ae04ceb,Ab26f76,Moda Homes,2025-09-30,Partially Exited,Current Cost
Ae04ceb,Ab26f76,NGL Energy Partners,2025-09-30,Partially Exited,Current Cost
Ae04ceb,Ab26f76,Priority Waste,2025-09-30,Partially Exited,Current Cost
Ae04ceb,Ab26f76,SJV Homes,2025-09-30,Partially Exited,Current Cost
Ae04ceb,Ab26f76,X Corp,2025-09-30,Partially Exited,Current Cost
Af4e6f7,A026fe6,"Assembly TS Holdings, LLC",2025-09-30,Current,Capital Invested
Af4e6f7,A026fe6,Champion Elevator Holding Corporation,2025-09-30,Current,Capital Invested
Af4e6f7,A026fe6,"GoHomePort, LLC",2025-09-30,Current,Capital Invested
Af4e6f7,A026fe6,"Interchecks Technologies, Inc",2025-09-30,Current,Capital Invested
Af4e6f7,A026fe6,"Roomors Living, Inc.",2025-09-30,Current,Capital Invested
Af4e6f7,A026fe6,"Service 1st Financial, LLC",2025-09-30,Current,Capital Invested
Af4e6f7,A026fe6,TS-Grove Pt Marinas,2025-09-30,Current,Capital Invested
Af4e6f7,A026fe6,"Truss Peak Holdings, LLC",2025-09-30,Current,Capital Invested
Ad5c332,A97e2ad,"The Jameson at Wood Quay, LLC",2025-09-30,Partially Exited,Current Cost
A56bafa,Ab27df1,Produce Pay Inc.,2025-09-30,Fully Exited,Capital Invested
Ad893bb,A775492,1Mind AI,2025-09-30,,"Capital Invested, Current Cost, Unrealized Value, Deal Status"
Ad893bb,A775492,Bead AI,2025-09-30,,"Capital Invested, Current Cost, Unrealized Value, Deal Status"
Ad893bb,A775492,Dash Security,2025-09-30,,"Capital Invested, Current Cost, Unrealized Value, Deal Status"
Ad893bb,A775492,SF Compute,2025-09-30,,"Capital Invested, Current Cost, Unrealized Value, Deal Status"
Aa967c0,Afc0dbf,"8000 Tartak Street Owner LLC (""Embassy Suites"")",2025-06-30,Current,Capital Invested
Ad52755,A664a6a,"Paymerang, LLC",2025-06-30,Fully Exited,Capital Invested
Ae4d9bf,Ab26f76,AG CC Funding II,2025-06-30,Partially Exited,Current Cost
Ae4d9bf,Ab26f76,Advanced Medaesthetic Partners,2025-06-30,Partially Exited,Current Cost
Ae4d9bf,Ab26f76,Apex Tool,2025-06-30,Partially Exited,Current Cost
Ae4d9bf,Ab26f76,Ardagh,2025-06-30,Partially Exited,Current Cost
Ae4d9bf,Ab26f76,Argano,2025-06-30,Partially Exited,Current Cost
Ae4d9bf,Ab26f76,Bally's Corporation,2025-06-30,Partially Exited,Current Cost
Ae4d9bf,Ab26f76,Bluestar,2025-06-30,Partially Exited,Current Cost
Ae4d9bf,Ab26f76,Brightspeed,2025-06-30,,Deal Status
Ae4d9bf,Ab26f76,Concora Credit Inc.,2025-06-30,Partially Exited,Current Cost
Ae4d9bf,Ab26f76,Covis Pharma,2025-06-30,Partially Exited,Current Cost
Ae4d9bf,Ab26f76,D4C Dental Brands,2025-06-30,Partially Exited,Current Cost
Ae4d9bf,Ab26f76,DFH Gruppe,2025-06-30,Partially Exited,Current Cost
Ae4d9bf,Ab26f76,Dish,2025-06-30,Partially Exited,Current Cost
Ae4d9bf,Ab26f76,Essential Housing II,2025-06-30,Partially Exited,Current Cost
Ae4d9bf,Ab26f76,Essential Housing III,2025-06-30,Partially Exited,Current Cost
Ae4d9bf,Ab26f76,Fellers,2025-06-30,Partially Exited,Current Cost
Ae4d9bf,Ab26f76,Frontline Dental,2025-06-30,Partially Exited,Current Cost
Ae4d9bf,Ab26f76,GTT Communications,2025-06-30,Partially Exited,Current Cost
Ae4d9bf,Ab26f76,Gateway Casinos,2025-06-30,Partially Exited,Current Cost
Ae4d9bf,Ab26f76,Hilco Global,2025-06-30,Partially Exited,Current Cost
Ae4d9bf,Ab26f76,K Hovnanian,2025-06-30,Partially Exited,Current Cost
Ae4d9bf,Ab26f76,Mary Ruth Organics,2025-06-30,Partially Exited,Current Cost
Ae4d9bf,Ab26f76,Moda Homes,2025-06-30,Partially Exited,Current Cost
Ae4d9bf,Ab26f76,Mountain House,2025-06-30,Partially Exited,Current Cost
Ae4d9bf,Ab26f76,NGL Energy Partners,2025-06-30,Partially Exited,Current Cost
Ae4d9bf,Ab26f76,Ocelot Bidco,2025-06-30,Partially Exited,Current Cost
Ae4d9bf,Ab26f76,One Lake,2025-06-30,Partially Exited,Current Cost
Ae4d9bf,Ab26f76,Peerage Realty Partners,2025-06-30,Partially Exited,Current Cost
Ae4d9bf,Ab26f76,Polaris Pharmacy Services,2025-06-30,Partially Exited,Current Cost
Ae4d9bf,Ab26f76,Priority Waste,2025-06-30,Partially Exited,Current Cost
Ae4d9bf,Ab26f76,Q Land,2025-06-30,Partially Exited,Current Cost
Ae4d9bf,Ab26f76,Realogy Holdings Corp,2025-06-30,Partially Exited,Current Cost
Ae4d9bf,Ab26f76,Revlon II,2025-06-30,Partially Exited,Current Cost
Ae4d9bf,Ab26f76,Ricochet,2025-06-30,Partially Exited,Current Cost
Ae4d9bf,Ab26f76,SJV Homes,2025-06-30,Partially Exited,Current Cost
Ae4d9bf,Ab26f76,Secure Energy,2025-06-30,Partially Exited,Current Cost
Ae4d9bf,Ab26f76,Syndesis,2025-06-30,Partially Exited,Current Cost
Ae4d9bf,Ab26f76,Technicolor III,2025-06-30,Partially Exited,Current Cost
Ae4d9bf,Ab26f76,Trinseo,2025-06-30,Partially Exited,Current Cost
Ae4d9bf,Ab26f76,VAC,2025-06-30,Partially Exited,Current Cost
Ae4d9bf,Ab26f76,X Corp,2025-06-30,Partially Exited,Current Cost
A2a9ea5,A041a39,"Filevine, Inc.",2025-06-30,,"Capital Invested, Current Cost, Unrealized Value, Deal Status"
A64d20c,A041a39,"Solve AI, Inc.",2025-06-30,,"Capital Invested, Current Cost, Unrealized Value, Deal Status"
Acc9329,A041a39,AS16 L.L.C.,2025-06-30,Current,Capital Invested
Acc9329,A041a39,AegisAl Security Inc.,2025-06-30,Current,Capital Invested
Acc9329,A041a39,"AnySoftware, Inc.",2025-06-30,Current,Capital Invested
Acc9329,A041a39,Asari Inc.,2025-06-30,Current,Capital Invested
Acc9329,A041a39,Assert Labs Inc.,2025-06-30,Current,Capital Invested
Acc9329,A041a39,"Babs AI, LLC",2025-06-30,Current,Capital Invested
Acc9329,A041a39,Brightmind Ventures I LP,2025-06-30,Current,Capital Invested
Acc9329,A041a39,CR16 L.L.C.,2025-06-30,Current,Capital Invested
Acc9329,A041a39,"Clarion, Inc.",2025-06-30,Current,Capital Invested
Acc9329,A041a39,Felicity AI Inc.,2025-06-30,Current,Capital Invested
Acc9329,A041a39,"Flint Technologies, Inc.",2025-06-30,Current,Capital Invested
Acc9329,A041a39,Hera Health Inc.,2025-06-30,Current,Capital Invested
Acc9329,A041a39,"Kernel Technologies, Inc.",2025-06-30,Current,Capital Invested
Acc9329,A041a39,Modem Labs Inc.,2025-06-30,Current,Capital Invested
Acc9329,A041a39,Prophet Security Inc.,2025-06-30,Current,Capital Invested
Acc9329,A041a39,"Quander Technologies, Inc.",2025-06-30,Current,Capital Invested
Acc9329,A041a39,"Swish Robotics, Inc.",2025-06-30,Current,Capital Invested
Acc9329,A041a39,Thinking Machines Lab Inc.,2025-06-30,Current,Capital Invested
Acc9329,A041a39,Zed Financial Inc.,2025-06-30,Current,Capital Invested
Ab3ea87,A5d1a01,AGR,2025-06-30,,"Capital Invested, Current Cost, Unrealized Value, Deal Status"
Ab3ea87,A5d1a01,Akers/Ampco- Pittsburgh,2025-06-30,,"Capital Invested, Current Cost, Unrealized Value, Deal Status"
Ab3ea87,A5d1a01,Altor II Holdings Limited,2025-06-30,Current,Capital Invested
Ab3ea87,A5d1a01,Constructor,2025-06-30,,"Capital Invested, Current Cost, Unrealized Value, Deal Status"
Ab3ea87,A5d1a01,Dustin,2025-06-30,,"Capital Invested, Current Cost, Unrealized Value, Deal Status"
Ab3ea87,A5d1a01,EDS (Fund II),2025-06-30,,"Capital Invested, Current Cost, Unrealized Value, Deal Status"
Ab3ea87,A5d1a01,Euro Cater,2025-06-30,,"Capital Invested, Current Cost, Unrealized Value, Deal Status"
Ab3ea87,A5d1a01,Helly Hansen,2025-06-30,,"Capital Invested, Current Cost, Unrealized Value, Deal Status"
Ab3ea87,A5d1a01,Lindorff (Fund II),2025-06-30,,"Capital Invested, Current Cost, Unrealized Value, Deal Status"
Ab3ea87,A5d1a01,NorthStar,2025-06-30,,"Capital Invested, Current Cost, Unrealized Value, Deal Status"
Ab3ea87,A5d1a01,OptiGroup,2025-06-30,Current,Capital Invested
Ab3ea87,A5d1a01,PIAB,2025-06-30,,"Capital Invested, Current Cost, Unrealized Value, Deal Status"
Ab3ea87,A5d1a01,Q-Matic,2025-06-30,,"Capital Invested, Current Cost, Unrealized Value, Deal Status"
Ab3ea87,A5d1a01,Relacom (Fund II),2025-06-30,,"Capital Invested, Current Cost, Unrealized Value, Deal Status"
Ab3ea87,A5d1a01,SPT Group,2025-06-30,,"Capital Invested, Current Cost, Unrealized Value, Deal Status"
Ab3ea87,A5d1a01,Vatus,2025-06-30,,"Capital Invested, Current Cost, Unrealized Value, Deal Status"
Ab3ea87,A5d1a01,WSS,2025-06-30,Current,Capital Invested
Ae7bb35,A5d1a01,Alo,2025-06-30,,"Capital Invested, Current Cost, Unrealized Value, Deal Status"
Ae7bb35,A5d1a01,Apotek Hjrtat,2025-06-30,,"Capital Invested, Current Cost, Unrealized Value, Deal Status"
Ae7bb35,A5d1a01,CTEK,2025-06-30,,"Capital Invested, Current Cost, Unrealized Value, Deal Status"
Ae7bb35,A5d1a01,Curato,2025-06-30,,"Capital Invested, Current Cost, Unrealized Value, Deal Status"
Ae7bb35,A5d1a01,EWOS,2025-06-30,,"Capital Invested, Current Cost, Unrealized Value, Deal Status"
Ae7bb35,A5d1a01,Eltek,2025-06-30,,"Capital Invested, Current Cost, Unrealized Value, Deal Status"
Ae7bb35,A5d1a01,FMD,2025-06-30,,"Capital Invested, Current Cost, Unrealized Value, Deal Status"
Ae7bb35,A5d1a01,Max Matthiessen,2025-06-30,,"Capital Invested, Current Cost, Unrealized Value, Deal Status"
Ae7bb35,A5d1a01,Meltwater,2025-06-30,,"Capital Invested, Current Cost, Unrealized Value, Deal Status"
Ae7bb35,A5d1a01,Norsk Gjenvinning,2025-06-30,,"Capital Invested, Current Cost, Unrealized Value, Deal Status"
Ae7bb35,A5d1a01,Nova Austral,2025-06-30,,"Capital Invested, Current Cost, Unrealized Value, Deal Status"
Ae7bb35,A5d1a01,ONE Nordic,2025-06-30,,"Capital Invested, Current Cost, Unrealized Value, Deal Status"
Ae7bb35,A5d1a01,Orchid,2025-06-30,,"Capital Invested, Deal Status"
Ae7bb35,A5d1a01,SATS,2025-06-30,,"Capital Invested, Current Cost, Unrealized Value, Deal Status"
Ae7bb35,A5d1a01,Sonion,2025-06-30,,"Capital Invested, Current Cost, Unrealized Value, Deal Status"
Ab89eda,A619a99,"AMCR CO., LTD (through Apollo New Growth No. 1 LLC)",2025-06-30,Current,Capital Invested
Ab89eda,A619a99,"Akros Technologies, Inc.",2025-06-30,Current,Capital Invested
Ab89eda,A619a99,Channel Corporation,2025-06-30,Current,Capital Invested
Ab89eda,A619a99,"Cinamon, Inc.",2025-06-30,Current,Capital Invested
Ab89eda,A619a99,"Danggeun Market, Inc.",2025-06-30,Current,Capital Invested
Ab89eda,A619a99,"Hemeko, Inc.",2025-06-30,Current,Capital Invested
Ab89eda,A619a99,KREAM Corporation,2025-06-30,Current,Capital Invested
Ab89eda,A619a99,Lifegoeson Company Corp. (dba Laundrygo),2025-06-30,Current,Capital Invested
Ab89eda,A619a99,Marq Vision Inc.,2025-06-30,Current,Capital Invested
Ab89eda,A619a99,"Mine.is, Inc. (Dba. Charan)",2025-06-30,Current,Capital Invested
Ab89eda,A619a99,NIRVANANA INC.,2025-06-30,Current,Capital Invested
Ab89eda,A619a99,PI Corporation,2025-06-30,Current,Capital Invested
Ab89eda,A619a99,Soombit.ai Inc.,2025-06-30,Current,Capital Invested
Ab89eda,A619a99,"TainAI, Inc.",2025-06-30,Current,Capital Invested
Ab89eda,A619a99,"TechTaka Co., Ltd. (dba ARGO)",2025-06-30,Current,Capital Invested
Ab89eda,A619a99,Toss Bank,2025-06-30,Current,Capital Invested
A6fcde0,A6f625f,"AIM Parent Holdings, LLC",2025-06-30,Current,Capital Invested
A6fcde0,A6f625f,"American Tanker Holding Company, Inc.",2025-06-30,Current,Capital Invested
A6fcde0,A6f625f,"MG Transport Holdings, LLC",2025-06-30,Current,Capital Invested
A6fcde0,A6f625f,Other Investments,2025-06-30,Current,Capital Invested
A6fcde0,A6f625f,U.S. Marine Management LLC,2025-06-30,Current,Capital Invested
A80d33a,Ad15ca3,Armour Group Limited,2025-06-30,Current,Capital Invested
A3cb5c7,A109e0f,"AP Fund Holdings, LP",2025-06-30,Current,Capital Invested
A3cb5c7,A109e0f,"Ara AG Fiber Aggregator, LP",2025-06-30,Current,Capital Invested
A3cb5c7,A109e0f,"Ara Aloxe, Ltd.",2025-06-30,Current,Capital Invested
A3cb5c7,A109e0f,"Ara CM Holdings, LP",2025-06-30,Current,Capital Invested
A3cb5c7,A109e0f,"Ara Divert Holdings, LP",2025-06-30,Current,Capital Invested
A3cb5c7,A109e0f,"Ara Fund II BW Holdings, LP",2025-06-30,Current,Capital Invested
A3cb5c7,A109e0f,"Ara Fund II H2 Holdings, LP",2025-06-30,Current,Capital Invested
A3cb5c7,A109e0f,"Ara Fund II ST Holdings, LP",2025-06-30,Current,Capital Invested
A3cb5c7,A109e0f,"Ara PG Aggregator, LP",2025-06-30,Current,Capital Invested
A3cb5c7,A109e0f,"Ara PS Holdings, LP",2025-06-30,Current,Capital Invested
A3cb5c7,A109e0f,"Ara Repeats Holdings, Ltd.",2025-06-30,Current,Capital Invested
A3cb5c7,A109e0f,"Cycle0 Aggregatorco, Ltd.",2025-06-30,Current,Capital Invested
A3cb5c7,A109e0f,PET AGG Limited (UK),2025-06-30,Current,Capital Invested
A930514,A109e0f,"Ara Sedron Holdings, LP",2025-06-30,Current,Capital Invested
A930514,A109e0f,CFP Energy,2025-06-30,Current,Capital Invested
A930514,A109e0f,Cycle0,2025-06-30,Current,Capital Invested
A930514,A109e0f,Genera,2025-06-30,Current,Capital Invested
A930514,A109e0f,Paratus,2025-06-30,Current,Capital Invested
A930514,A109e0f,Vacuumschmelze (VAC),2025-06-30,Current,Capital Invested
Afc9d9d,A109e0f,"Ara PG Aggregator, LP",2025-06-30,Current,Capital Invested
A6514b0,A109e0f,"Ara VAC IE Aggregator, LP",2025-06-30,Current,Capital Invested
A0e8f48,Aa3bbc4,Memphis Grizzlies,2025-06-30,,"Capital Invested, Current Cost, Unrealized Value, Deal Status"
A2ac14e,Aa3bbc4,Monumental Sports & Entertainment,2025-06-30,,"Capital Invested, Current Cost, Unrealized Value, Deal Status"
A74c64f,A8be668,ATOM,2025-06-30,Current,Capital Invested
A74c64f,A8be668,Aera Foundation,2025-06-30,Current,Capital Invested
A74c64f,A8be668,"AnchorZero, Inc.",2025-06-30,Current,Capital Invested
A74c64f,A8be668,Arweave,2025-06-30,Current,Capital Invested
A74c64f,A8be668,"Bluesky Social, PBC",2025-06-30,Current,Capital Invested
A74c64f,A8be668,Celestia,2025-06-30,Current,Capital Invested
A74c64f,A8be668,Chronos Labs Limited,2025-06-30,,"Capital Invested, Deal Status"
A74c64f,A8be668,"Curiosity Research, Inc.",2025-06-30,Current,Capital Invested
A74c64f,A8be668,Ethereum,2025-06-30,Current,Capital Invested
A74c64f,A8be668,Fulmin Labs Limited,2025-06-30,Current,Capital Invested
A74c64f,A8be668,Jadu AR Inc.,2025-06-30,Current,Capital Invested
A74c64f,A8be668,Layer-2 Development corp,2025-06-30,Current,Capital Invested
A74c64f,A8be668,Medici Collective Co.,2025-06-30,,"Capital Invested, Deal Status"
A74c64f,A8be668,Not Community Labs Inc.,2025-06-30,Current,Capital Invested
A74c64f,A8be668,Offscreen Inc.,2025-06-30,,"Capital Invested, Deal Status"
A74c64f,A8be668,"Orb Labs, Inc.",2025-06-30,,"Capital Invested, Deal Status"
A74c64f,A8be668,PayPal USD,2025-06-30,Current,Capital Invested
A74c64f,A8be668,"Probably Nothing, Inc.",2025-06-30,Current,Capital Invested
A74c64f,A8be668,"Risc0, Inc.",2025-06-30,Current,Capital Invested
A74c64f,A8be668,Scroll Foundation,2025-06-30,Current,Capital Invested
A74c64f,A8be668,Solana,2025-06-30,Current,Capital Invested
A74c64f,A8be668,Syncracy Fund Management LLC,2025-06-30,,"Capital Invested, Deal Status"
A74c64f,A8be668,Syncracy Operational Management LLC,2025-06-30,Current,Capital Invested
A74c64f,A8be668,The Next Thing Ltd.,2025-06-30,Current,Capital Invested
A74c64f,A8be668,Tools For Humanity Corporation,2025-06-30,Current,Capital Invested
A74c64f,A8be668,USD Coin,2025-06-30,Current,Capital Invested
A74c64f,A8be668,"Ulvetanna, Inc.",2025-06-30,Current,Capital Invested
A74c64f,A8be668,Uniswap,2025-06-30,Current,Capital Invested
A74c64f,A8be668,"Variational Research, Inc.",2025-06-30,Current,Capital Invested
A1bb7a5,A54f085,"Commonwealth Fusion Systems, LLC",2025-06-30,Current,Capital Invested
Ae20eb8,A54f085,"Commonwealth Fusion Systems, LLC",2025-06-30,Current,Capital Invested
A723435,A8be668,ATOM,2025-06-30,Current,Capital Invested
A723435,A8be668,Across Protocol,2025-06-30,Current,Capital Invested
A723435,A8be668,"Bluesky Social, PBC",2025-06-30,Current,Capital Invested
A723435,A8be668,Dazzle Technology Company,2025-06-30,Current,Capital Invested
A723435,A8be668,Ethereum,2025-06-30,Current,Capital Invested
A723435,A8be668,"Monterey's Coast, Inc.",2025-06-30,Current,Capital Invested
A723435,A8be668,PayPal USD,2025-06-30,Current,Capital Invested
A723435,A8be668,Superstate Inc.,2025-06-30,Current,Capital Invested
A723435,A8be668,"Turnkey Global, Inc.",2025-06-30,Current,Capital Invested
A723435,A8be668,USD Coin,2025-06-30,Current,Capital Invested
A723435,A8be668,Worldcoin,2025-06-30,Current,Capital Invested
A723435,A8be668,WrappedM by M^0,2025-06-30,Current,Capital Invested
A6709ea,A586fd2,Air Methods Corp,2025-06-30,Partially Exited,Current Cost
A6709ea,A586fd2,Altice France SA,2025-06-30,Partially Exited,Current Cost
A6709ea,A586fd2,Alvaria Inc,2025-06-30,Partially Exited,Current Cost
A6709ea,A586fd2,Apex Tool Group LLC,2025-06-30,Partially Exited,Current Cost
A6709ea,A586fd2,Arc Gaming & Technologies,2025-06-30,Partially Exited,Current Cost
A6709ea,A586fd2,Array Canada Inc,2025-06-30,Partially Exited,Current Cost
A6709ea,A586fd2,CashRepublic Holdings Inc,2025-06-30,Partially Exited,Current Cost
A6709ea,A586fd2,DAZN Limited,2025-06-30,Partially Exited,Current Cost
A6709ea,A586fd2,Doncasters Group,2025-06-30,Partially Exited,Current Cost
A6709ea,A586fd2,Fortrex Inc,2025-06-30,Partially Exited,Current Cost
A6709ea,A586fd2,ICP Group,2025-06-30,Partially Exited,Current Cost
A6709ea,A586fd2,J Palmer Collective LLC,2025-06-30,Partially Exited,Current Cost
A6709ea,A586fd2,Jonas Group Entertainment,2025-06-30,Partially Exited,Current Cost
A6709ea,A586fd2,Multimedia Music LP,2025-06-30,Partially Exited,Current Cost
A6709ea,A586fd2,New Enterprise Stone & Lime,2025-06-30,Partially Exited,Current Cost
A6709ea,A586fd2,Pabst Blue Ribbon LLC,2025-06-30,Partially Exited,Current Cost
A6709ea,A586fd2,Project Talisman,2025-06-30,Partially Exited,Current Cost
A6709ea,A586fd2,Research Now Group LLC,2025-06-30,Partially Exited,Current Cost
A6709ea,A586fd2,Resolute Investment Managers,2025-06-30,Partially Exited,Current Cost
A6709ea,A586fd2,Scenic Cruises & Tours (2023 Financing),2025-06-30,Partially Exited,Current Cost
A6709ea,A586fd2,Spanish Broadcasting Inc (Debt),2025-06-30,Partially Exited,Current Cost
A6709ea,A586fd2,VATit Group Limited (2023 Facility),2025-06-30,Partially Exited,Current Cost
A279d4f,A586fd2,AllGear Digital LLC (fka Lola Digital Media),2025-06-30,Partially Exited,Current Cost
A279d4f,A586fd2,Alvaria Inc,2025-06-30,Partially Exited,Current Cost
A279d4f,A586fd2,Apex Tool Group LLC,2025-06-30,Partially Exited,Current Cost
A279d4f,A586fd2,Arc Gaming & Technologies,2025-06-30,Partially Exited,Current Cost
A279d4f,A586fd2,Array Canada Inc,2025-06-30,Partially Exited,Current Cost
A279d4f,A586fd2,Clear Channel Worldwide,2025-06-30,Partially Exited,Current Cost
A279d4f,A586fd2,Crown Finance US Inc,2025-06-30,Partially Exited,Current Cost
A279d4f,A586fd2,Culain Capital Management LLC,2025-06-30,Partially Exited,Current Cost
A279d4f,A586fd2,DAZN Limited,2025-06-30,Partially Exited,Current Cost
A279d4f,A586fd2,Doncasters Group,2025-06-30,Partially Exited,Current Cost
A279d4f,A586fd2,F45 Training Holdings Inc,2025-06-30,Partially Exited,Current Cost
A279d4f,A586fd2,Ferroglobe PLC,2025-06-30,Partially Exited,Current Cost
A279d4f,A586fd2,Health First Commercial Plans Inc,2025-06-30,Partially Exited,Current Cost
A279d4f,A586fd2,ICP Group,2025-06-30,Partially Exited,Current Cost
A279d4f,A586fd2,Ligado Networks LLC,2025-06-30,Partially Exited,Current Cost
A279d4f,A586fd2,MD Helicopters Inc,2025-06-30,Partially Exited,Current Cost
A279d4f,A586fd2,Pepco Group Ltd,2025-06-30,Partially Exited,Current Cost
A279d4f,A586fd2,Phoenix III Recovery LLC,2025-06-30,Partially Exited,Current Cost
A279d4f,A586fd2,Project Indigo,2025-06-30,Partially Exited,Current Cost
A279d4f,A586fd2,Resolute Investment Managers,2025-06-30,Partially Exited,Current Cost
A279d4f,A586fd2,Saatva,2025-06-30,Partially Exited,Current Cost
A279d4f,A586fd2,Signal Energy Constructors LLC,2025-06-30,Partially Exited,Current Cost
A279d4f,A586fd2,Spanish Broadcasting Inc (Debt),2025-06-30,Partially Exited,Current Cost
A279d4f,A586fd2,Steinhoff International,2025-06-30,Partially Exited,Current Cost
A67c3e6,A02cb18,EMC,2025-06-30,Fully Exited,Capital Invested
A67c3e6,A02cb18,ER-Telecom,2025-06-30,Fully Exited,Capital Invested
A67c3e6,A02cb18,Eco-Dolie,2025-06-30,Fully Exited,Capital Invested
A67c3e6,A02cb18,Etalon,2025-06-30,Fully Exited,Capital Invested
A67c3e6,A02cb18,FCB Group,2025-06-30,Fully Exited,Capital Invested
A67c3e6,A02cb18,Nostrum Oil&Gas,2025-06-30,Fully Exited,Capital Invested
A67c3e6,A02cb18,Novomet,2025-06-30,Fully Exited,Capital Invested
A67c3e6,A02cb18,Orient Express Bank,2025-06-30,Fully Exited,Capital Invested
A67c3e6,A02cb18,SK Rezerve,2025-06-30,Fully Exited,Capital Invested
A67c3e6,A02cb18,Teplant,2025-06-30,Written Off,Capital Invested
A73be2a,18be12,Auraria Student Lofts,2025-06-30,,Deal Status
A73be2a,18be12,Drewery Place,2025-06-30,,Deal Status
A73be2a,18be12,Embassy Suites,2025-06-30,,Deal Status
A73be2a,18be12,Integra Vistas Apartments,2025-06-30,,Deal Status
A73be2a,18be12,L&O Apartments,2025-06-30,,Deal Status
A73be2a,18be12,Parkview on Hollybrook,2025-06-30,,Deal Status
A73be2a,18be12,Pell Public Storage,2025-06-30,,Deal Status
A73be2a,18be12,Rhode Island Student Housing,2025-06-30,,Deal Status
A73be2a,18be12,The Westerly,2025-06-30,,Deal Status
A73be2a,18be12,Thirty75 Tech,2025-06-30,,Deal Status
A73be2a,18be12,VivaBella,2025-06-30,,Deal Status
A5494b2,18be12,199 Chrystie Street,2025-06-30,Fully Exited,Sector
A5494b2,18be12,2028 NE Multnomah Street,2025-06-30,Fully Exited,Sector
A5494b2,18be12,21-30 44th Drive,2025-06-30,Fully Exited,Sector
A5494b2,18be12,3400 Sunset,2025-06-30,Fully Exited,Sector
A5494b2,18be12,Allure,2025-06-30,Fully Exited,Sector
A5494b2,18be12,Bailly Ridge,2025-06-30,Fully Exited,Sector
A5494b2,18be12,Carte Hotel,2025-06-30,Fully Exited,Sector
A5494b2,18be12,Griffin Plaza,2025-06-30,Fully Exited,Sector
A5494b2,18be12,Hyatt House at USC HSC,2025-06-30,Fully Exited,Sector
A5494b2,18be12,Montabella Pointe II,2025-06-30,Fully Exited,Sector
A5494b2,18be12,Moxy South Beach,2025-06-30,Fully Exited,Sector
A5494b2,18be12,NoHo Millennium II,2025-06-30,Fully Exited,Sector
A5494b2,18be12,North San Jose Hotel,2025-06-30,Fully Exited,Sector
A5494b2,18be12,"Parkside at City Center - Aurora, CO",2025-06-30,,"Deal Status, Sector"
A5494b2,18be12,Parkstone at Knightdale,2025-06-30,Fully Exited,Sector
A5494b2,18be12,Parkwood Station,2025-06-30,Fully Exited,Sector
A5494b2,18be12,Refugio Townhomes,2025-06-30,Fully Exited,Sector
A5494b2,18be12,Shorecrest Club,2025-06-30,Fully Exited,Sector
A5494b2,18be12,The Realm at Castle Hills 1A,2025-06-30,Fully Exited,Sector
A5494b2,18be12,The Realm at Castle Hills 1B,2025-06-30,Fully Exited,Sector
A5494b2,18be12,Verse at The Boro,2025-06-30,Fully Exited,Sector
A5494b2,18be12,Vine North Hills,2025-06-30,Fully Exited,Sector
Aa71003,18be12,2900 Terrace,2025-06-30,Current,Capital Invested
Aa71003,18be12,35 Stone,2025-06-30,Current,Capital Invested
Aa71003,18be12,Aer Lamar,2025-06-30,Current,Capital Invested
Aa71003,18be12,American House Oak Park,2025-06-30,,"Capital Invested, Current Cost, Unrealized Value, Deal Status"
Aa71003,18be12,Artisan Oaks,2025-06-30,,"Capital Invested, Current Cost, Unrealized Value, Deal Status"
Aa71003,18be12,Capital One Facility Portfolio,2025-06-30,Current,Capital Invested
Aa71003,18be12,Freddie Mac 2022 - KF134 B Piece,2025-06-30,Current,Capital Invested
Aa71003,18be12,Freddie Mac 2022 - KF145 B Piece,2025-06-30,Current,Capital Invested
Aa71003,18be12,Freddie Mac 2022 - KF151,2025-06-30,Current,Capital Invested
Aa71003,18be12,Freddie Mac 2023 - KF151 B Piece,2025-06-30,,"Capital Invested, Current Cost, Unrealized Value, Deal Status"
Aa71003,18be12,Inspire Sonoran Desert,2025-06-30,Current,Capital Invested
Aa71003,18be12,JP Morgan Facility Portfolio,2025-06-30,Current,Capital Invested
Aa71003,18be12,Navona,2025-06-30,Current,Capital Invested
Aa71003,18be12,SaltAire - Torrance,2025-06-30,,"Capital Invested, Current Cost, Unrealized Value, Deal Status"
Aa71003,18be12,South Tryon Flats,2025-06-30,Current,Capital Invested
Aa71003,18be12,The Valiant,2025-06-30,Current,Capital Invested
Aa71003,18be12,Towerview at Ballantyne,2025-06-30,Current,Capital Invested
A103ce5,A348789,Thorley Industries LLC (4Moms),2025-06-30,,"Capital Invested, Deal Status"
Ab4033d,A91b7d0,Beacon Platform Incorporated,2025-06-30,,"Capital Invested, Current Cost, Unrealized Value, Deal Status"
Ab4033d,A91b7d0,CertifID. -,2025-06-30,,"Capital Invested, Current Cost, Unrealized Value, Deal Status"
Ab4033d,A91b7d0,"Employee Navigator Holdings, Inc.",2025-06-30,,"Capital Invested, Current Cost, Unrealized Value, Deal Status"
Ab4033d,A91b7d0,"The Helper Bees, Inc.",2025-06-30,,"Capital Invested, Current Cost, Unrealized Value, Deal Status"
Aa5bde6,A91b7d0,"RetireGo, Inc. (dba 401Go)",2025-06-30,,"Capital Invested, Current Cost, Unrealized Value, Deal Status"
A40cc93,A49a079,"Altamira Parent Holdings, LLC",2025-06-30,Current,Capital Invested
A40cc93,A49a079,"AppOmni, Inc.",2025-06-30,Current,Capital Invested
A40cc93,A49a079,"Arctic Wolf Networks, Inc. (f/k/a Revelstoke)",2025-06-30,Current,Capital Invested
A40cc93,A49a079,"Authentic8, Inc.",2025-06-30,Current,Capital Invested
A40cc93,A49a079,BigID Inc.,2025-06-30,Current,Capital Invested
A40cc93,A49a079,CloudKnox,2025-06-30,,"Capital Invested, Current Cost, Unrealized Value, Deal Status"
A40cc93,A49a079,"Databricks, Inc. (f/k/a Okera)",2025-06-30,Current,Capital Invested
A40cc93,A49a079,"Diamanti, Inc.",2025-06-30,Current,Capital Invested
A40cc93,A49a079,"Frontier Aggregator, LLC (f/k/a Fortress Security)",2025-06-30,Current,Capital Invested
A40cc93,A49a079,Harness Inc. (f/k/a ZeroNorth),2025-06-30,Current,Capital Invested
A40cc93,A49a079,Inky Technology Corporation,2025-06-30,Current,Capital Invested
A40cc93,A49a079,KKR Olive Co-Invest L.P. (a/k/a Optiv),2025-06-30,Current,Capital Invested
A40cc93,A49a079,Mitiga Security Inc.,2025-06-30,Current,Capital Invested
A40cc93,A49a079,"ProcessUnity ComboCo, LLC (f/k/a CyberGRX)",2025-06-30,Current,Capital Invested
A40cc93,A49a079,"Query.AI, Inc.",2025-06-30,Current,Capital Invested
A40cc93,A49a079,"Singularity TopCo LLC (a/k/a Human, f/k/a White Ops)",2025-06-30,Current,Capital Invested
A1e8a7e,Ac37569,American-Sino Healthcare,2025-06-30,Partially Exited,Current Cost
A1e8a7e,Ac37569,Jamieson Wellness,2025-06-30,Partially Exited,Current Cost
A1e8a7e,Ac37569,Oriental Yuhong Waterproof Technology,2025-06-30,Partially Exited,Current Cost
A1e8a7e,Ac37569,Project Crane,2025-06-30,Partially Exited,Current Cost
Af5ff4f,Ac37569,China Feihe,2025-06-30,Partially Exited,Current Cost
Af5ff4f,Ac37569,Datong Insurance Services,2025-06-30,Partially Exited,Current Cost
Af5ff4f,Ac37569,Dongbao Pharmaceutical,2025-06-30,Partially Exited,Current Cost
Af5ff4f,Ac37569,Far East Horizon Leasing,2025-06-30,Partially Exited,Current Cost
Af5ff4f,Ac37569,Oriental Yuhong Waterproof Technology,2025-06-30,Partially Exited,Current Cost
Af5ff4f,Ac37569,Shape Technologies,2025-06-30,Partially Exited,Current Cost
Af5ff4f,Ac37569,Sinopharm Leasing,2025-06-30,Partially Exited,Current Cost
Af5ff4f,Ac37569,V2 Healthcare,2025-06-30,Partially Exited,Current Cost
Af5ff4f,Ac37569,Venus Medtech,2025-06-30,Partially Exited,Current Cost
Ae64fa8,A97e2ad,"Delight HoldCo 3, LLC",2025-06-30,Partially Exited,Current Cost
Aba444d,A97e2ad,"Delight HoldCo 4, LLC",2025-06-30,Partially Exited,Current Cost
A5596ab,A97e2ad,"Delight HoldCo 5, LLC",2025-06-30,Partially Exited,Current Cost
Ab80ef5,A7d02b3,Apax X L.P.,2025-06-30,Current,"Capital Invested, Current Cost"
Ab80ef5,A7d02b3,"Ares Corporate Opportunities Fund VI, L.P.",2025-06-30,Current,"Capital Invested, Current Cost"
Ab80ef5,A7d02b3,"Audax Private Equity Fund VII-B, L.P.",2025-06-30,,"Capital Invested, Current Cost, Unrealized Value, Deal Status"
Ab80ef5,A7d02b3,BC Partners Fund XI,2025-06-30,,"Capital Invested, Current Cost, Unrealized Value, Deal Status"
Ab80ef5,A7d02b3,"Baring Asia Private Equity Fund VIII, L.P.",2025-06-30,Current,"Capital Invested, Current Cost"
Ab80ef5,A7d02b3,Blackstone Tactical Opportunities Fund IV L.P.,2025-06-30,Current,"Capital Invested, Current Cost"
Ab80ef5,A7d02b3,Bregal Unternehmerkapital III SCSp,2025-06-30,Partially Exited,Current Cost
Ab80ef5,A7d02b3,Bridgepoint Europe VII,2025-06-30,Partially Exited,Current Cost
Ab80ef5,A7d02b3,"CPE China Fund IV, L.P.",2025-06-30,Partially Exited,Current Cost
Ab80ef5,A7d02b3,CVC Capital Partners Asia V L.P.,2025-06-30,Partially Exited,Current Cost
Ab80ef5,A7d02b3,"Centerbridge Capital Partners IV, L.P.",2025-06-30,Current,"Capital Invested, Current Cost"
Ab80ef5,A7d02b3,"Clayton, Dubilier & Rice Fund XI, L.P.",2025-06-30,Partially Exited,Current Cost
Ab80ef5,A7d02b3,"Francisco Partners VI, L.P.",2025-06-30,Partially Exited,Current Cost
Ab80ef5,A7d02b3,"Francisco Partners VII, L.P.",2025-06-30,,"Capital Invested, Current Cost, Unrealized Value, Deal Status"
Ab80ef5,A7d02b3,GI Partners Fund VI LP,2025-06-30,Current,"Capital Invested, Current Cost"
Ab80ef5,A7d02b3,"Green Equity Investors VIII, L.P.",2025-06-30,Partially Exited,Current Cost
Ab80ef5,A7d02b3,IDG China Venture Capital Fund VII L.P.,2025-06-30,Current,"Capital Invested, Current Cost"
Ab80ef5,A7d02b3,KKR Asian Fund IV SCSp,2025-06-30,Current,"Capital Invested, Current Cost"
Ab80ef5,A7d02b3,"L Catterton IX, L.P.",2025-06-30,Partially Exited,Current Cost
Ab80ef5,A7d02b3,"MBK Partners Fund V, L.P.",2025-06-30,Partially Exited,Current Cost
Ab80ef5,A7d02b3,Montagu VI L.P.,2025-06-30,Partially Exited,Current Cost
Ab80ef5,A7d02b3,"New Mountain Partners VI, L.P.",2025-06-30,Current,"Capital Invested, Current Cost"
Ab80ef5,A7d02b3,"Nordic Capital Fund XI, L.P.",2025-06-30,,"Capital Invested, Current Cost, Unrealized Value, Deal Status"
Ab80ef5,A7d02b3,"Nordic Capital X, L.P.",2025-06-30,Current,"Capital Invested, Current Cost"
Ab80ef5,A7d02b3,"Oak Hill Capital Partners V, L.P.",2025-06-30,Current,"Capital Invested, Current Cost"
Ab80ef5,A7d02b3,Oakley Capital V-B1 SCSp,2025-06-30,Current,"Capital Invested, Current Cost"
Ab80ef5,A7d02b3,PAI Partners VIII-1 SCSp,2025-06-30,,"Capital Invested, Current Cost, Unrealized Value, Deal Status"
Ab80ef5,A7d02b3,"PSG V, L.P.",2025-06-30,Current,"Capital Invested, Current Cost"
Ab80ef5,A7d02b3,Project Antarctica,2025-06-30,Partially Exited,Current Cost
Ab80ef5,A7d02b3,Project Ash,2025-06-30,Partially Exited,Current Cost
Ab80ef5,A7d02b3,Project Atlas,2025-06-30,Partially Exited,Current Cost
Ab80ef5,A7d02b3,Project Balvenie,2025-06-30,Partially Exited,Current Cost
Ab80ef5,A7d02b3,Project Boylston,2025-06-30,Partially Exited,Current Cost
Ab80ef5,A7d02b3,Project Cadence,2025-06-30,Partially Exited,Current Cost
Ab80ef5,A7d02b3,Project Ceres,2025-06-30,Partially Exited,Current Cost
Ab80ef5,A7d02b3,Project Cereza,2025-06-30,Partially Exited,Current Cost
Ab80ef5,A7d02b3,Project Chimera,2025-06-30,Partially Exited,Current Cost
Ab80ef5,A7d02b3,Project Clover,2025-06-30,Partially Exited,Current Cost
Ab80ef5,A7d02b3,Project Crestone,2025-06-30,Partially Exited,Current Cost
Ab80ef5,A7d02b3,Project Digital,2025-06-30,Partially Exited,Current Cost
Ab80ef5,A7d02b3,Project Eight,2025-06-30,Partially Exited,Current Cost
Ab80ef5,A7d02b3,Project Fig,2025-06-30,Partially Exited,Current Cost
Ab80ef5,A7d02b3,Project Gallop,2025-06-30,Partially Exited,Current Cost
Ab80ef5,A7d02b3,Project Giant,2025-06-30,Partially Exited,Current Cost
Ab80ef5,A7d02b3,Project Grasshopper,2025-06-30,Partially Exited,Current Cost
Ab80ef5,A7d02b3,Project Hercules,2025-06-30,Partially Exited,Current Cost
Ab80ef5,A7d02b3,Project Hybrid,2025-06-30,Partially Exited,Current Cost
Ab80ef5,A7d02b3,Project ICON,2025-06-30,Partially Exited,Current Cost
Ab80ef5,A7d02b3,Project Kansas,2025-06-30,Partially Exited,Current Cost
Ab80ef5,A7d02b3,Project Lagoon,2025-06-30,Partially Exited,Current Cost
Ab80ef5,A7d02b3,Project Lloyds,2025-06-30,Partially Exited,Current Cost
Ab80ef5,A7d02b3,Project Newton,2025-06-30,Partially Exited,Current Cost
Ab80ef5,A7d02b3,Project Orion,2025-06-30,Partially Exited,Current Cost
Ab80ef5,A7d02b3,Project Pearl,2025-06-30,Partially Exited,Current Cost
Ab80ef5,A7d02b3,Project Pioneer,2025-06-30,Partially Exited,Current Cost
Ab80ef5,A7d02b3,Project Plymouth,2025-06-30,Partially Exited,Current Cost
Ab80ef5,A7d02b3,Project Pomelo,2025-06-30,Partially Exited,Current Cost
Ab80ef5,A7d02b3,Project Purple,2025-06-30,Partially Exited,Current Cost
Ab80ef5,A7d02b3,Project Raindrop,2025-06-30,Partially Exited,Current Cost
Ab80ef5,A7d02b3,Project Roast,2025-06-30,Partially Exited,Current Cost
Ab80ef5,A7d02b3,Project Sapphire,2025-06-30,Partially Exited,Current Cost
Ab80ef5,A7d02b3,Project Spike,2025-06-30,Partially Exited,Current Cost
Ab80ef5,A7d02b3,Project Spire,2025-06-30,Partially Exited,Current Cost
Ab80ef5,A7d02b3,Project Tilburg,2025-06-30,Partially Exited,Current Cost
Ab80ef5,A7d02b3,Project Timber II,2025-06-30,Partially Exited,Current Cost
Ab80ef5,A7d02b3,Project Triangle,2025-06-30,Partially Exited,Current Cost
Ab80ef5,A7d02b3,Project Twenty-Four,2025-06-30,Partially Exited,Current Cost
Ab80ef5,A7d02b3,Project Vision,2025-06-30,Partially Exited,Current Cost
Ab80ef5,A7d02b3,Project Voyage,2025-06-30,Partially Exited,Current Cost
Ab80ef5,A7d02b3,Roark Capital Partners VI LP,2025-06-30,,"Capital Invested, Current Cost, Unrealized Value, Deal Status"
Ab80ef5,A7d02b3,"TPG Growth V, L.P.",2025-06-30,Partially Exited,Current Cost
Ab80ef5,A7d02b3,"The Veritas Capital Fund VII, L.P.",2025-06-30,Current,"Capital Invested, Current Cost"
Ab80ef5,A7d02b3,"The Veritas Capital Fund VIII, L.P.",2025-06-30,,"Capital Invested, Current Cost, Unrealized Value, Deal Status"
Ab80ef5,A7d02b3,"Thomas H. Lee Equity Fund IX, L.P.",2025-06-30,Current,"Capital Invested, Current Cost"
Ab80ef5,A7d02b3,"Tiger Global Private Investment Partners XV, L.P.",2025-06-30,Current,"Capital Invested, Current Cost"
Ab80ef5,A7d02b3,"Trident IX, L.P.",2025-06-30,Partially Exited,Current Cost
Ab80ef5,A7d02b3,"Trident VIII, L.P.",2025-06-30,Partially Exited,Current Cost
Ab80ef5,A7d02b3,Undisclosed Investments,2025-06-30,Partially Exited,Current Cost
Ab80ef5,A7d02b3,"WCAS XIV, L.P.",2025-06-30,Current,"Capital Invested, Current Cost"
Ac472e1,A7d02b3,Altor Fund VI (No. 2) AB,2025-06-30,,"Capital Invested, Current Cost, Unrealized Value, Deal Status"
Ac472e1,A7d02b3,"American Securities Partners IX, L.P.",2025-06-30,,Deal Status
Ac472e1,A7d02b3,Apax XI USD L.P.,2025-06-30,,"Capital Invested, Current Cost, Unrealized Value, Deal Status"
Ac472e1,A7d02b3,"Apollo Investment Fund X, L.P.",2025-06-30,Current,"Capital Invested, Current Cost"
Ac472e1,A7d02b3,"BPEA Private Equity Fund IX (No.2), SCSp",2025-06-30,,"Capital Invested, Current Cost, Unrealized Value, Deal Status"
Ac472e1,A7d02b3,"Carlyle Asia Partners VI, L.P.",2025-06-30,Written Off,Capital Invested
Ac472e1,A7d02b3,"Centerbridge Capital Partners V, L.P.",2025-06-30,Current,"Capital Invested, Current Cost"
Ac472e1,A7d02b3,"Court Square Capital Partners Fund V, L.P.",2025-06-30,,Deal Status
Ac472e1,A7d02b3,EMK Capital Partners III LP,2025-06-30,Current,"Capital Invested, Current Cost"
Ac472e1,A7d02b3,InvestIndustrial VIII SCSp,2025-06-30,Current,"Capital Invested, Current Cost"
Ac472e1,A7d02b3,"K6 Private Investors, L.P.",2025-06-30,Written Off,Capital Invested
Ac472e1,A7d02b3,"KPS Special Situations Fund VI, LP",2025-06-30,Current,"Capital Invested, Current Cost"
Ac472e1,A7d02b3,Lindsay Goldberg VI L.P.,2025-06-30,,"Capital Invested, Current Cost, Unrealized Value, Deal Status"
Ac472e1,A7d02b3,Norvestor IX SCSp,2025-06-30,Current,"Capital Invested, Current Cost"
Ac472e1,A7d02b3,"Oak Hill Capital Partners VI, L.P.",2025-06-30,Partially Exited,Current Cost
Ac472e1,A7d02b3,PAG Asia IV LP,2025-06-30,,"Capital Invested, Current Cost, Unrealized Value, Deal Status"
Ac472e1,A7d02b3,"PSG VI, L.P.",2025-06-30,,"Capital Invested, Current Cost, Unrealized Value, Deal Status"
Ac472e1,A7d02b3,"Platinum Equity Capital Partners VI, L.P.",2025-06-30,Current,"Capital Invested, Current Cost"
Ac472e1,A7d02b3,Project Barley,2025-06-30,Partially Exited,Current Cost
Ac472e1,A7d02b3,Project Clementine,2025-06-30,Partially Exited,Current Cost
Ac472e1,A7d02b3,Project Empower,2025-06-30,Partially Exited,Current Cost
Ac472e1,A7d02b3,Project Fairy,2025-06-30,Partially Exited,Current Cost
Ac472e1,A7d02b3,Project Gondor,2025-06-30,Partially Exited,Current Cost
Ac472e1,A7d02b3,Project Graduate,2025-06-30,Partially Exited,Current Cost
Ac472e1,A7d02b3,Project Helvetica,2025-06-30,Partially Exited,Current Cost
Ac472e1,A7d02b3,Project Jade,2025-06-30,Partially Exited,Current Cost
Ac472e1,A7d02b3,Project Jumpman,2025-06-30,Partially Exited,Current Cost
Ac472e1,A7d02b3,Project Loch,2025-06-30,Partially Exited,Current Cost
Ac472e1,A7d02b3,Project Macedonia,2025-06-30,Partially Exited,Current Cost
Ac472e1,A7d02b3,Project Nancy,2025-06-30,Partially Exited,Current Cost
Ac472e1,A7d02b3,Project Perth,2025-06-30,Partially Exited,Current Cost
Ac472e1,A7d02b3,Project Raindrop,2025-06-30,Partially Exited,Current Cost
Ac472e1,A7d02b3,Project Rhythm,2025-06-30,Partially Exited,Current Cost
Ac472e1,A7d02b3,Project Rooster,2025-06-30,Partially Exited,Current Cost
Ac472e1,A7d02b3,Project Spear,2025-06-30,Partially Exited,Current Cost
Ac472e1,A7d02b3,Project Twenty-Four,2025-06-30,Partially Exited,Current Cost
Ac472e1,A7d02b3,Project Vision,2025-06-30,Partially Exited,Current Cost
Ac472e1,A7d02b3,Project Waltz,2025-06-30,Partially Exited,Current Cost
Ac472e1,A7d02b3,Project Wings,2025-06-30,Partially Exited,Current Cost
Ac472e1,A7d02b3,"TPG Partners IX, L.P.",2025-06-30,Partially Exited,Current Cost
Ac472e1,A7d02b3,"Tailwind Capital Partners IV, L.P.",2025-06-30,,Deal Status
Ac472e1,A7d02b3,The Triton Fund VI,2025-06-30,,"Capital Invested, Current Cost, Unrealized Value, Deal Status"
Ac472e1,A7d02b3,"TowerBrook Investors VI (Onshore), L.P.",2025-06-30,Partially Exited,Current Cost
Ac472e1,A7d02b3,Undisclosed Investments,2025-06-30,Partially Exited,Current Cost
Aa12a53,A8bd477,Driven Brands Holdings Inc.,2025-06-30,Partially Exited,Capital Invested
A947e8c,A97e2ad,Dunbar Setanta GP LLC,2025-06-30,Partially Exited,Current Cost
A9ffbf3,Ad7e703,American Secure Living Inc.; aka Longmark,2025-06-30,Current,Capital Invested
A9ffbf3,Ad7e703,"Bloom Studios, Inc.; aka Indigo",2025-06-30,Current,Capital Invested
A9ffbf3,Ad7e703,"Homeward, Inc.",2025-06-30,Current,Capital Invested
A9ffbf3,Ad7e703,"Honey Homes, Inc.",2025-06-30,Current,Capital Invested
A9ffbf3,Ad7e703,Latii Inc.,2025-06-30,Current,Capital Invested
A9ffbf3,Ad7e703,Mainstay Labs Inc. aka Open Exchange Labs Inc.,2025-06-30,Current,Capital Invested
A9ffbf3,Ad7e703,Ostrich X Ltd,2025-06-30,Current,Capital Invested
A9ffbf3,Ad7e703,"PassiveLogic, Inc.",2025-06-30,Current,Capital Invested
A9ffbf3,Ad7e703,"Shepherd Labs, Inc.",2025-06-30,Current,Capital Invested
A9ffbf3,Ad7e703,"Suffolk Technology Boost, LLC",2025-06-30,Current,Capital Invested
A9ffbf3,Ad7e703,"TKTK Media, Inc.",2025-06-30,Current,Capital Invested
A9ffbf3,Ad7e703,Tempo Works Inc.,2025-06-30,Current,Capital Invested
A9ffbf3,Ad7e703,"TrueList, Inc.",2025-06-30,Current,Capital Invested
A9ffbf3,Ad7e703,ViaBot Inc.,2025-06-30,Current,Capital Invested
A9ffbf3,Ad7e703,Welcome Building Corporation,2025-06-30,Current,Capital Invested
Adf56a5,A6299d5,"EIP Consolidated, LLC",2025-06-30,,"Capital Invested, Current Cost, Unrealized Value, Deal Status"
A29c2b9,Aed3782,AB Centers Acquisition Corporation,2025-06-30,Current,"Capital Invested, Current Cost"
A29c2b9,Aed3782,Alegeus Technologies Holdings Corp,2025-06-30,Current,"Capital Invested, Current Cost"
A29c2b9,Aed3782,Australia - Application Software,2025-06-30,Current,"Capital Invested, Current Cost"
A29c2b9,Aed3782,"Benefit Plan Administrators Of Eau Claire, LLC",2025-06-30,Current,"Capital Invested, Current Cost"
A29c2b9,Aed3782,"Dpt Management, LLC",2025-06-30,Current,"Capital Invested, Current Cost"
A29c2b9,Aed3782,Endurance PT Technology Buyer Corporation,2025-06-30,Current,"Capital Invested, Current Cost"
A29c2b9,Aed3782,Harmony Hit US Holdings Inc,2025-06-30,Current,"Capital Invested, Current Cost"
A29c2b9,Aed3782,"Houseworks Holdings, LLC",2025-06-30,Current,"Capital Invested, Current Cost"
A29c2b9,Aed3782,Identiti Resources LLC,2025-06-30,Current,"Capital Invested, Current Cost"
A29c2b9,Aed3782,"Infusion Services Management, LLC",2025-06-30,Current,"Capital Invested, Current Cost"
A29c2b9,Aed3782,"LACO Industries, LLC",2025-06-30,Current,"Capital Invested, Current Cost"
A29c2b9,Aed3782,"PLA Buyer, LLC",2025-06-30,Current,"Capital Invested, Current Cost"
A29c2b9,Aed3782,"Perimeter Solutions Group, LLC",2025-06-30,Current,"Capital Invested, Current Cost"
A29c2b9,Aed3782,"Principal Lighting Group Holdings, LLC",2025-06-30,Current,"Capital Invested, Current Cost"
A29c2b9,Aed3782,"Quick Roofing Acquisition, LLC",2025-06-30,Current,"Capital Invested, Current Cost"
A29c2b9,Aed3782,RPX Corporation,2025-06-30,Current,"Capital Invested, Current Cost"
A29c2b9,Aed3782,Roofing Services Solutions LLC,2025-06-30,Current,"Capital Invested, Current Cost"
A29c2b9,Aed3782,"RxStrategies, Inc.",2025-06-30,Current,"Capital Invested, Current Cost"
A29c2b9,Aed3782,"SCP WQS Buyer, LLC",2025-06-30,Current,"Capital Invested, Current Cost"
A29c2b9,Aed3782,"SHF Holdings, Inc,",2025-06-30,Current,"Capital Invested, Current Cost"
A29c2b9,Aed3782,"Sabrosura Foods, LLC",2025-06-30,Current,"Capital Invested, Current Cost"
A29c2b9,Aed3782,Tex-Tech Industries Inc,2025-06-30,Current,"Capital Invested, Current Cost"
A29c2b9,Aed3782,"The Smilist DSO, LLC",2025-06-30,Current,"Capital Invested, Current Cost"
A29c2b9,Aed3782,Tighitco Inc,2025-06-30,Current,"Capital Invested, Current Cost"
A29c2b9,Aed3782,United States - Advertising,2025-06-30,Current,"Capital Invested, Current Cost"
A29c2b9,Aed3782,United States - Aerospace & Defense,2025-06-30,Current,"Capital Invested, Current Cost"
A29c2b9,Aed3782,United States - Air Freight & Logistics,2025-06-30,Current,"Capital Invested, Current Cost"
A29c2b9,Aed3782,United States - Application Software,2025-06-30,Current,"Capital Invested, Current Cost"
A29c2b9,Aed3782,United States - Data Processing & Outsourced Services,2025-06-30,Current,"Capital Invested, Current Cost"
A29c2b9,Aed3782,United States - Diversified Financial Services,2025-06-30,Current,"Capital Invested, Current Cost"
A29c2b9,Aed3782,United States - Diversified Support Services,2025-06-30,Current,"Capital Invested, Current Cost"
A29c2b9,Aed3782,United States - Electronic Components,2025-06-30,Current,"Capital Invested, Current Cost"
A29c2b9,Aed3782,United States - Environmental & Facilities Services,2025-06-30,Current,"Capital Invested, Current Cost"
A29c2b9,Aed3782,United States - Health Care Services,2025-06-30,Current,"Capital Invested, Current Cost"
A29c2b9,Aed3782,United States - Health Care Supplies,2025-06-30,Current,"Capital Invested, Current Cost"
A29c2b9,Aed3782,United States - Health Care Technology,2025-06-30,Current,"Capital Invested, Current Cost"
A29c2b9,Aed3782,United States - Industrial Machinery & Supplies & Components,2025-06-30,Current,"Capital Invested, Current Cost"
A29c2b9,Aed3782,United States - Mutual funds,2025-06-30,Current,"Capital Invested, Current Cost"
A29c2b9,Aed3782,United States - Office Services & Supplies & Package Foods,2025-06-30,Current,"Capital Invested, Current Cost"
A29c2b9,Aed3782,United States - Packaged Foods & Meats,2025-06-30,Current,"Capital Invested, Current Cost"
A29c2b9,Aed3782,United States - Research & Consulting Services,2025-06-30,Current,"Capital Invested, Current Cost"
A29c2b9,Aed3782,United States - Soft Drinks & Non-alcoholic Beverages & Specialized Consumer Services,2025-06-30,Current,"Capital Invested, Current Cost"
A29c2b9,Aed3782,United States - Specialized Consumer Services,2025-06-30,Current,"Capital Invested, Current Cost"
A29c2b9,Aed3782,United States - Trading Companies & Distributors,2025-06-30,Current,"Capital Invested, Current Cost"
A29c2b9,Aed3782,United States-Life Sciences Tools & Services,2025-06-30,Current,"Capital Invested, Current Cost"
A29c2b9,Aed3782,United States-Paper & Plastic Packaging Products & Materials,2025-06-30,Current,"Capital Invested, Current Cost"
Af017ce,3.95E+42,Asset Backed Securities,2025-06-30,Partially Exited,Current Cost
Af017ce,3.95E+42,Commercial Real Estate Debt & Equity Securities,2025-06-30,Partially Exited,Current Cost
Af017ce,3.95E+42,Consumer Loan and Small Business Loan Portfolio,2025-06-30,Partially Exited,Current Cost
Af017ce,3.95E+42,Corporate Debt & Securities,2025-06-30,Partially Exited,Current Cost
Af017ce,3.95E+42,Corporate Loan Originations,2025-06-30,Partially Exited,Current Cost
Af017ce,3.95E+42,Diversified Credit,2025-06-30,Partially Exited,Current Cost
Af017ce,3.95E+42,Legal Assets,2025-06-30,Partially Exited,Current Cost
Af017ce,3.95E+42,Preferred & Common Equity Corporate Securities,2025-06-30,Partially Exited,Current Cost
Af017ce,3.95E+42,Residential,2025-06-30,Partially Exited,Current Cost
Af017ce,3.95E+42,Transportation and Infrastructure Assets,2025-06-30,Partially Exited,Current Cost
A6d0e2b,3.95E+42,Asset Backed Securities,2025-06-30,Partially Exited,Current Cost
A6d0e2b,3.95E+42,Commercial Real Estate Debt & Equity Securities,2025-06-30,Partially Exited,Current Cost
A6d0e2b,3.95E+42,Consumer Loan and Small Business Loan Portfolio,2025-06-30,Partially Exited,Current Cost
A6d0e2b,3.95E+42,Corporate Debt & Securities,2025-06-30,Partially Exited,Current Cost
A6d0e2b,3.95E+42,Corporate Loan Originations,2025-06-30,Partially Exited,Current Cost
A6d0e2b,3.95E+42,Diversified Credit,2025-06-30,Partially Exited,Current Cost
A6d0e2b,3.95E+42,Legal Assets,2025-06-30,Partially Exited,Current Cost
A6d0e2b,3.95E+42,Preferred & Common Equity Corporate Securities,2025-06-30,Partially Exited,Current Cost
A6d0e2b,3.95E+42,Residential,2025-06-30,Partially Exited,Current Cost
A6d0e2b,3.95E+42,Transportation and Infrastructure Assets,2025-06-30,Partially Exited,Current Cost
A21e474,3.95E+42,Asset Backed Securities,2025-06-30,Partially Exited,Current Cost
A21e474,3.95E+42,Commercial Real Estate Debt & Equity Securities,2025-06-30,Partially Exited,Current Cost
A21e474,3.95E+42,Consumer Loan and Small Business Loan Portfolio,2025-06-30,Partially Exited,Current Cost
A21e474,3.95E+42,Corporate Debt & Securities,2025-06-30,Partially Exited,Current Cost
A21e474,3.95E+42,Corporate Loan Originations,2025-06-30,Partially Exited,Current Cost
A21e474,3.95E+42,Diversified Credit,2025-06-30,Partially Exited,Current Cost
A21e474,3.95E+42,European NPL Portfolio,2025-06-30,Partially Exited,Current Cost
A21e474,3.95E+42,Legal Assets,2025-06-30,Partially Exited,Current Cost
A21e474,3.95E+42,Preferred & Common Equity Corporate Securities,2025-06-30,Partially Exited,Current Cost
A21e474,3.95E+42,Residential,2025-06-30,Partially Exited,Current Cost
A21e474,3.95E+42,Transportation Assets,2025-06-30,Partially Exited,Current Cost
A82f5de,3.95E+42,Commercial Real Estate Debt & Equity Securities,2025-06-30,Partially Exited,Current Cost
A82f5de,3.95E+42,Consumer Loan and Small Business Loan Portfolio,2025-06-30,Partially Exited,Current Cost
A82f5de,3.95E+42,Corporate Debt & Securities: Stressed & Distressed,2025-06-30,Partially Exited,Current Cost
A82f5de,3.95E+42,Corporate Loan Originations,2025-06-30,Partially Exited,Current Cost
A82f5de,3.95E+42,Diversified Credit,2025-06-30,Partially Exited,Current Cost
A82f5de,3.95E+42,Legal Assets,2025-06-30,Partially Exited,Current Cost
A82f5de,3.95E+42,Preferred & Common Equity Corporate Securities,2025-06-30,Partially Exited,Current Cost
A82f5de,3.95E+42,Residential,2025-06-30,Partially Exited,Current Cost
A82f5de,3.95E+42,Transportation and Infrastructure Assets,2025-06-30,Partially Exited,Current Cost
A3bbfd6,3.95E+42,Aymium,2025-06-30,Partially Exited,Current Cost
A3bbfd6,3.95E+42,Cardiac Dimensions,2025-06-30,,"Capital Invested, Current Cost, Unrealized Value, Deal Status"
A3bbfd6,3.95E+42,Nanosys,2025-06-30,Partially Exited,Current Cost
A3bbfd6,3.95E+42,Pivotal Commware,2025-06-30,Partially Exited,Current Cost
A3bbfd6,3.95E+42,Preferred Equity in Commercial and Patent Litigation Funder Vehicle,2025-06-30,Partially Exited,Current Cost
A3bbfd6,3.95E+42,Radian,2025-06-30,Partially Exited,Current Cost
Adfb13d,3.95E+42,Flagler,2025-06-30,Current,Capital Invested
Adfb13d,3.95E+42,Intrawest,2025-06-30,,"Capital Invested, Deal Status"
A0841e0,3.95E+42,Flagler,2025-06-30,Current,Capital Invested
A0841e0,3.95E+42,Intrawest Cayman L.P.,2025-06-30,,"Capital Invested, Deal Status"
A7199bc,A96d1b3,Oil & Gas Properties,2025-06-30,Current,"Capital Invested, Current Cost"
A3c99e8,A9fbabf,"Accident Care Alliance (FKA Pro Care, LLC)",2025-06-30,Current,Capital Invested
A3c99e8,A9fbabf,Afterburn Holdings,2025-06-30,,"Capital Invested, Current Cost, Unrealized Value, Deal Status"
A3c99e8,A9fbabf,Authentic Restaurant Brands,2025-06-30,Current,Capital Invested
A3c99e8,A9fbabf,Bechtun Credit Partners (Franchise Group),2025-06-30,Current,Capital Invested
A3c99e8,A9fbabf,Fat Tuesday,2025-06-30,,"Capital Invested, Current Cost, Unrealized Value, Deal Status"
A3c99e8,A9fbabf,Firebirds Wood Fired Grill,2025-06-30,Current,Capital Invested
A3c99e8,A9fbabf,FirstRidge Service Partners,2025-06-30,Current,Capital Invested
A3c99e8,A9fbabf,Flagstop Carwash,2025-06-30,,"Capital Invested, Current Cost, Unrealized Value, Deal Status"
A3c99e8,A9fbabf,GoodTurn Tire & Auto (FKA Apex Automotive),2025-06-30,Current,Capital Invested
A3c99e8,A9fbabf,Kona Ice,2025-06-30,Current,Capital Invested
A3c99e8,A9fbabf,Mountainside Fitness,2025-06-30,Current,Capital Invested
A3c99e8,A9fbabf,Prime Vacations,2025-06-30,Current,Capital Invested
A3c99e8,A9fbabf,Publicly traded shares,2025-06-30,Current,Capital Invested
A3c99e8,A9fbabf,Redwood Environmental,2025-06-30,Current,Capital Invested
A3c99e8,A9fbabf,WOW Carwash,2025-06-30,,"Capital Invested, Current Cost, Unrealized Value, Deal Status"
A3c99e8,A9fbabf,Woof Gang Bakery and Grooming,2025-06-30,,"Capital Invested, Current Cost, Unrealized Value, Deal Status"
A162a33,A9fbabf,Bechtun Credit Partners LLC,2025-06-30,Current,Capital Invested
A162a33,A9fbabf,Grizzly MEP,2025-06-30,Current,Capital Invested
A162a33,A9fbabf,Publicly Traded Shares,2025-06-30,Current,Capital Invested
A162a33,A9fbabf,Skybound Services Partners,2025-06-30,Current,Capital Invested
A87a21d,A9fbabf,Ampler Restaurant Group,2025-06-30,Current,Capital Invested
A87a21d,A9fbabf,Bulldog Purchaser Inc,2025-06-30,Current,Capital Invested
A87a21d,A9fbabf,CEC Entertainment,2025-06-30,Current,Capital Invested
A87a21d,A9fbabf,"Checkers Holdings, Inc.",2025-06-30,Current,Capital Invested
A87a21d,A9fbabf,Cooper's Hawk Intermediate Holding LLC,2025-06-30,Current,Capital Invested
A87a21d,A9fbabf,Flynn Restaurant Group LP,2025-06-30,Current,Capital Invested
A87a21d,A9fbabf,"Fogo de Chao (BCPE Grill Parent, Inc.)",2025-06-30,Current,Capital Invested
A87a21d,A9fbabf,"Fusion Buyer, LLC",2025-06-30,Current,Capital Invested
A87a21d,A9fbabf,"LaserAway Intermediate Holdings II, LLC",2025-06-30,Current,Capital Invested
A87a21d,A9fbabf,OYO Hotels (Oravel Stays),2025-06-30,Current,Capital Invested
A87a21d,A9fbabf,PF Chang (Wok Holdings Inc.),2025-06-30,Current,Capital Invested
A87a21d,A9fbabf,Pathway Vet Alliance LLC,2025-06-30,Current,Capital Invested
A87a21d,A9fbabf,"SPLAT Super HoldCo, LLC",2025-06-30,,"Capital Invested, Current Cost, Unrealized Value, Deal Status"
A87a21d,A9fbabf,TruGreen Limited Partnership,2025-06-30,Current,Capital Invested
A9e2889,A3e342a,"Corvia Medical, Inc.",2025-06-30,Current,Capital Invested
A9e2889,A3e342a,"Stripe, Inc.",2025-06-30,Current,Capital Invested
A583186,A3e342a,"Corvia Medical, Inc.",2025-06-30,Current,Capital Invested
A583186,A3e342a,"Fractyl Health, Inc.",2025-06-30,Current,Capital Invested
A583186,A3e342a,"GC Innovation, LLC",2025-06-30,Current,Capital Invested
A583186,A3e342a,GoodData Corporation,2025-06-30,Current,Capital Invested
A583186,A3e342a,"Level Equity Professionals, L.P",2025-06-30,Current,Capital Invested
A583186,A3e342a,"NatureBox, Inc.",2025-06-30,,"Capital Invested, Deal Status"
A583186,A3e342a,"ReInvent Commerce Holdings, LLC (AKA: LAUNCH)",2025-06-30,Current,Capital Invested
A583186,A3e342a,"Stripe, Inc.",2025-06-30,Current,Capital Invested
A583186,A3e342a,"SunBorne Energy Holdings, LLC",2025-06-30,,"Capital Invested, Deal Status"
A583186,A3e342a,"Thrive Capital Partners II, L.P.",2025-06-30,Current,Capital Invested
A583186,A3e342a,"Thrive Capital Partners, LLC",2025-06-30,Current,Capital Invested
A7ead5b,A65900b,Advarra,2025-06-30,Current,Capital Invested
A7ead5b,A65900b,"Amwins Group, Inc.",2025-06-30,Current,Capital Invested
A7ead5b,A65900b,Association Member Benefits Advisors,2025-06-30,Current,Capital Invested
A7ead5b,A65900b,Clarience Technologies LLC,2025-06-30,Current,Capital Invested
A7ead5b,A65900b,Cyncly,2025-06-30,Current,Capital Invested
A7ead5b,A65900b,MASA Global,2025-06-30,Current,Capital Invested
A7ead5b,A65900b,Marcone,2025-06-30,Current,Capital Invested
A7ead5b,A65900b,Mercer,2025-06-30,Current,Capital Invested
A7ead5b,A65900b,OEConnection LLC,2025-06-30,Current,Capital Invested
A7ead5b,A65900b,Obsidian Insurance Holdings,2025-06-30,Current,Capital Invested
A7ead5b,A65900b,Orion Advisor Solutions,2025-06-30,Current,Capital Invested
A7ead5b,A65900b,Prometheus,2025-06-30,Current,Capital Invested
A7ead5b,A65900b,Sonny's Enterprises,2025-06-30,Current,Capital Invested
A7ead5b,A65900b,Vector,2025-06-30,Current,Capital Invested
A7ead5b,A65900b,insightsoftware,2025-06-30,Current,Capital Invested
A1c6bfc,A65900b,Accruent,2025-06-30,,"Capital Invested, Current Cost, Unrealized Value, Deal Status"
A1c6bfc,A65900b,Alera,2025-06-30,,"Capital Invested, Current Cost, Unrealized Value, Deal Status"
A1c6bfc,A65900b,Ascensus,2025-06-30,Current,Capital Invested
A1c6bfc,A65900b,Association Member Benefits Advisors,2025-06-30,,"Capital Invested, Current Cost, Unrealized Value, Deal Status"
A1c6bfc,A65900b,Cetera,2025-06-30,,"Capital Invested, Current Cost, Unrealized Value, Deal Status"
A1c6bfc,A65900b,Community Brands,2025-06-30,Current,Capital Invested
A1c6bfc,A65900b,"ConnectiveRx (fka ""PSK-PDR"")",2025-06-30,Current,Capital Invested
A1c6bfc,A65900b,"Enverus (fka ""Drillinginfo"")",2025-06-30,Current,Capital Invested
A1c6bfc,A65900b,"Infinite Electronics, Inc.",2025-06-30,,"Capital Invested, Current Cost, Unrealized Value, Deal Status"
A1c6bfc,A65900b,Power Products,2025-06-30,,"Capital Invested, Current Cost, Unrealized Value, Deal Status"
A1c6bfc,A65900b,"Signant Health (fka ""CRF Bracket"")",2025-06-30,Current,Capital Invested
A1c6bfc,A65900b,Sphera Solutions,2025-06-30,,"Capital Invested, Current Cost, Unrealized Value, Deal Status"
A1c6bfc,A65900b,Stack Sports,2025-06-30,Current,Capital Invested
Afb9c3e,A65900b,2-10 HBW,2025-06-30,,"Capital Invested, Current Cost, Unrealized Value, Deal Status"
Afb9c3e,A65900b,ISS,2025-06-30,,"Capital Invested, Current Cost, Unrealized Value, Deal Status"
A2257c0,A65900b,"AffiniPay, LLC",2025-06-30,Current,Capital Invested
A2257c0,A65900b,"Amwins Group, Inc.",2025-06-30,Current,Capital Invested
A2257c0,A65900b,"Aperture Companies, LLC",2025-06-30,Current,Capital Invested
A2257c0,A65900b,Cetera,2025-06-30,Current,Capital Invested
A2257c0,A65900b,"Docupace Technologies, LLC",2025-06-30,Current,Capital Invested
A2257c0,A65900b,"Flourish Research Holdings, LLC",2025-06-30,Current,Capital Invested
A2257c0,A65900b,Playmetrics,2025-06-30,Current,Capital Invested
Acc6f90,Ad137c9,"HEI Hospitality Fund Holdings III, L.P.",2025-06-30,,"Capital Invested, Deal Status"
Ae1b92f,A2d789a,Eight Sleep,2025-06-30,,"Capital Invested, Current Cost, Unrealized Value, Deal Status"
A97e381,A2d789a,Celles,2025-06-30,,"Capital Invested, Current Cost, Unrealized Value, Deal Status"
Ad1697b,A2d789a,Marqvision,2025-06-30,,"Capital Invested, Current Cost, Unrealized Value, Deal Status"
A6e113b,A7b259c,"MPH Bastrop Peakers Holdco, LLC",2025-06-30,Current,Capital Invested
A6e113b,A7b259c,MPH Cross Island,2025-06-30,Current,Capital Invested
A6e113b,A7b259c,"MPH Elwood Holdco, LLC",2025-06-30,Current,Capital Invested
A751851,A8e74aa,2DuNet.com,2025-06-30,Written Off,Capital Invested
A751851,A8e74aa,"9Diamond Co., Ltd.",2025-06-30,Written Off,Capital Invested
A751851,A8e74aa,"AllTech International Group, Inc.",2025-06-30,Written Off,Capital Invested
A751851,A8e74aa,"Apollomics, Inc.",2025-06-30,Fully Exited,Capital Invested
A751851,A8e74aa,Avvo Inc.,2025-06-30,Fully Exited,Capital Invested
A751851,A8e74aa,Azaleos Corporation,2025-06-30,Fully Exited,Capital Invested
A751851,A8e74aa,Besunyen Holdings Company Limited,2025-06-30,Fully Exited,Capital Invested
A751851,A8e74aa,Blowtorch Entertainment Corporation,2025-06-30,Written Off,Capital Invested
A751851,A8e74aa,Captiv8 Information and Technology Holdings Co.,2025-06-30,Written Off,Capital Invested
A751851,A8e74aa,Chinacache International Holdings Ltd. (NASDAQ: CCIH),2025-06-30,Fully Exited,Capital Invested
A751851,A8e74aa,ClearCycle Corp,2025-06-30,Fully Exited,Capital Invested
A751851,A8e74aa,Crown Bioscience International,2025-06-30,Fully Exited,Capital Invested
A751851,A8e74aa,"Datasphere Technologies, Inc.",2025-06-30,Fully Exited,Capital Invested
A751851,A8e74aa,Diamonds.com Holdings Inc.,2025-06-30,Fully Exited,Capital Invested
A751851,A8e74aa,Dining Secretary China Limited,2025-06-30,Fully Exited,Capital Invested
A751851,A8e74aa,"EMC Acquisition, Inc.",2025-06-30,Fully Exited,Capital Invested
A751851,A8e74aa,Earth Class Mail,2025-06-30,Fully Exited,Capital Invested
A751851,A8e74aa,"Ether Precision, Inc.",2025-06-30,Written Off,Capital Invested
A751851,A8e74aa,Fangtek Ltd.,2025-06-30,Fully Exited,Capital Invested
A751851,A8e74aa,GammaStar Medical Group Ltd.,2025-06-30,Fully Exited,Capital Invested
A751851,A8e74aa,Hyperquality Inc.,2025-06-30,Fully Exited,Capital Invested
A751851,A8e74aa,ICE Entertainment Limited,2025-06-30,Fully Exited,Capital Invested
A751851,A8e74aa,ICE.com,2025-06-30,Fully Exited,Capital Invested
A751851,A8e74aa,"Intellisist, Inc. (FKA GotVoice)",2025-06-30,Fully Exited,Capital Invested
A751851,A8e74aa,Jiayuan.com,2025-06-30,Fully Exited,Capital Invested
A751851,A8e74aa,"Juren Holdings, Inc.",2025-06-30,Fully Exited,Capital Invested
A751851,A8e74aa,KUE Digital International LLC (IDLI),2025-06-30,Fully Exited,Capital Invested
A751851,A8e74aa,"La La Media, Inc.",2025-06-30,Fully Exited,Capital Invested
A751851,A8e74aa,Liberty Dialysis Inc.,2025-06-30,Fully Exited,Capital Invested
A751851,A8e74aa,MainOne Inc.,2025-06-30,Fully Exited,Capital Invested
A751851,A8e74aa,"Nurien Soft, Ltd.",2025-06-30,Fully Exited,Capital Invested
A751851,A8e74aa,"PPStream, Inc.",2025-06-30,Fully Exited,Capital Invested
A751851,A8e74aa,PaxVax,2025-06-30,Fully Exited,Capital Invested
A751851,A8e74aa,Previser Inc.,2025-06-30,Fully Exited,Capital Invested
A751851,A8e74aa,QM21 (China Pharmaceutical Distribution Holding Co.,2025-06-30,Fully Exited,Capital Invested
A751851,A8e74aa,QM8 Limited (Hangzhou TigerMed Consulting Co. Ltd),2025-06-30,Fully Exited,Capital Invested
A751851,A8e74aa,Qiming Biopharma GreatSky (Q),2025-06-30,Fully Exited,Capital Invested
A751851,A8e74aa,"Rim Tec, Inc.",2025-06-30,Fully Exited,Capital Invested
A751851,A8e74aa,"Scout Analytics, Inc.",2025-06-30,Fully Exited,Capital Invested
A751851,A8e74aa,"SeaMobile, Inc.",2025-06-30,Fully Exited,Capital Invested
A751851,A8e74aa,"Seven Networks, Inc.",2025-06-30,Fully Exited,Capital Invested
A751851,A8e74aa,"Skytap, Inc.",2025-06-30,Fully Exited,Capital Invested
A751851,A8e74aa,"Sotto Wireless, Inc.",2025-06-30,Written Off,Capital Invested
A751851,A8e74aa,"Splunk, Inc.",2025-06-30,Fully Exited,Capital Invested
A751851,A8e74aa,Touch Media International Holdings,2025-06-30,Fully Exited,Capital Invested
A751851,A8e74aa,Twisted Pair Solutions,2025-06-30,Fully Exited,Capital Invested
A751851,A8e74aa,"Verity Solutions Group, Inc.",2025-06-30,Fully Exited,Capital Invested
A751851,A8e74aa,"XenSource, Inc.",2025-06-30,Fully Exited,Capital Invested
A751851,A8e74aa,"Yeelion, Inc.",2025-06-30,Fully Exited,Capital Invested
A751851,A8e74aa,nWay Inc.,2025-06-30,Written Off,Capital Invested
A2c973b,A8d1733,Grin Technologies Inc.,2025-06-30,,Deal Status
Ae4c498,A8d1733,"SKIMS Body, Inc.",2025-06-30,,Deal Status
A8ff6ae,Ab9d621,Apex (Wuxi) Co. Ltd.,2025-06-30,,"Capital Invested, Current Cost, Unrealized Value, Deal Status"
A8ff6ae,Ab9d621,Berzelius (Nanjing) Co. Ltd,2025-06-30,,"Capital Invested, Current Cost, Unrealized Value, Deal Status"
A8ff6ae,Ab9d621,"Datameer, Inc.",2025-06-30,,"Capital Invested, Current Cost, Unrealized Value, Deal Status"
A8ff6ae,Ab9d621,"Everlane, Inc.",2025-06-30,,"Capital Invested, Current Cost, Unrealized Value, Deal Status"
A8ff6ae,Ab9d621,"Rent The Runway, Inc.",2025-06-30,,"Capital Invested, Current Cost, Unrealized Value, Deal Status"
A7906e8,A4a1f26,AUGMODO,2025-06-30,,"Capital Invested, Current Cost, Unrealized Value, Deal Status"
A86e0b1,Aa130ea,"Alpaca Technology, Inc.",2025-06-30,Written Down,Capital Invested
A86e0b1,Aa130ea,Calypso AI Corp,2025-06-30,Written Down,Capital Invested
A86e0b1,Aa130ea,"Guide Oncology, Inc. (Kirilys)",2025-06-30,,"Capital Invested, Current Cost, Unrealized Value, Deal Status"
A86e0b1,Aa130ea,Hempfusion Wellness Inc.,2025-06-30,Written Down,Capital Invested
A096a41,Aa130ea,Array US Inc.,2025-06-30,Written Down,Capital Invested
A096a41,Aa130ea,"Berry Health, Inc.",2025-06-30,Written Down,Capital Invested
A096a41,Aa130ea,"Eco, Inc.",2025-06-30,Written Down,Capital Invested
A096a41,Aa130ea,"HeightHQ, Inc.",2025-06-30,Written Down,Capital Invested
A096a41,Aa130ea,Live Summer Inc.,2025-06-30,Written Down,Capital Invested
A096a41,Aa130ea,Terraform Labs Pte. Ltd. (dba Luna),2025-06-30,Written Down,Capital Invested
A096a41,Aa130ea,"The Hive Social Network, Inc.",2025-06-30,Written Down,Capital Invested
A80d406,A15f96f,"Ring Container Technologies, LLC",2025-06-30,,"Capital Invested, Current Cost, Unrealized Value, Deal Status"
Aeccf59,Af0082f,"Access Medical Systems, Ltd. (ET Healthcare)",2025-06-30,Current,Capital Invested
Aeccf59,Af0082f,"Beijing Xinwu Liebo e-Commerce Co., Ltd. (Liebo)",2025-06-30,,"Capital Invested, Deal Status"
Aeccf59,Af0082f,DiDi Global Inc. (DIDIY),2025-06-30,Current,Capital Invested
Aeccf59,Af0082f,Distinct Healthcare Holdings Limited,2025-06-30,Current,Capital Invested
Aeccf59,Af0082f,EDDA Healthcare and Technology Holding Limited,2025-06-30,Current,Capital Invested
Aeccf59,Af0082f,Fenbi Ltd.,2025-06-30,Current,Capital Invested
Aeccf59,Af0082f,NaviChina Inc. (Zhe800),2025-06-30,Current,Capital Invested
Aeccf59,Af0082f,Peijia Medical Limited,2025-06-30,Current,Capital Invested
Aeccf59,Af0082f,Qiniu Limited,2025-06-30,Current,Capital Invested
Aeccf59,Af0082f,Souche Holdings Ltd,2025-06-30,Current,Capital Invested
Aeccf59,Af0082f,"Tubatu Group Co., Ltd. (To8To)",2025-06-30,Current,Capital Invested
Aeccf59,Af0082f,Weidian Corporation,2025-06-30,,"Capital Invested, Current Cost, Unrealized Value, Deal Status"
Aeccf59,Af0082f,YUAN Inc (Yuanfudao),2025-06-30,Current,Capital Invested
Aeccf59,Af0082f,Yoka International Inc.,2025-06-30,Current,Capital Invested
Aeccf59,Af0082f,Zhaogang,2025-06-30,Current,Capital Invested
A65fb68,Af0082f,Adlai Nortye Ltd. (Anuo),2025-06-30,Current,Capital Invested
A65fb68,Af0082f,"Ansun Biopharma, Inc.",2025-06-30,Current,Capital Invested
A65fb68,Af0082f,"Beijing Zhiling Haina Technology Co., Ltd. (SmartX)",2025-06-30,Current,Capital Invested
A65fb68,Af0082f,Choice Technology Inc. (Weimai),2025-06-30,Current,Capital Invested
A65fb68,Af0082f,Cloudchef Group Inc.,2025-06-30,Current,Capital Invested
A65fb68,Af0082f,DataPipeline Ltd,2025-06-30,Current,Capital Invested
A65fb68,Af0082f,Dejavu Technology Holdings Limited (DuoZhuaYu),2025-06-30,Current,Capital Invested
A65fb68,Af0082f,Dora Technology Limited (Snowplus),2025-06-30,Current,Capital Invested
A65fb68,Af0082f,Edianyun Limited,2025-06-30,Current,Capital Invested
A65fb68,Af0082f,Eyepetizer Technology Limited (KaiYanShiPin),2025-06-30,,"Capital Invested, Deal Status"
A65fb68,Af0082f,Gong Duo Duo Jian Zhu Gong Cheng (Guangzhou) Company Limited (KaiGongMao),2025-06-30,Current,Capital Invested
A65fb68,Af0082f,Guazi.com Inc.,2025-06-30,Current,Capital Invested
A65fb68,Af0082f,"Happy Sharing Co., Ltd. (XiangWuShuo)",2025-06-30,,"Capital Invested, Deal Status"
A65fb68,Af0082f,HashData Technology Inc. (KuKe),2025-06-30,Current,Capital Invested
A65fb68,Af0082f,More Fun Entertainment Group (MoTianLun Ticket),2025-06-30,Current,Capital Invested
A65fb68,Af0082f,NB Therapeutics Inc. (fka. Nuance Biotech Inc.),2025-06-30,Current,Capital Invested
A65fb68,Af0082f,Peijia Medical Limited,2025-06-30,Current,Capital Invested
A65fb68,Af0082f,Source Technology Inc.,2025-06-30,Current,Capital Invested
A65fb68,Af0082f,UXLINK,2025-06-30,Current,Capital Invested
A65fb68,Af0082f,Vesoft Inc. (Nebula Graph),2025-06-30,Current,Capital Invested
A65fb68,Af0082f,XPX Holdings Limited (Chubby Bear),2025-06-30,Current,Capital Invested
A65fb68,Af0082f,XPeng Inc. (XPeng Motors),2025-06-30,Current,Capital Invested
A65fb68,Af0082f,"Xi An Wingspan Electronic Technology, Co., Ltd. (Yizhan)",2025-06-30,,"Capital Invested, Deal Status"
A65fb68,Af0082f,YUNSHAN Networks Inc.,2025-06-30,Current,Capital Invested
A9859d3,Af0082f,Addx Limited (JiJiaKeJi),2025-06-30,Current,Capital Invested
A9859d3,Af0082f,"Beijing MeiyiLab Co.,Ltd. (MeiYi)",2025-06-30,,"Capital Invested, Deal Status"
A9859d3,Af0082f,Beijing Semidrive Technology Corporation (XinChi),2025-06-30,Current,Capital Invested
A9859d3,Af0082f,Beisen Holding Limited,2025-06-30,Current,Capital Invested
A9859d3,Af0082f,Bestsign Inc. (ShangShangQian),2025-06-30,Current,Capital Invested
A9859d3,Af0082f,Bota Biosciences Ltd (Bota Bio),2025-06-30,Current,Capital Invested
A9859d3,Af0082f,"Chameleon Biosciences, Inc.",2025-06-30,,"Capital Invested, Deal Status"
A9859d3,Af0082f,Datacloak Inc. (Shupeng),2025-06-30,Current,Capital Invested
A9859d3,Af0082f,"DoDa Interactive Entertainment Co., Ltd. (AGame)",2025-06-30,,"Capital Invested, Current Cost, Unrealized Value, Deal Status"
A9859d3,Af0082f,Easy Group Holdings Inc.,2025-06-30,,"Capital Invested, Deal Status"
A9859d3,Af0082f,FEIBAI Education Corporation,2025-06-30,Current,Capital Invested
A9859d3,Af0082f,Feiyulife Inc. (Feiyu),2025-06-30,Current,Capital Invested
A9859d3,Af0082f,ForU Worldwide Inc. (ForU Truck),2025-06-30,Current,Capital Invested
A9859d3,Af0082f,"Gemii (Zhejiang Shaoxing) Technology Co., Ltd. (Jingli)",2025-06-30,Current,Capital Invested
A9859d3,Af0082f,Global Digital Mercantile Holdings Limited (GDM),2025-06-30,,"Capital Invested, Deal Status"
A9859d3,Af0082f,"Golden Array Nanjing Limited (JLSemi) (FKA ""PhotonArray Inc."")",2025-06-30,Current,Capital Invested
A9859d3,Af0082f,HUAHUI HEALTHCARE INC. (HuaHuiAnJian),2025-06-30,Current,Capital Invested
A9859d3,Af0082f,Hang Zhou Jin Ling Yang Consulting Limited Company (ZiHaiGuo),2025-06-30,Current,Capital Invested
A9859d3,Af0082f,Hangzhou Beauty Secret Brand Management Co. LTD,2025-06-30,,"Capital Invested, Current Cost, Unrealized Value, Deal Status"
A9859d3,Af0082f,Happy_seed (Cayman) Limited,2025-06-30,Current,Capital Invested
A9859d3,Af0082f,Howhow Holding Limited (How Wenda),2025-06-30,,"Capital Invested, Deal Status"
A9859d3,Af0082f,"Hui Ta Li Arts and Crafts (Beijing) Co., Ltd",2025-06-30,,"Capital Invested, Deal Status"
A9859d3,Af0082f,"Jiaxing Boji Medical Technology Co., Ltd. (UP Clinic)",2025-06-30,Current,Capital Invested
A9859d3,Af0082f,Lupu Holdings Limited,2025-06-30,Current,Capital Invested
A9859d3,Af0082f,Mallee Tech Holdings Limited,2025-06-30,,"Capital Invested, Deal Status"
A9859d3,Af0082f,MitoQuality Pharmaceuticals Ltd,2025-06-30,Current,Capital Invested
A9859d3,Af0082f,NeXtech (Cayman) Limited (NeuraMatrix),2025-06-30,Current,Capital Invested
A9859d3,Af0082f,NutriMotion PTE.LTD,2025-06-30,,"Capital Invested, Deal Status"
A9859d3,Af0082f,OnQuality Pharmaceuticals Ltd. (AnKuo Yiyao),2025-06-30,Current,Capital Invested
A9859d3,Af0082f,Quwan Holding Limited (TT Voice),2025-06-30,Current,Capital Invested
A9859d3,Af0082f,"Rgenta Therapeutics, Inc.",2025-06-30,Current,Capital Invested
A9859d3,Af0082f,"RootPath, Inc. (ChengYuanShengWu)",2025-06-30,Current,Capital Invested
A9859d3,Af0082f,"Shanghai EnnovaBio Pharmaceuticals Co., Ltd. (EnnovaBio)",2025-06-30,Current,Capital Invested
A9859d3,Af0082f,"Shanghai Xizhi Technology Co., Ltd. (LightAI Ltd.)",2025-06-30,Current,Capital Invested
A9859d3,Af0082f,"Shenzhen Smart Manufacturing Software Dev. Co., Ltd. (Zhi Bu)",2025-06-30,Current,Capital Invested
A9859d3,Af0082f,Shoucheng Holdings Limited,2025-06-30,Current,Capital Invested
A9859d3,Af0082f,Smart Drive Information Technology Inc (Lao Siji),2025-06-30,Current,Capital Invested
A9859d3,Af0082f,Starfield Food and Science Technology Limited,2025-06-30,Current,Capital Invested
A9859d3,Af0082f,Trussan.com Corporation (PuLan),2025-06-30,Current,Capital Invested
A9859d3,Af0082f,V Light Technologies Limited,2025-06-30,Current,Capital Invested
A9859d3,Af0082f,"Web3.x (FKA ""Blockchain"" ""TokenInsight"")",2025-06-30,Current,Capital Invested
A9859d3,Af0082f,Wecook Inc.,2025-06-30,Current,Capital Invested
A9859d3,Af0082f,Xindebaby Limited. (MUA),2025-06-30,,"Capital Invested, Deal Status"
A9859d3,Af0082f,Xingyun International Company Limited,2025-06-30,Current,Capital Invested
A9859d3,Af0082f,Xolo (Cayman) Limited (Mollybox),2025-06-30,Current,Capital Invested
A9859d3,Af0082f,YESMRO Holdings Limited (YiMaiGongPin),2025-06-30,Current,Capital Invested
A9859d3,Af0082f,YUNYUN Global Limited (Yunyun Story),2025-06-30,,"Capital Invested, Deal Status"
A9859d3,Af0082f,Zhuan Spirit Holdings Limited (ZhuanZhuan),2025-06-30,Current,Capital Invested
A80ede9,Af0082f,"AkroStar Technology Co., Ltd. (XinYaoHui)",2025-06-30,Current,Capital Invested
A80ede9,Af0082f,Ambilight Inc (Guangyi Tech),2025-06-30,Current,Capital Invested
A80ede9,Af0082f,"Anhui Kouweiquan Food Co., Ltd.",2025-06-30,Current,Capital Invested
A80ede9,Af0082f,"BEIJING PROTOGA BIOTECH CO., LTD (Yuanyu Bio)",2025-06-30,Current,Capital Invested
A80ede9,Af0082f,"BITO Robotics (Shanghai) Co., Ltd.",2025-06-30,Current,Capital Invested
A80ede9,Af0082f,"Beijing Biostar Pharmaceuticals Co., Ltd. (HuaHaoZhongTian)",2025-06-30,Current,Capital Invested
A80ede9,Af0082f,"Beijing DP Technology Co.,Ltd (Deep Potential)",2025-06-30,Current,Capital Invested
A80ede9,Af0082f,"Beijing Galaxy-Future Network Technology Co., Ltd. (Xinghan)",2025-06-30,Current,Capital Invested
A80ede9,Af0082f,"Beijing Mingzhizhixiang Data Technology Co.,Ltd (Mingzhi Data)",2025-06-30,Current,Capital Invested
A80ede9,Af0082f,"Beijing Nuoxinchuanglian Technology CO., Ltd. (Naxions)",2025-06-30,Current,Capital Invested
A80ede9,Af0082f,"Beijing Xiyou Health Technology Co., Ltd",2025-06-30,Current,Capital Invested
A80ede9,Af0082f,"Beijing Yiling Chenfei Technology Co., Ltd. (Ealing)",2025-06-30,Current,Capital Invested
A80ede9,Af0082f,Belief BioMed Inc. (XinNian BioMed),2025-06-30,Current,Capital Invested
A80ede9,Af0082f,Burning Galaxy Ltd (Another Earth),2025-06-30,,"Capital Invested, Deal Status"
A80ede9,Af0082f,Bytebase (Cayman) Limited,2025-06-30,Current,Capital Invested
A80ede9,Af0082f,Carticletech Cayman Limited (Chelizi),2025-06-30,Current,Capital Invested
A80ede9,Af0082f,"Cellbri Ark (Shenzhen) Biotech Co., Ltd. (FKA Beijing Cellbri) (Saiqiao Bio)",2025-06-30,Current,Capital Invested
A80ede9,Af0082f,"Chiplite Technology Co., Ltd.",2025-06-30,,"Capital Invested, Deal Status"
A80ede9,Af0082f,City Puzzle Holdings Limited (Didi Freight),2025-06-30,Current,Capital Invested
A80ede9,Af0082f,Coevolution Technologies Investments Limited (Yiwu Tech),2025-06-30,,"Capital Invested, Deal Status"
A80ede9,Af0082f,"Collov, Inc.",2025-06-30,Current,Capital Invested
A80ede9,Af0082f,Colorful Pines Group Limited (HongSongXueTang),2025-06-30,Current,Capital Invested
A80ede9,Af0082f,"D3 Bio, Inc.",2025-06-30,Current,Capital Invested
A80ede9,Af0082f,East Stone Spacelike Limited (Kuaiyin),2025-06-30,Current,Capital Invested
A80ede9,Af0082f,FitVille Brand Group,2025-06-30,Current,Capital Invested
A80ede9,Af0082f,"Flickering Education Technology Co., Limited (Flikering. AI)",2025-06-30,Current,Capital Invested
A80ede9,Af0082f,Frog Social Tech Ltd.,2025-06-30,,"Capital Invested, Deal Status"
A80ede9,Af0082f,Frontis (Xianyuan Tech),2025-06-30,Current,Capital Invested
A80ede9,Af0082f,GAIA STONE LTD.,2025-06-30,Current,Capital Invested
A80ede9,Af0082f,Genor Biopharma Holdings Limited (FKA JHBP),2025-06-30,Current,Capital Invested
A80ede9,Af0082f,Grand Cyclone Holdings Limited (HongJi),2025-06-30,Current,Capital Invested
A80ede9,Af0082f,"Guangzhou Cyberspace Holdings Co., Ltd. (FKA Cyber Space) (Chaojing Automobile)",2025-06-30,Current,Capital Invested
A80ede9,Af0082f,"HOURS Technology Co.,Ltd. (Woshi Tech)",2025-06-30,Current,Capital Invested
A80ede9,Af0082f,"HangZhou Core Control Robotics Co., Ltd. (Xinkong Al)",2025-06-30,Current,Capital Invested
A80ede9,Af0082f,"Hangzhou Baoge electronic commerce Co., Ltd. (Wang Baobao)",2025-06-30,Current,Capital Invested
A80ede9,Af0082f,"Hangzhou Guosheng Tech co.,LTD (Zhongke Guosheng)",2025-06-30,Current,Capital Invested
A80ede9,Af0082f,Hangzhou Partner Pet Co Ltd,2025-06-30,Current,Capital Invested
A80ede9,Af0082f,"Hangzhou Polymed Biopharmaceuticals, Inc (Duoyu)",2025-06-30,Current,Capital Invested
A80ede9,Af0082f,Hita EdAi Inc. (Xizhi Edu),2025-06-30,,"Capital Invested, Current Cost, Unrealized Value, Deal Status"
A80ede9,Af0082f,"Hunan Hongchen Catering Management Co.,Ltd (Huanxi Shaomai)",2025-06-30,,"Capital Invested, Deal Status"
A80ede9,Af0082f,"Juhui Food Technology Co., Ltd",2025-06-30,,"Capital Invested, Current Cost, Unrealized Value, Deal Status"
A80ede9,Af0082f,"KYINNO BIOTECHNOLOGY CO.,LTD (Kang Yuan Bo Chuang)",2025-06-30,Current,Capital Invested
A80ede9,Af0082f,Link-ic (suzhou) CO. Ltd (Xinling Semi),2025-06-30,Current,Capital Invested
A80ede9,Af0082f,Merico Holdings Inc. (SiMaYi),2025-06-30,Current,Capital Invested
A80ede9,Af0082f,"MolyVivi (Shanghai) Clothing Technology Co., Ltd.",2025-06-30,Current,Capital Invested
A80ede9,Af0082f,"Nanjing Houmo Technology Co., Ltd. (Houmo.Al)",2025-06-30,Current,Capital Invested
A80ede9,Af0082f,"Nanjing Zenshine Pharmaceuticals Co., Ltd.",2025-06-30,Current,Capital Invested
A80ede9,Af0082f,Nebula (Cayman) Limited,2025-06-30,,"Capital Invested, Deal Status"
A80ede9,Af0082f,Neptune Group Holding Limited (Nabai Robotics),2025-06-30,Current,Capital Invested
A80ede9,Af0082f,New Urtopia Holdings Limited,2025-06-30,Current,Capital Invested
A80ede9,Af0082f,"NiKang Therapeutics, Inc.",2025-06-30,Current,Capital Invested
A80ede9,Af0082f,Ntmer Group (Xintian Tech),2025-06-30,,"Capital Invested, Deal Status"
A80ede9,Af0082f,"Nutshell Biotech (Shanghai) Co., Ltd. (Yudao Bio)",2025-06-30,Current,Capital Invested
A80ede9,Af0082f,Olive Health Group (GLZ),2025-06-30,Current,Capital Invested
A80ede9,Af0082f,"Olive Wren, Inc. (SIJO)",2025-06-30,Current,Capital Invested
A80ede9,Af0082f,Onesight Inc. (Yijian Tech),2025-06-30,Current,Capital Invested
A80ede9,Af0082f,PAQ Therapeutics Limited (Paqman),2025-06-30,Current,Capital Invested
A80ede9,Af0082f,Qihan Holdings Limited,2025-06-30,Current,Capital Invested
A80ede9,Af0082f,"Qisheng National Veterinary Hospital Management Co.,Ltd (Mengshou)",2025-06-30,Current,Capital Invested
A80ede9,Af0082f,Quwan Holding Limited,2025-06-30,Current,Capital Invested
A80ede9,Af0082f,"Qyuns Therapeutics Co., Ltd. (Quanxin Bio)",2025-06-30,Current,Capital Invested
A80ede9,Af0082f,RainbowFerry. Inc. (ShaLi Bio),2025-06-30,Current,Capital Invested
A80ede9,Af0082f,Resgo (Cayman) Limited (Shuiwan),2025-06-30,Current,Capital Invested
A80ede9,Af0082f,Ronovo Surgical,2025-06-30,Current,Capital Invested
A80ede9,Af0082f,"SHENZHEN YINGMU TECHNOLOGY CO., LTD (INMO)",2025-06-30,Current,Capital Invested
A80ede9,Af0082f,"SICHUAN MAMA FOODS TECHNOLOGY CO.,LTD. (Jitaitai)",2025-06-30,Current,Capital Invested
A80ede9,Af0082f,SURPATH TECH (CAYMAN) (Yima Tech),2025-06-30,Current,Capital Invested
A80ede9,Af0082f,SciOne Corp.,2025-06-30,,"Capital Invested, Deal Status"
A80ede9,Af0082f,"Senti Biosciences, Inc.",2025-06-30,Current,Capital Invested
A80ede9,Af0082f,Shanghai Cygnus Semiconductor Company Limited (Xingsi Semi),2025-06-30,Current,Capital Invested
A80ede9,Af0082f,Shanghai Jiashang Infomator Technology Ltd. (Zhi Wu Jiao Shou),2025-06-30,,"Capital Invested, Deal Status"
A80ede9,Af0082f,Shanghai RunFeixiandun Catering Management Co Ltd (Runfei),2025-06-30,Current,Capital Invested
A80ede9,Af0082f,"Shanghai Xiguo Sports Apparels Co., Ltd. (Knowin)",2025-06-30,,"Capital Invested, Deal Status"
A80ede9,Af0082f,"Shenzhen Qianhai Duodao Enterprise Management Co., Ltd (LuWeiJueXing)",2025-06-30,Current,Capital Invested
A80ede9,Af0082f,"Shenzhen Snapmaker Technologies Co., Ltd.",2025-06-30,Current,Capital Invested
A80ede9,Af0082f,"Shenzhen Xiaosi Technology Co., Ltd.",2025-06-30,Current,Capital Invested
A80ede9,Af0082f,"Shenzhen ZhiLiu Technology Co., Ltd. (APISeven)",2025-06-30,Current,Capital Invested
A80ede9,Af0082f,Shipu Holding Corporation (iLabService),2025-06-30,Current,Capital Invested
A80ede9,Af0082f,ShuMei Technology Corporation,2025-06-30,Current,Capital Invested
A80ede9,Af0082f,"Skywalker Education Technology Co., Ltd. (Yuanyin Edu)",2025-06-30,Current,Capital Invested
A80ede9,Af0082f,"Suzhou Advaccine Biotechnology Co., Ltd. (FKA Beijing Advaccine) Ordinary",2025-06-30,Current,Capital Invested
A80ede9,Af0082f,Suzhou Affection Animal Pharmaceuticals,2025-06-30,Current,Capital Invested
A80ede9,Af0082f,"Suzhou Bluestone New Power Co., Ltd",2025-06-30,Current,Capital Invested
A80ede9,Af0082f,Talentspark Holding Inc (Jike Interview),2025-06-30,,"Capital Invested, Deal Status"
A80ede9,Af0082f,"Tallac Therapeutics, Inc.",2025-06-30,Current,Capital Invested
A80ede9,Af0082f,Taos Data,2025-06-30,Current,Capital Invested
A80ede9,Af0082f,U Power International Limited (Youpao Network),2025-06-30,Current,Capital Invested
A80ede9,Af0082f,Umer Technology (Cayman) Limited (Youmai),2025-06-30,Current,Capital Invested
A80ede9,Af0082f,VASTAI Holding Company (VASTAI Tech),2025-06-30,Current,Capital Invested
A80ede9,Af0082f,VelaCyber Holdings Limited ( Jinghai Tech),2025-06-30,Current,Capital Invested
A80ede9,Af0082f,Vibrant Therapeutics Limited (Xinhua Bio),2025-06-30,Current,Capital Invested
A80ede9,Af0082f,XEPIC Corporation Limited (Xinhuazhang),2025-06-30,Current,Capital Invested
A80ede9,Af0082f,YXT.COM GROUP HOLDING LIMITED (FKA UNICENTURY),2025-06-30,Current,Capital Invested
A80ede9,Af0082f,"ZKnow Technologies Co.,Ltd. (YQcloud)",2025-06-30,Current,Capital Invested
A72f874,Af0082f,Astribot Inc.,2025-06-30,Current,Capital Invested
A72f874,Af0082f,BOTAI Intelligent Equipment (Guangdong) Limited,2025-06-30,Current,Capital Invested
A72f874,Af0082f,BaseCure Therapeutics Inc.,2025-06-30,Current,Capital Invested
A72f874,Af0082f,"Beijing Galbot Co.,Ltd",2025-06-30,Current,Capital Invested
A72f874,Af0082f,Carote Ltd,2025-06-30,Current,Capital Invested
A72f874,Af0082f,"Changzhou Lingyue Equipment Co., Ltd",2025-06-30,Current,Capital Invested
A72f874,Af0082f,Esquared Capital Limited (Klook),2025-06-30,Current,Capital Invested
A72f874,Af0082f,"Guangdong Advanced Carbon Materials Co., Ltd (Kargen)",2025-06-30,Current,Capital Invested
A72f874,Af0082f,MiniMax Group Inc.,2025-06-30,Current,Capital Invested
A72f874,Af0082f,Narrow Path Tech Inc. (YuanShi),2025-06-30,Current,Capital Invested
A72f874,Af0082f,"Qidi Technology Co.,Ltd .(Singularity)",2025-06-30,Current,Capital Invested
A72f874,Af0082f,SOLV LEGOS LTD.,2025-06-30,Current,Capital Invested
A72f874,Af0082f,Sandai Holdings Limited,2025-06-30,Current,Capital Invested
A72f874,Af0082f,Seed Investments,2025-06-30,Current,Capital Invested
A72f874,Af0082f,Semi Tech Group Ltd.,2025-06-30,Current,Capital Invested
A72f874,Af0082f,ShenZhen LingDeChuang Technology Limited (LDC),2025-06-30,Current,Capital Invested
A72f874,Af0082f,"Shenzhen Mondo Technology Co., Ltd. (Gamebot)",2025-06-30,Current,Capital Invested
A72f874,Af0082f,Singfilm Solar Pte. Ltd.,2025-06-30,Current,Capital Invested
A72f874,Af0082f,"Suzhou Lapsen Intelligent Technology Co., Ltd",2025-06-30,Current,Capital Invested
A72f874,Af0082f,Suzhou ReCloud iService Information Technology,2025-06-30,Current,Capital Invested
A72f874,Af0082f,Suzhou SiliconRoad Semiconductor Ltd (SRS),2025-06-30,Current,Capital Invested
A72f874,Af0082f,"Ti5robot Technology Shanghai Co., Ltd.",2025-06-30,,"Capital Invested, Current Cost, Unrealized Value, Deal Status"
A72f874,Af0082f,TowardPi (Beijing) Medical Technology Ltd.,2025-06-30,Current,Capital Invested
A72f874,Af0082f,WSPN Holding Limited,2025-06-30,Current,Capital Invested
A72f874,Af0082f,Wujiexing,2025-06-30,,"Capital Invested, Current Cost, Unrealized Value, Deal Status"
A2234f1,A12c595,"Apollo Graph, Inc.",2025-06-30,Current,Capital Invested
A2234f1,A12c595,"Canva, Inc.",2025-06-30,Current,Capital Invested
A2234f1,A12c595,"CloudBees, Inc.",2025-06-30,Current,Capital Invested
A2234f1,A12c595,"Machinify, Inc.",2025-06-30,Current,Capital Invested
A2234f1,A12c595,Markforged Holding Corporation,2025-06-30,,"Capital Invested, Current Cost, Unrealized Value, Deal Status"
A2234f1,A12c595,"Quri, Inc.",2025-06-30,Current,Capital Invested
A2234f1,A12c595,"Salsify, Inc.",2025-06-30,Current,Capital Invested
A2234f1,A12c595,"Savage X Holding, LLC",2025-06-30,Current,Capital Invested
A2234f1,A12c595,Seed Investments,2025-06-30,Current,Capital Invested
A2234f1,A12c595,"Sila Nanotechnologies, Inc.",2025-06-30,Current,Capital Invested
A2234f1,A12c595,"Techstyle, Inc. (Fabletics, Inc.)",2025-06-30,Current,Capital Invested
Aab52e1,Acc91f3,Dailyhunt (Verse Innovation Private Limited),2025-06-30,Current,Capital Invested
A3d41c0,Acc91f3,Itilite Technologies Private Limited,2025-06-30,Current,Capital Invested
A3d41c0,Acc91f3,Loadshare Networks Private Limited,2025-06-30,Current,Capital Invested
A3d41c0,Acc91f3,Mswipe Technologies Private Limited,2025-06-30,Current,Capital Invested
A3d41c0,Acc91f3,OfBusiness (OFB Tech Private Limited),2025-06-30,Current,Capital Invested
A3d41c0,Acc91f3,Ola (ANI Technologies Private Limited),2025-06-30,Current,Capital Invested
A3d41c0,Acc91f3,Practo Pte Limited,2025-06-30,Current,Capital Invested
A3d41c0,Acc91f3,"Razorpay, Inc.",2025-06-30,Current,Capital Invested
A3d41c0,Acc91f3,Stanza (Dtwelve Spaces Private Limited),2025-06-30,Current,Capital Invested
A2f629e,Acc91f3,Mswipe Technologies Private Limited,2025-06-30,Current,Capital Invested
A2f629e,Acc91f3,OfBusiness (OFB Tech Private Limited),2025-06-30,Current,Capital Invested
A2f629e,Acc91f3,Ola (ANI Technologies Private Limited),2025-06-30,Current,Capital Invested
A2f629e,Acc91f3,Practo Pte Limited,2025-06-30,Current,Capital Invested
A2f629e,Acc91f3,"Razorpay, Inc.",2025-06-30,Current,Capital Invested
A51914b,Acc91f3,Captain Fresh (Infifresh Foods Private Limited),2025-06-30,Current,Capital Invested
A51914b,Acc91f3,Country Delight (Beejapuri Dairy Private Limit,2025-06-30,Current,Capital Invested
A51914b,Acc91f3,Damensch Apparel Private Limited,2025-06-30,Current,Capital Invested
A51914b,Acc91f3,Dezerv Investments Private Limited,2025-06-30,Current,Capital Invested
A51914b,Acc91f3,FarMart Service Private Limited,2025-06-30,Current,Capital Invested
A51914b,Acc91f3,GoKwik Commerce Solutions Private Limited,2025-06-30,Current,Capital Invested
A51914b,Acc91f3,Jodo (Bharosepe Technology Services Private Li,2025-06-30,Current,Capital Invested
A51914b,Acc91f3,Jupiter (Amica Financial Technologies Private I,2025-06-30,Current,Capital Invested
A51914b,Acc91f3,"Moengage, Inc",2025-06-30,Current,Capital Invested
A51914b,Acc91f3,Mosaic Wellness Private Limited,2025-06-30,Current,Capital Invested
A51914b,Acc91f3,OTO Capital (1T9 Technology Private Limited),2025-06-30,Current,Capital Invested
A51914b,Acc91f3,Ola (ANI Technologies Private Limited),2025-06-30,Current,Capital Invested
A51914b,Acc91f3,Ola Electric Mobility Limited,2025-06-30,Current,Capital Invested
A51914b,Acc91f3,OneCard (FPL Technologies Private Limited),2025-06-30,Current,Capital Invested
A51914b,Acc91f3,Open Secret (Immaculatebites Private Limited),2025-06-30,Current,Capital Invested
A51914b,Acc91f3,Park+ (Parviom technologies Private Limited),2025-06-30,Current,Capital Invested
A51914b,Acc91f3,Rocketlane Corp.,2025-06-30,Current,Capital Invested
A51914b,Acc91f3,SuperOps Inc.,2025-06-30,Current,Capital Invested
A51914b,Acc91f3,The Whole Truth (Fitshit Health Solutions Private Limited),2025-06-30,Current,Capital Invested
A51914b,Acc91f3,Toddle (Teacher Tools Private Limited),2025-06-30,Current,Capital Invested
A51914b,Acc91f3,Vegrow (Chifu Agritech Private Limited),2025-06-30,Current,Capital Invested
Aef37a9,A12c595,Xtalic Corporation,2025-06-30,Current,Capital Invested
A77a5f6,A12c595,"15Five, Inc.",2025-06-30,Current,Capital Invested
A77a5f6,A12c595,"1661, Inc. (dba GOAT)",2025-06-30,Current,Capital Invested
A77a5f6,A12c595,ACME Technologies Inc.,2025-06-30,Current,Capital Invested
A77a5f6,A12c595,"Activehours, Inc. (dba Earnin)",2025-06-30,Current,Capital Invested
A77a5f6,A12c595,"Apartment List, Inc.",2025-06-30,Current,Capital Invested
A77a5f6,A12c595,CloudZero Inc.,2025-06-30,Current,Capital Invested
A77a5f6,A12c595,"Jobvite Topco, LLC (dba Employ)",2025-06-30,Current,Capital Invested
A77a5f6,A12c595,Joya Communications Inc. (dba Marco Polo),2025-06-30,Current,Capital Invested
A77a5f6,A12c595,"Lightmatter, Inc.",2025-06-30,Current,Capital Invested
A77a5f6,A12c595,"LogRocket, Inc.",2025-06-30,Current,Capital Invested
A77a5f6,A12c595,Mashgin Inc.,2025-06-30,Current,Capital Invested
A77a5f6,A12c595,Owl Labs Inc.,2025-06-30,Current,Capital Invested
A77a5f6,A12c595,"Parabola Labs, Inc.",2025-06-30,Current,Capital Invested
A77a5f6,A12c595,Pending Esrow,2025-06-30,Current,Capital Invested
A77a5f6,A12c595,Qrativ Holdings LLC (nference JV),2025-06-30,Current,Capital Invested
A77a5f6,A12c595,Seed Investments,2025-06-30,Current,Capital Invested
A77a5f6,A12c595,"Side, Inc. (Reside Network, Inc. (Wayfinding, Inc.))",2025-06-30,Current,Capital Invested
A23025c,A12c595,"Centaur Diagnostics, Inc.",2025-06-30,Current,Capital Invested
A23025c,A12c595,Concreit Inc.,2025-06-30,Current,Capital Invested
A23025c,A12c595,"Educative, Inc.",2025-06-30,Current,Capital Invested
A23025c,A12c595,Fivetran Inc.,2025-06-30,Current,Capital Invested
A23025c,A12c595,"Flexible Finance, Inc.",2025-06-30,Current,Capital Invested
A23025c,A12c595,Flock Group Inc (dba Flock Safety),2025-06-30,Current,Capital Invested
A23025c,A12c595,"Glean Data, Inc. (dba Hashboard)",2025-06-30,Current,Capital Invested
A23025c,A12c595,Hookdeck Technologies Inc.,2025-06-30,Current,Capital Invested
A23025c,A12c595,"Infinity Al, Inc.",2025-06-30,Current,Capital Invested
A23025c,A12c595,Keeper Tax Inc.,2025-06-30,Current,Capital Invested
A23025c,A12c595,Knox Medical Diagnostics Inc. (dba Aluna),2025-06-30,Current,Capital Invested
A23025c,A12c595,"LightForce Orthodontics, Inc.",2025-06-30,Current,Capital Invested
A23025c,A12c595,"Luma Al, Inc.",2025-06-30,Current,Capital Invested
A23025c,A12c595,"Mesa Financial, Inc.",2025-06-30,Current,Capital Invested
A23025c,A12c595,"Nubis Communications, Inc.",2025-06-30,Current,Capital Invested
A23025c,A12c595,Seed Investments,2025-06-30,Current,Capital Invested
A23025c,A12c595,Smartcat Group Inc.,2025-06-30,Current,Capital Invested
A23025c,A12c595,"Steadily, Inc.",2025-06-30,Current,Capital Invested
A23025c,A12c595,Trisk Bio Ltd,2025-06-30,Current,Capital Invested
A23025c,A12c595,"TrueMeeting, Inc. (dba CommonGround)",2025-06-30,Current,Capital Invested
A23025c,A12c595,"trycourier.com, Inc. (dba Courier)",2025-06-30,Current,Capital Invested
A8b6332,A899074,"NP Kaba Holdings, LP",2025-06-30,,"Capital Invested, Current Cost, Unrealized Value, Deal Status"
A19d854,A899074,"NP Kaba Holdings, LP",2025-06-30,,"Capital Invested, Current Cost, Unrealized Value, Deal Status"
Afed02f,A899074,"AccessIT Group Holdings, LLC",2025-06-30,,"Capital Invested, Current Cost, Unrealized Value, Deal Status"
Afed02f,A899074,"NP Kaba Holdings, LP",2025-06-30,,"Capital Invested, Current Cost, Unrealized Value, Deal Status"
Afed02f,A899074,"Nautic Cardinal Aggregator, LP",2025-06-30,,"Capital Invested, Current Cost, Unrealized Value, Deal Status"
Afed02f,A899074,"Nautic Senderra Rx Investments, LP",2025-06-30,,"Capital Invested, Current Cost, Unrealized Value, Deal Status"
A32ca97,Ac1f496,Amsino Medical,2025-06-30,Current,Current Cost
A32ca97,Ac1f496,TDConnex Global,2025-06-30,Current,Current Cost
A8cbf09,A3d16f4,Lit Communities,2025-06-30,,"Capital Invested, Current Cost, Unrealized Value, Deal Status"
A4923d3,A3d16f4,GreenLight Networks,2025-06-30,Current,Capital Invested
A4923d3,A3d16f4,"Omni Fiber, LLC",2025-06-30,Current,Capital Invested
A4923d3,A3d16f4,Race Communications,2025-06-30,Current,Capital Invested
A4923d3,A3d16f4,"Socket Telecom, LLC",2025-06-30,Current,Capital Invested
A4923d3,A3d16f4,Wire 3 Communications,2025-06-30,Current,Capital Invested
A8b56b9,Af8a639,Nand,2025-06-30,Current,Geographic Focus
Afd067a,A945638,Marqvision,2025-06-30,,"Capital Invested, Current Cost, Unrealized Value, Deal Status"
Afd067a,A945638,PostHog,2025-06-30,,"Capital Invested, Current Cost, Unrealized Value, Deal Status"
A51d5e4,A945638,Kunzite,2025-06-30,,"Capital Invested, Current Cost, Unrealized Value, Deal Status"
Afb294f,A4a62c2,Holiday Property Partners LLC,2025-06-30,Current,Capital Invested
Afb294f,A4a62c2,Middle East - Consumer Staples,2025-06-30,Current,Capital Invested
Afb294f,A4a62c2,Middle East - Financial Services,2025-06-30,Current,Capital Invested
Afb294f,A4a62c2,Oriental Weavers Carpet Company,2025-06-30,Current,Capital Invested
Afb294f,A4a62c2,South America - Real Estate,2025-06-30,Current,Capital Invested
Afb294f,A4a62c2,Transprtadr Gas Del Norte C 1 VT Ord,2025-06-30,Current,Capital Invested
Afb294f,A4a62c2,United States - Oil & Gas Exploration,2025-06-30,Current,Capital Invested
Ac01bd2,A4a62c2,Airbus SE,2025-06-30,Current,Capital Invested
Ac01bd2,A4a62c2,Argentina - Energy,2025-06-30,Current,Capital Invested
Ac01bd2,A4a62c2,First American Financial Corporation,2025-06-30,Current,Capital Invested
Ac01bd2,A4a62c2,France - Consumer Staples,2025-06-30,Current,Capital Invested
Ac01bd2,A4a62c2,Norway - Software,2025-06-30,Current,Capital Invested
Ac01bd2,A4a62c2,Other - United States - Consumer Staples,2025-06-30,Current,Capital Invested
Ac01bd2,A4a62c2,Other - United States - Financial,2025-06-30,Current,Capital Invested
Ac01bd2,A4a62c2,Other - United States - Information Technology,2025-06-30,Current,Capital Invested
Ac01bd2,A4a62c2,Other - United States - Real Estate,2025-06-30,Current,Capital Invested
Ac01bd2,A4a62c2,Other - United States - Technology,2025-06-30,Current,Capital Invested
Ac01bd2,A4a62c2,Outfront Media Inc,2025-06-30,Current,Capital Invested
Ac01bd2,A4a62c2,Park Hotels & Resorts Inc,2025-06-30,Current,Capital Invested
Ac01bd2,A4a62c2,Performance Food Group Company,2025-06-30,Current,Capital Invested
Ac01bd2,A4a62c2,Perren Capital Holdings Ltd,2025-06-30,Current,Capital Invested
Ac01bd2,A4a62c2,Sparebanken Vest,2025-06-30,Current,Capital Invested
Ac01bd2,A4a62c2,United Kingdom - Real Estate,2025-06-30,Current,Capital Invested
Ac01bd2,A4a62c2,United Kingdom - Services,2025-06-30,Current,Capital Invested
Ac01bd2,A4a62c2,United States - Consumer Staples,2025-06-30,Current,Capital Invested
Ac01bd2,A4a62c2,United States - Financial,2025-06-30,Current,Capital Invested
Ac01bd2,A4a62c2,United States - Industrial,2025-06-30,Current,Capital Invested
Ac01bd2,A4a62c2,United States - Information Technology,2025-06-30,Current,Capital Invested
Ac01bd2,A4a62c2,Waymo LLC,2025-06-30,Current,Capital Invested
A729d8b,A4a62c2,Airbus SE,2025-06-30,Current,Capital Invested
A729d8b,A4a62c2,Alphabet CLA,2025-06-30,Current,Capital Invested
A729d8b,A4a62c2,First American Financial Corporation,2025-06-30,Current,Capital Invested
A729d8b,A4a62c2,France - Consumer Staples,2025-06-30,Current,Capital Invested
A729d8b,A4a62c2,Norway - Software,2025-06-30,Current,Capital Invested
A729d8b,A4a62c2,Other - United States - Consumer Staples,2025-06-30,Current,Capital Invested
A729d8b,A4a62c2,Other - United States - Real Estate,2025-06-30,Current,Capital Invested
A729d8b,A4a62c2,Outfront Media Inc,2025-06-30,Current,Capital Invested
A729d8b,A4a62c2,Parks Hotels & Resorts Inc,2025-06-30,Current,Capital Invested
A729d8b,A4a62c2,Performance Food Group Company,2025-06-30,Current,Capital Invested
A729d8b,A4a62c2,Perren Capital Holdings Ltd,2025-06-30,Current,Capital Invested
A729d8b,A4a62c2,Sparebanken Pluss,2025-06-30,Current,Capital Invested
A729d8b,A4a62c2,United Kingdom - Real Estate,2025-06-30,Current,Capital Invested
A729d8b,A4a62c2,United Kingdom - Services,2025-06-30,Current,Capital Invested
A729d8b,A4a62c2,United States - Consumer Staples,2025-06-30,Current,Capital Invested
A729d8b,A4a62c2,United States - Financial - Other,2025-06-30,Current,Capital Invested
A729d8b,A4a62c2,United States - Financial,2025-06-30,Current,Capital Invested
A729d8b,A4a62c2,United States - Industrial,2025-06-30,Current,Capital Invested
A729d8b,A4a62c2,United States - Information Technology,2025-06-30,Current,Capital Invested
A729d8b,A4a62c2,United States - Technology,2025-06-30,Current,Capital Invested
A729d8b,A4a62c2,Waymo LLC,2025-06-30,Current,Capital Invested
Ac33ef9,A0f94cb,Relyion Energy Inc.,2025-06-30,Written Down,Capital Invested
Ab0a5da,A7dd292,"AlphaSense, LLC (fka Tegus, Inc.)",2025-06-30,Current,Capital Invested
Ab0a5da,A7dd292,"Arcana Analytics, Inc.",2025-06-30,Current,Capital Invested
Ab0a5da,A7dd292,"Blue Wireless, Inc.",2025-06-30,Current,Capital Invested
Ab0a5da,A7dd292,"Cubby NYC, Inc.",2025-06-30,Current,Capital Invested
Ab0a5da,A7dd292,"Etched.ai, Inc.",2025-06-30,Current,Capital Invested
Ab0a5da,A7dd292,Golden X DBA Canopy Capital Group,2025-06-30,Current,Capital Invested
Ab0a5da,A7dd292,"Invert, Inc.",2025-06-30,Current,Capital Invested
Ab0a5da,A7dd292,Manufactured Networks Inc.,2025-06-30,Current,Capital Invested
Ab0a5da,A7dd292,"Prefect Technologies, Inc.",2025-06-30,Current,Capital Invested
Ab0a5da,A7dd292,"Ridgeline, Inc",2025-06-30,Current,Capital Invested
Ab0a5da,A7dd292,"Rogo Technologies, Inc.",2025-06-30,Current,Capital Invested
Ab0a5da,A7dd292,"SkyRyse, Inc.",2025-06-30,Current,Capital Invested
Ab0a5da,A7dd292,"Storyboard Technology, Inc.",2025-06-30,Current,Capital Invested
A3fdcff,A8bd477,"Inspire Brands, Inc.",2025-06-30,Partially Exited,Capital Invested
Aff00c9,A02306d,"ROF V DTSD Properties, LLC",2025-06-30,,"Capital Invested, Deal Status"
A1d6a44,A02306d,"ROF V 816 Congress, LLC",2025-06-30,Current,Capital Invested
Aec91fb,Aeedbe6,Aquarian Holdings I LP,2025-06-30,,"Capital Invested, Current Cost, Unrealized Value, Deal Status"
Aec91fb,Aeedbe6,Aquarian Holdings III,2025-06-30,,"Capital Invested, Current Cost, Unrealized Value, Deal Status"
Aec91fb,Aeedbe6,Aquarian Holdings IV LP,2025-06-30,,"Capital Invested, Current Cost, Unrealized Value, Deal Status"
Aec91fb,Aeedbe6,Recycled Investment,2025-06-30,Fully Exited,Geographic Focus
Ae3893b,A02306d,816 Congress,2025-06-30,Current,Capital Invested
Ae3893b,A02306d,816 Investors,2025-06-30,Current,Capital Invested
Ae3893b,A02306d,D'Andrea,2025-06-30,Current,Capital Invested
Ae3893b,A02306d,Downtown San Diego Portfolio (DTSD),2025-06-30,Current,Capital Invested
Ae3893b,A02306d,Linear,2025-06-30,Current,Capital Invested
Ae3893b,A02306d,Maia Avira,2025-06-30,,"Capital Invested, Current Cost, Unrealized Value, Deal Status"
Ae3893b,A02306d,McKinley,2025-06-30,Current,Capital Invested
Ae3893b,A02306d,Roosevelt Row,2025-06-30,,"Capital Invested, Current Cost, Unrealized Value, Deal Status"
Ae3893b,A02306d,"Salt Flats Investments, LLC",2025-06-30,Current,Capital Invested
Ae3893b,A02306d,Trammel Crow Center,2025-06-30,Current,Capital Invested
Ae3893b,A02306d,iLuminate,2025-06-30,Current,Capital Invested
Aac1486,A3ecea4,"Air Space Intelligence, Inc.",2025-06-30,Current,Capital Invested
Aac1486,A3ecea4,Argent Labs Limited,2025-06-30,Current,Capital Invested
Aac1486,A3ecea4,Auxilius Inc.,2025-06-30,Current,Capital Invested
Aac1486,A3ecea4,"Built Technologies, Inc.",2025-06-30,Current,Capital Invested
Aac1486,A3ecea4,"Charitize, Inc. (dba Rightfoot)",2025-06-30,Current,Capital Invested
Aac1486,A3ecea4,"Daily, Co.",2025-06-30,Current,Capital Invested
Aac1486,A3ecea4,"Get Pie, PBC (dba Pie Labs)",2025-06-30,Current,Capital Invested
Aac1486,A3ecea4,Grammarly,2025-06-30,Current,Capital Invested
Aac1486,A3ecea4,"La Haus, Ltd.",2025-06-30,Current,Capital Invested
Aac1486,A3ecea4,"PathSpot Technologies, Inc.",2025-06-30,Current,Capital Invested
Aac1486,A3ecea4,"RippleMatch, Inc.",2025-06-30,Current,Capital Invested
Aac1486,A3ecea4,"Rootly, Inc.",2025-06-30,Current,Capital Invested
Aac1486,A3ecea4,Spekit Inc.,2025-06-30,Current,Capital Invested
Aac1486,A3ecea4,"Syng, Inc.",2025-06-30,Current,Capital Invested
Aac1486,A3ecea4,"Xariable, Inc. (dba Loop)",2025-06-30,Current,Capital Invested
Af6593f,A8bd477,Inspire Brands,2025-06-30,Partially Exited,Capital Invested
Afd1cbe,A8bd477,Atkins Nutritionals,2025-06-30,Fully Exited,Capital Invested
Afd1cbe,A8bd477,Corner Bakery,2025-06-30,Fully Exited,Capital Invested
Afd1cbe,A8bd477,GFL,2025-06-30,Fully Exited,Capital Invested
Afd1cbe,A8bd477,Inspire Brands,2025-06-30,Fully Exited,Capital Invested
Afd1cbe,A8bd477,Installation Made Easy,2025-06-30,Fully Exited,Capital Invested
Afd1cbe,A8bd477,Peachtree Business Products,2025-06-30,Fully Exited,Capital Invested
Afd1cbe,A8bd477,Pet Retail Brands,2025-06-30,Fully Exited,Capital Invested
Afd1cbe,A8bd477,Primrose Schools,2025-06-30,Fully Exited,Capital Invested
Afd1cbe,A8bd477,Quala,2025-06-30,Fully Exited,Capital Invested
Afd1cbe,A8bd477,Waste Pro,2025-06-30,Fully Exited,Capital Invested
Afd1cbe,A8bd477,Wingstop,2025-06-30,Fully Exited,Capital Invested
A99e32e,A8bd477,CKE,2025-06-30,Partially Exited,Capital Invested
A99e32e,A8bd477,Driven,2025-06-30,Partially Exited,Capital Invested
A99e32e,A8bd477,Massage Envy,2025-06-30,Partially Exited,Capital Invested
A99e32e,A8bd477,Miller's Ale House,2025-06-30,Partially Exited,Capital Invested
A99e32e,A8bd477,Naf Naf Grill,2025-06-30,Written Off,Capital Invested
A99e32e,A8bd477,Orangetheory Fitness,2025-06-30,Fully Exited,Capital Invested
A99e32e,A8bd477,Pet Retail Brands,2025-06-30,,"Capital Invested, Deal Status"
A99e32e,A8bd477,Purpose Brands,2025-06-30,Partially Exited,Capital Invested
A99e32e,A8bd477,Solterra,2025-06-30,Fully Exited,Capital Invested
A996a8a,A8bd477,Culver's,2025-06-30,Partially Exited,Capital Invested
A996a8a,A8bd477,Driven,2025-06-30,Partially Exited,Capital Invested
A996a8a,A8bd477,Drybar,2025-06-30,Fully Exited,Capital Invested
A996a8a,A8bd477,Great Expressions,2025-06-30,Written Off,Capital Invested
A996a8a,A8bd477,"Inspire Brands, Inc.",2025-06-30,Partially Exited,Capital Invested
A996a8a,A8bd477,JNN,2025-06-30,Partially Exited,Capital Invested
Ace087b,A8bd477,Cheesecake Factory,2025-06-30,Fully Exited,Capital Invested
Ace087b,A8bd477,DMG,2025-06-30,Partially Exited,Capital Invested
Ace087b,A8bd477,Fitness Connection,2025-06-30,Partially Exited,Capital Invested
Ace087b,A8bd477,Inspire Brands (ARG Investment Corp. (Arby's)),2025-06-30,Partially Exited,Capital Invested
Ace087b,A8bd477,NbC,2025-06-30,Partially Exited,Capital Invested
Ace087b,A8bd477,SMB,2025-06-30,Partially Exited,Capital Invested
Ace087b,A8bd477,YEB,2025-06-30,Partially Exited,Capital Invested
Aadd548,A8bd477,Asset Living,2025-06-30,Partially Exited,Capital Invested
Aadd548,A8bd477,Mathnasium,2025-06-30,Partially Exited,Capital Invested
Aadd548,A8bd477,NbC,2025-06-30,Partially Exited,Capital Invested
Aadd548,A8bd477,Parts Town,2025-06-30,Partially Exited,Capital Invested
A073c3d,A8bd477,Inspire Brands,2025-06-30,Current,Capital Invested
A048b87,Adad2f2,800 Corporate Pointe,2025-06-30,Fully Exited,Capital Invested
A048b87,Adad2f2,Crossroads Business Center,2025-06-30,Fully Exited,Capital Invested
A048b87,Adad2f2,Great America Tech Center,2025-06-30,Fully Exited,Capital Invested
A048b87,Adad2f2,Las Cimas II and III,2025-06-30,Fully Exited,Capital Invested
A048b87,Adad2f2,Metro 101,2025-06-30,Fully Exited,Capital Invested
A048b87,Adad2f2,Northview Corporate Center,2025-06-30,Fully Exited,Capital Invested
A048b87,Adad2f2,PG Joint Venture,2025-06-30,Written Off,Capital Invested
A048b87,Adad2f2,Riata Corporate Park,2025-06-30,Fully Exited,Capital Invested
A048b87,Adad2f2,Riata Crossing,2025-06-30,Fully Exited,Capital Invested
A048b87,Adad2f2,The Campus at Legacy,2025-06-30,Fully Exited,Capital Invested
A048b87,Adad2f2,The Flour Milld,2025-06-30,Fully Exited,Capital Invested
A4d85cc,A6a0407,Halcyon Tech Inc,2025-06-30,Current,Capital Invested
A8d4882,A026529,Confluent,2025-06-30,Fully Exited,Capital Invested
A8d4882,A026529,DoorDash,2025-06-30,Current,Capital Invested
A8d4882,A026529,Instacart,2025-06-30,Current,Capital Invested
A8d4882,A026529,"SC Growth Fund XI Management, L.P.",2025-06-30,,"Capital Invested, Deal Status"
A8d4882,A026529,"Sequoia Capital Growth Fund XI, L.P.",2025-06-30,Current,Capital Invested
A8d4882,A026529,"Sequoia Capital US/E Crypto Fund I, L.P.",2025-06-30,Current,Capital Invested
A8d4882,A026529,"Sequoia Capital US/E Ecosystem Fund I, L.P.",2025-06-30,Current,Capital Invested
A8d4882,A026529,"Sequoia Capital US/E Expansion Fund I, L.P.",2025-06-30,Current,Capital Invested
A8d4882,A026529,"Sequoia Capital US/E Growth Fund X, L.P.",2025-06-30,Current,Capital Invested
A8d4882,A026529,"Sequoia Capital US/E Seed Fund V, L.P.",2025-06-30,Current,Capital Invested
A8d4882,A026529,"Sequoia Capital US/E Venture Fund XVIII, L.P.",2025-06-30,Current,Capital Invested
A8d4882,A026529,Snowflake,2025-06-30,Fully Exited,Capital Invested
A8d4882,A026529,SpaceX,2025-06-30,Current,Capital Invested
A8d4882,A026529,Stripe,2025-06-30,Current,Capital Invested
A8d4882,A026529,Unity Technologies,2025-06-30,Current,Capital Invested
A8d4882,A026529,X.AI Holdings (from X),2025-06-30,Current,Capital Invested
A2989df,A86463a,NPI Royalties Fair Value,2025-06-30,Current,"Capital Invested, Current Cost"
A2b73e4,Ad647a1,"Altimeter Atlas Fund II, L.P.",2025-06-30,Written Off,Capital Invested
A2b73e4,Ad647a1,Confidential Direct 14870,2025-06-30,Written Off,"Sector, Geographic Focus"
Af3dbec,Aa8e77d,GlobalWebIndex Holdings Ltd.,2025-06-30,Partially Exited,Current Cost
Af3dbec,Aa8e77d,"Island Technology, Inc.",2025-06-30,Partially Exited,Current Cost
Af3dbec,Aa8e77d,"Kith Retail, LLC",2025-06-30,Partially Exited,Current Cost
Af3dbec,Aa8e77d,"Kosas Cosmetics, LLC",2025-06-30,Partially Exited,Current Cost
Af3dbec,Aa8e77d,"Levain Bakery, LLC",2025-06-30,Partially Exited,Current Cost
Af3dbec,Aa8e77d,"Nowhere Holdco, LLC dba Erewhon Natural Foods",2025-06-30,Partially Exited,Current Cost
Af3dbec,Aa8e77d,"VerbIt, Inc.",2025-06-30,Partially Exited,Current Cost
Aa0a993,Aa8e77d,"Cards Parent LP (""Collector's Universe"")",2025-06-30,Partially Exited,Current Cost
Aa0a993,Aa8e77d,"Harvest Hosts Parent, LLC (dba HarvestHost)",2025-06-30,Partially Exited,Current Cost
Aa0a993,Aa8e77d,"Zero Abstraction, Inc. (dba Island)",2025-06-30,Partially Exited,Current Cost
A2a4d74,Aa8e77d,"La La Land Kind Cafe, LLC",2025-06-30,,"Capital Invested, Current Cost, Unrealized Value, Deal Status"
A2a4d74,Aa8e77d,"Seven Sundays, LLC",2025-06-30,,"Capital Invested, Current Cost, Unrealized Value, Deal Status"
Ae66dbf,A97e2ad,"StubHub Holdings, Inc.",2025-06-30,Partially Exited,Current Cost
Ae04ceb,Ab26f76,Argano,2025-06-30,Partially Exited,Current Cost
Ae04ceb,Ab26f76,Bluestar,2025-06-30,Partially Exited,Current Cost
Ae04ceb,Ab26f76,Brightspeed,2025-06-30,,Deal Status
Ae04ceb,Ab26f76,D4C Dental Brands,2025-06-30,Partially Exited,Current Cost
Ae04ceb,Ab26f76,DFH Gruppe,2025-06-30,Partially Exited,Current Cost
Ae04ceb,Ab26f76,Dish,2025-06-30,Partially Exited,Current Cost
Ae04ceb,Ab26f76,Essential Housing III,2025-06-30,Partially Exited,Current Cost
Ae04ceb,Ab26f76,Hilco Global,2025-06-30,Partially Exited,Current Cost
Ae04ceb,Ab26f76,Moda Homes,2025-06-30,Partially Exited,Current Cost
Ae04ceb,Ab26f76,NGL Energy Partners,2025-06-30,Partially Exited,Current Cost
Ae04ceb,Ab26f76,Priority Waste,2025-06-30,Partially Exited,Current Cost
Ae04ceb,Ab26f76,SJV Homes,2025-06-30,Partially Exited,Current Cost
Ae04ceb,Ab26f76,X Corp,2025-06-30,Partially Exited,Current Cost
Af4e6f7,A026fe6,"Assembly TS Holdings, LLC",2025-06-30,Current,Capital Invested
Af4e6f7,A026fe6,Champion Elevator Holding Corporation,2025-06-30,Current,Capital Invested
Af4e6f7,A026fe6,"GoHomePort, LLC",2025-06-30,Current,Capital Invested
Af4e6f7,A026fe6,"Interchecks Technologies, Inc",2025-06-30,Current,Capital Invested
Af4e6f7,A026fe6,"Roomors Living, Inc.",2025-06-30,Current,Capital Invested
Af4e6f7,A026fe6,"Service 1st Financial, LLC",2025-06-30,Current,Capital Invested
Af4e6f7,A026fe6,TS-Grove Pt Marinas,2025-06-30,Current,Capital Invested
Af4e6f7,A026fe6,"Truss Peak Holdings, LLC",2025-06-30,Current,Capital Invested
Ad5c332,A97e2ad,"The Jameson at Wood Quay, LLC",2025-06-30,Partially Exited,Current Cost
A56bafa,Ab27df1,Produce Pay Inc.,2025-06-30,Fully Exited,Capital Invested
Ad52755,A664a6a,"Paymerang, LLC",2025-03-31,Fully Exited,Capital Invested
Ab73bb9,A664a6a,"eHealth Global Technologies, Inc",2025-03-31,Current,Capital Invested
Ae4d9bf,Ab26f76,AG CC Funding II,2025-03-31,Partially Exited,Current Cost
Ae4d9bf,Ab26f76,Advanced Medaesthetic Partners,2025-03-31,Partially Exited,Current Cost
Ae4d9bf,Ab26f76,Apex Tool,2025-03-31,Partially Exited,Current Cost
Ae4d9bf,Ab26f76,Ardagh,2025-03-31,Partially Exited,Current Cost
Ae4d9bf,Ab26f76,Argano,2025-03-31,Partially Exited,Current Cost
Ae4d9bf,Ab26f76,Bally's Corporation,2025-03-31,Partially Exited,Current Cost
Ae4d9bf,Ab26f76,Bluestar,2025-03-31,Partially Exited,Current Cost
Ae4d9bf,Ab26f76,Brightspeed,2025-03-31,,Deal Status
Ae4d9bf,Ab26f76,Covis Pharma,2025-03-31,Partially Exited,Current Cost
Ae4d9bf,Ab26f76,D4C Dental Brands,2025-03-31,Partially Exited,Current Cost
Ae4d9bf,Ab26f76,Dish,2025-03-31,Partially Exited,Current Cost
Ae4d9bf,Ab26f76,Essential Housing II,2025-03-31,Partially Exited,Current Cost
Ae4d9bf,Ab26f76,Essential Housing III,2025-03-31,Partially Exited,Current Cost
Ae4d9bf,Ab26f76,Fellers,2025-03-31,Partially Exited,Current Cost
Ae4d9bf,Ab26f76,Frontline Dental,2025-03-31,Partially Exited,Current Cost
Ae4d9bf,Ab26f76,Gateway Casinos,2025-03-31,Partially Exited,Current Cost
Ae4d9bf,Ab26f76,Hilco Global,2025-03-31,Partially Exited,Current Cost
Ae4d9bf,Ab26f76,K Hovnanian,2025-03-31,Partially Exited,Current Cost
Ae4d9bf,Ab26f76,Landsea,2025-03-31,Partially Exited,Current Cost
Ae4d9bf,Ab26f76,Mary Ruth Organics,2025-03-31,Partially Exited,Current Cost
Ae4d9bf,Ab26f76,Moda Homes,2025-03-31,Partially Exited,Current Cost
Ae4d9bf,Ab26f76,Mountain House,2025-03-31,Partially Exited,Current Cost
Ae4d9bf,Ab26f76,NGL Energy Partners,2025-03-31,Partially Exited,Current Cost
Ae4d9bf,Ab26f76,Ocelot Bidco,2025-03-31,Partially Exited,Current Cost
Ae4d9bf,Ab26f76,One Lake,2025-03-31,Partially Exited,Current Cost
Ae4d9bf,Ab26f76,Peerage Realty Partners,2025-03-31,Partially Exited,Current Cost
Ae4d9bf,Ab26f76,Polaris Pharmacy Services,2025-03-31,Partially Exited,Current Cost
Ae4d9bf,Ab26f76,Priority Waste,2025-03-31,Partially Exited,Current Cost
Ae4d9bf,Ab26f76,Realogy Holdings Corp,2025-03-31,Partially Exited,Current Cost
Ae4d9bf,Ab26f76,Revlon II,2025-03-31,Partially Exited,Current Cost
Ae4d9bf,Ab26f76,Ricochet,2025-03-31,Partially Exited,Current Cost
Ae4d9bf,Ab26f76,SJV Homes,2025-03-31,Partially Exited,Current Cost
Ae4d9bf,Ab26f76,Secure Energy,2025-03-31,Partially Exited,Current Cost
Ae4d9bf,Ab26f76,Syndesis,2025-03-31,Partially Exited,Current Cost
Ae4d9bf,Ab26f76,Technicolor III,2025-03-31,Partially Exited,Current Cost
Ae4d9bf,Ab26f76,Trinseo,2025-03-31,Partially Exited,Current Cost
Ae4d9bf,Ab26f76,VAC,2025-03-31,Partially Exited,Current Cost
Ae4d9bf,Ab26f76,Victoria PLC,2025-03-31,Partially Exited,Current Cost
Ae4d9bf,Ab26f76,X Corp,2025-03-31,Partially Exited,Current Cost
A9d1e8c,A041a39,Tailscale Inc.,2025-03-31,,"Capital Invested, Current Cost, Unrealized Value, Deal Status"
Ae561e7,A041a39,Nabhdrishti Aerospace,2025-03-31,,"Capital Invested, Current Cost, Unrealized Value, Deal Status"
A1554e9,A664a6a,"Compliancy Group, LLC",2025-03-31,Current,Capital Invested
A1554e9,A664a6a,"OnePlan Solutions, LLC",2025-03-31,Current,Capital Invested
A1554e9,A664a6a,"Persivia, Inc.",2025-03-31,Current,Capital Invested
A1554e9,A664a6a,"SpinSci Technologies, LLC",2025-03-31,Current,Capital Invested
A1554e9,A664a6a,"TimeDoc, Inc.",2025-03-31,Current,Capital Invested
A3e929e,A664a6a,"Decisions, LLC",2025-03-31,Current,Capital Invested
A3e929e,A664a6a,"Lavu, Inc.",2025-03-31,Current,Capital Invested
A3e929e,A664a6a,"PRIA Healthcare Management, LLC",2025-03-31,Current,Capital Invested
A3e929e,A664a6a,"Podicare Services, Inc. (dba Woundtech)",2025-03-31,Current,Capital Invested
A3e929e,A664a6a,"ProcessMaker, Inc.",2025-03-31,Current,Capital Invested
A3e929e,A664a6a,Rhythm Management Group Corp.,2025-03-31,Current,Capital Invested
A3e929e,A664a6a,"eHealth Global Technologies, Inc",2025-03-31,Current,Capital Invested
Ab3ea87,A5d1a01,AGR,2025-03-31,,"Capital Invested, Current Cost, Unrealized Value, Deal Status"
Ab3ea87,A5d1a01,Akers/Ampco- Pittsburgh,2025-03-31,,"Capital Invested, Current Cost, Unrealized Value, Deal Status"
Ab3ea87,A5d1a01,Altor II Holdings Limited,2025-03-31,Current,Capital Invested
Ab3ea87,A5d1a01,Constructor,2025-03-31,,"Capital Invested, Current Cost, Unrealized Value, Deal Status"
Ab3ea87,A5d1a01,Dustin,2025-03-31,,"Capital Invested, Current Cost, Unrealized Value, Deal Status"
Ab3ea87,A5d1a01,EDS (Fund II),2025-03-31,,"Capital Invested, Current Cost, Unrealized Value, Deal Status"
Ab3ea87,A5d1a01,Euro Cater,2025-03-31,,"Capital Invested, Current Cost, Unrealized Value, Deal Status"
Ab3ea87,A5d1a01,Helly Hansen,2025-03-31,,"Capital Invested, Current Cost, Unrealized Value, Deal Status"
Ab3ea87,A5d1a01,Lindorff (Fund II),2025-03-31,,"Capital Invested, Current Cost, Unrealized Value, Deal Status"
Ab3ea87,A5d1a01,NorthStar,2025-03-31,,"Capital Invested, Current Cost, Unrealized Value, Deal Status"
Ab3ea87,A5d1a01,OptiGroup,2025-03-31,Current,Capital Invested
Ab3ea87,A5d1a01,PIAB,2025-03-31,,"Capital Invested, Current Cost, Unrealized Value, Deal Status"
Ab3ea87,A5d1a01,Q-Matic,2025-03-31,,"Capital Invested, Current Cost, Unrealized Value, Deal Status"
Ab3ea87,A5d1a01,Relacom (Fund II),2025-03-31,,"Capital Invested, Current Cost, Unrealized Value, Deal Status"
Ab3ea87,A5d1a01,SPT Group,2025-03-31,,"Capital Invested, Current Cost, Unrealized Value, Deal Status"
Ab3ea87,A5d1a01,Vatus,2025-03-31,,"Capital Invested, Current Cost, Unrealized Value, Deal Status"
Ab3ea87,A5d1a01,WSS,2025-03-31,Current,Capital Invested
Ae7bb35,A5d1a01,Alo,2025-03-31,,"Capital Invested, Current Cost, Unrealized Value, Deal Status"
Ae7bb35,A5d1a01,Apotek Hjrtat,2025-03-31,,"Capital Invested, Current Cost, Unrealized Value, Deal Status"
Ae7bb35,A5d1a01,CTEK,2025-03-31,,"Capital Invested, Current Cost, Unrealized Value, Deal Status"
Ae7bb35,A5d1a01,Curato,2025-03-31,,"Capital Invested, Current Cost, Unrealized Value, Deal Status"
Ae7bb35,A5d1a01,EWOS,2025-03-31,,"Capital Invested, Current Cost, Unrealized Value, Deal Status"
Ae7bb35,A5d1a01,Eltek,2025-03-31,,"Capital Invested, Current Cost, Unrealized Value, Deal Status"
Ae7bb35,A5d1a01,FMD,2025-03-31,,"Capital Invested, Current Cost, Unrealized Value, Deal Status"
Ae7bb35,A5d1a01,Max Matthiessen,2025-03-31,,"Capital Invested, Current Cost, Unrealized Value, Deal Status"
Ae7bb35,A5d1a01,Meltwater,2025-03-31,,"Capital Invested, Current Cost, Unrealized Value, Deal Status"
Ae7bb35,A5d1a01,Norsk Gjenvinning,2025-03-31,,"Capital Invested, Current Cost, Unrealized Value, Deal Status"
Ae7bb35,A5d1a01,Nova Austral,2025-03-31,,"Capital Invested, Current Cost, Unrealized Value, Deal Status"
Ae7bb35,A5d1a01,ONE Nordic,2025-03-31,,"Capital Invested, Current Cost, Unrealized Value, Deal Status"
Ae7bb35,A5d1a01,Orchid,2025-03-31,,"Capital Invested, Deal Status"
Ae7bb35,A5d1a01,SATS,2025-03-31,,"Capital Invested, Current Cost, Unrealized Value, Deal Status"
Ae7bb35,A5d1a01,Sonion,2025-03-31,,"Capital Invested, Current Cost, Unrealized Value, Deal Status"
Ab89eda,A619a99,"AMCR CO., LTD (through Apollo New Growth No. 1 LLC)",2025-03-31,Current,Capital Invested
Ab89eda,A619a99,"Akros Technologies, Inc.",2025-03-31,Current,Capital Invested
Ab89eda,A619a99,Channel Corporation,2025-03-31,Current,Capital Invested
Ab89eda,A619a99,"Cinamon, Inc.",2025-03-31,Current,Capital Invested
Ab89eda,A619a99,"Danggeun Market, Inc.",2025-03-31,Current,Capital Invested
Ab89eda,A619a99,"Hemeko, Inc.",2025-03-31,Current,Capital Invested
Ab89eda,A619a99,KREAM Corporation,2025-03-31,Current,Capital Invested
Ab89eda,A619a99,Lifegoeson Company Corp. (dba Laundrygo),2025-03-31,Current,Capital Invested
Ab89eda,A619a99,Marq Vision Inc.,2025-03-31,Current,Capital Invested
Ab89eda,A619a99,"Mine.is, Inc. (Dba. Charan)",2025-03-31,Current,Capital Invested
Ab89eda,A619a99,NIRVANANA INC.,2025-03-31,Current,Capital Invested
Ab89eda,A619a99,PI Corporation,2025-03-31,Current,Capital Invested
Ab89eda,A619a99,Soombit.ai Inc.,2025-03-31,Current,Capital Invested
Ab89eda,A619a99,"TainAI, Inc.",2025-03-31,Current,Capital Invested
Ab89eda,A619a99,"TechTaka Co., Ltd. (dba ARGO)",2025-03-31,Current,Capital Invested
Ab89eda,A619a99,Toss Bank,2025-03-31,Current,Capital Invested
A6fcde0,A6f625f,"AIM Parent Holdings, LLC",2025-03-31,Current,Capital Invested
A6fcde0,A6f625f,"American Tanker Holding Company, Inc.",2025-03-31,Current,Capital Invested
A6fcde0,A6f625f,"MG Transport Holdings, LLC",2025-03-31,Current,Capital Invested
A6fcde0,A6f625f,Other Investments,2025-03-31,Current,Capital Invested
A6fcde0,A6f625f,U.S. Marine Management LLC,2025-03-31,Current,Capital Invested
A80d33a,Ad15ca3,Armour Group Limited,2025-03-31,Current,Capital Invested
A3cb5c7,A109e0f,"AP Fund Holdings, LP",2025-03-31,Current,Capital Invested
A3cb5c7,A109e0f,"Ara AG Fiber Aggregator, LP",2025-03-31,Current,Capital Invested
A3cb5c7,A109e0f,"Ara Aloxe, Ltd.",2025-03-31,Current,Capital Invested
A3cb5c7,A109e0f,"Ara CM Holdings, LP",2025-03-31,Current,Capital Invested
A3cb5c7,A109e0f,"Ara Divert Holdings, LP",2025-03-31,Current,Capital Invested
A3cb5c7,A109e0f,"Ara Fund II BW Holdings, LP",2025-03-31,Current,Capital Invested
A3cb5c7,A109e0f,"Ara Fund II H2 Holdings, LP",2025-03-31,Current,Capital Invested
A3cb5c7,A109e0f,"Ara Fund II ST Holdings, LP",2025-03-31,Current,Capital Invested
A3cb5c7,A109e0f,"Ara PG Aggregator, LP",2025-03-31,Current,Capital Invested
A3cb5c7,A109e0f,"Ara PS Holdings, LP",2025-03-31,Current,Capital Invested
A3cb5c7,A109e0f,"Ara Repeats Holdings, Ltd.",2025-03-31,Current,Capital Invested
A3cb5c7,A109e0f,"Cycle0 Aggregatorco, Ltd.",2025-03-31,Current,Capital Invested
A3cb5c7,A109e0f,PET AGG Limited (UK),2025-03-31,Current,Capital Invested
A930514,A109e0f,"Ara Sedron Holdings, LP",2025-03-31,Current,Capital Invested
A930514,A109e0f,CFP Energy,2025-03-31,Current,Capital Invested
A930514,A109e0f,Cycle0,2025-03-31,Current,Capital Invested
A930514,A109e0f,Genera,2025-03-31,Current,Capital Invested
A930514,A109e0f,Paratus,2025-03-31,Current,Capital Invested
A930514,A109e0f,Vacuumschmelze (VAC),2025-03-31,Current,Capital Invested
Afc9d9d,A109e0f,"Ara PG Aggregator, LP",2025-03-31,Current,Capital Invested
A6514b0,A109e0f,"Ara VAC IE Aggregator, LP",2025-03-31,Current,Capital Invested
Acc4ce2,Afc0dbf,"ACF II 4C LLC (""Frisco 1690 Farm to Market LLC"")",2025-03-31,Current,Capital Invested
Acc4ce2,Afc0dbf,"ACF II Durrington LLC (""Stone Oak 21915 US Hwy LLC"")",2025-03-31,Current,Capital Invested
Acc4ce2,Afc0dbf,"ACF II LCV LLC (""Dallas 12500 Merit LLC"")",2025-03-31,Current,Capital Invested
Acc4ce2,Afc0dbf,ACF II Mission Gorge Intermediate LLC,2025-03-31,Current,Capital Invested
Acc4ce2,Afc0dbf,"ACF II Nova LLC (""San Antonio 14200 Vance Jackson LLC"")",2025-03-31,Current,Capital Invested
Acc4ce2,Afc0dbf,"ACF II SJ 8000 Intermediate LLC (""8000 Tartak Street Owners LLC"")",2025-03-31,Current,Capital Invested
Acc4ce2,Afc0dbf,ACF II West Champions LLC,2025-03-31,Current,Capital Invested
Acc4ce2,Afc0dbf,ACF II Woodlands LLC,2025-03-31,Current,Capital Invested
A466539,Afc0dbf,ACP BHI Direct Investment LLC,2025-03-31,Current,Capital Invested
A466539,Afc0dbf,ACP Beechwood Holdco LLC,2025-03-31,Current,Capital Invested
A466539,Afc0dbf,ACP CR Intermediate LLC,2025-03-31,Current,Capital Invested
A466539,Afc0dbf,ACP Corepoint JV LLC,2025-03-31,Current,Capital Invested
A466539,Afc0dbf,ACP Decatur LLC,2025-03-31,Current,Capital Invested
A466539,Afc0dbf,ACP El Segundo Mezz LLC,2025-03-31,Current,Capital Invested
A466539,Afc0dbf,ACP Mesquite Investor LLC,2025-03-31,Current,Capital Invested
A466539,Afc0dbf,ACP Monterey Hotel LLC,2025-03-31,Current,Capital Invested
A466539,Afc0dbf,ACP Newbury 2 Investor Intermediate LLC,2025-03-31,Current,Capital Invested
A466539,Afc0dbf,ACP Perry Intermediate LLC,2025-03-31,Current,Capital Invested
A466539,Afc0dbf,ACP Royal Lahaina LLC,2025-03-31,Current,Capital Invested
A466539,Afc0dbf,ACP SFR Pref LLC,2025-03-31,Current,Capital Invested
A466539,Afc0dbf,ACPC Elle Collections LLC,2025-03-31,Current,Capital Invested
A466539,Afc0dbf,Abacus Alamo Ranch Tenant LP,2025-03-31,Current,Capital Invested
A466539,Afc0dbf,Airport Hotels JV Manager LLC,2025-03-31,Current,Capital Invested
A466539,Afc0dbf,Ascendant Capital Fiber Holdings LLC,2025-03-31,Current,Capital Invested
A466539,Afc0dbf,B/A MF Investments LLC,2025-03-31,Current,Capital Invested
A74c64f,A8be668,ATOM,2025-03-31,Current,Capital Invested
A74c64f,A8be668,Aera Foundation,2025-03-31,Current,Capital Invested
A74c64f,A8be668,"AnchorZero, Inc.",2025-03-31,Current,Capital Invested
A74c64f,A8be668,Arweave,2025-03-31,Current,Capital Invested
A74c64f,A8be668,"Bluesky Social, PBC",2025-03-31,Current,Capital Invested
A74c64f,A8be668,"Cata Labs, Inc.",2025-03-31,Current,Capital Invested
A74c64f,A8be668,Celestia,2025-03-31,Current,Capital Invested
A74c64f,A8be668,Chronos Labs Limited,2025-03-31,,"Capital Invested, Deal Status"
A74c64f,A8be668,"Curiosity Research, Inc.",2025-03-31,Current,Capital Invested
A74c64f,A8be668,Ethereum,2025-03-31,Current,Capital Invested
A74c64f,A8be668,Fulmin Labs Limited,2025-03-31,Current,Capital Invested
A74c64f,A8be668,Jadu AR Inc.,2025-03-31,Current,Capital Invested
A74c64f,A8be668,Layer-2 Development corp,2025-03-31,Current,Capital Invested
A74c64f,A8be668,Medici Collective Co.,2025-03-31,,"Capital Invested, Deal Status"
A74c64f,A8be668,Not Community Labs Inc.,2025-03-31,Current,Capital Invested
A74c64f,A8be668,Offscreen Inc.,2025-03-31,,"Capital Invested, Deal Status"
A74c64f,A8be668,"Orb Labs, Inc.",2025-03-31,,"Capital Invested, Deal Status"
A74c64f,A8be668,PayPal USD,2025-03-31,Current,Capital Invested
A74c64f,A8be668,"Probably Nothing, Inc.",2025-03-31,Current,Capital Invested
A74c64f,A8be668,"Risc0, Inc.",2025-03-31,Current,Capital Invested
A74c64f,A8be668,Scroll Foundation,2025-03-31,Current,Capital Invested
A74c64f,A8be668,Solana,2025-03-31,Current,Capital Invested
A74c64f,A8be668,Syncracy Fund Management LLC,2025-03-31,,"Capital Invested, Deal Status"
A74c64f,A8be668,Syncracy Operational Management LLC,2025-03-31,Current,Capital Invested
A74c64f,A8be668,The Next Thing Ltd.,2025-03-31,Current,Capital Invested
A74c64f,A8be668,Tools For Humanity Corporation,2025-03-31,Current,Capital Invested
A74c64f,A8be668,USD Coin,2025-03-31,Current,Capital Invested
A74c64f,A8be668,"Ulvetanna, Inc.",2025-03-31,Current,Capital Invested
A74c64f,A8be668,Uniswap,2025-03-31,Current,Capital Invested
A74c64f,A8be668,"Variational Research, Inc.",2025-03-31,Current,Capital Invested
A1bb7a5,A54f085,"Commonwealth Fusion Systems, LLC",2025-03-31,Current,Capital Invested
A6709ea,A586fd2,Air Methods Corp,2025-03-31,Partially Exited,Current Cost
A6709ea,A586fd2,Alvaria Inc,2025-03-31,Partially Exited,Current Cost
A6709ea,A586fd2,Apex Tool Group LLC,2025-03-31,Partially Exited,Current Cost
A6709ea,A586fd2,Arc Gaming & Technologies,2025-03-31,Partially Exited,Current Cost
A6709ea,A586fd2,Array Canada Inc,2025-03-31,Partially Exited,Current Cost
A6709ea,A586fd2,CashRepublic Holdings Inc,2025-03-31,Partially Exited,Current Cost
A6709ea,A586fd2,Culain Capital (Resulticks),2025-03-31,Partially Exited,Current Cost
A6709ea,A586fd2,DAZN Limited,2025-03-31,Partially Exited,Current Cost
A6709ea,A586fd2,Doncasters Group,2025-03-31,Partially Exited,Current Cost
A6709ea,A586fd2,ICP Group,2025-03-31,Partially Exited,Current Cost
A6709ea,A586fd2,J Palmer Collective LLC,2025-03-31,Partially Exited,Current Cost
A6709ea,A586fd2,Multimedia Music LP,2025-03-31,Partially Exited,Current Cost
A6709ea,A586fd2,New Enterprise Stone & Lime,2025-03-31,Partially Exited,Current Cost
A6709ea,A586fd2,Project Bath,2025-03-31,Partially Exited,Current Cost
A6709ea,A586fd2,Research Now Group LLC,2025-03-31,Partially Exited,Current Cost
A6709ea,A586fd2,Resolute Investment Managers,2025-03-31,Partially Exited,Current Cost
A6709ea,A586fd2,Scenic Cruises & Tours (2023 Financing),2025-03-31,Partially Exited,Current Cost
A6709ea,A586fd2,Spanish Broadcasting Inc (Debt),2025-03-31,Partially Exited,Current Cost
A6709ea,A586fd2,Transfer Receivables Facility,2025-03-31,Partially Exited,"Current Cost, Sector"
A6709ea,A586fd2,VATit Group Limited (2023 Facility),2025-03-31,Partially Exited,Current Cost
A279d4f,A586fd2,AllGear Digital LLC (fka Lola Digital Media),2025-03-31,Partially Exited,Current Cost
A279d4f,A586fd2,Alvaria Inc,2025-03-31,Partially Exited,Current Cost
A279d4f,A586fd2,Apex Tool Group LLC,2025-03-31,Partially Exited,Current Cost
A279d4f,A586fd2,Arc Gaming & Technologies,2025-03-31,Partially Exited,Current Cost
A279d4f,A586fd2,Array Canada Inc,2025-03-31,Partially Exited,Current Cost
A279d4f,A586fd2,Clear Channel Worldwide,2025-03-31,Partially Exited,Current Cost
A279d4f,A586fd2,Crown Finance US Inc,2025-03-31,Partially Exited,Current Cost
A279d4f,A586fd2,Culain Capital Management LLC,2025-03-31,Partially Exited,Current Cost
A279d4f,A586fd2,DAZN Limited,2025-03-31,Partially Exited,Current Cost
A279d4f,A586fd2,Doncasters Group,2025-03-31,Partially Exited,Current Cost
A279d4f,A586fd2,F45 Training Holdings Inc,2025-03-31,Partially Exited,Current Cost
A279d4f,A586fd2,Ferroglobe PLC,2025-03-31,Partially Exited,Current Cost
A279d4f,A586fd2,Health First Commercial Plans Inc,2025-03-31,Partially Exited,Current Cost
A279d4f,A586fd2,ICP Group,2025-03-31,Partially Exited,Current Cost
A279d4f,A586fd2,Ligado Networks LLC,2025-03-31,Partially Exited,Current Cost
A279d4f,A586fd2,MD Helicopters Inc,2025-03-31,Partially Exited,Current Cost
A279d4f,A586fd2,Mattress Firm Inc,2025-03-31,Partially Exited,Current Cost
A279d4f,A586fd2,Phoenix III Recovery LLC,2025-03-31,Partially Exited,Current Cost
A279d4f,A586fd2,Project Gold,2025-03-31,Partially Exited,Current Cost
A279d4f,A586fd2,Project Green,2025-03-31,Partially Exited,Current Cost
A279d4f,A586fd2,Project Indigo,2025-03-31,Partially Exited,Current Cost
A279d4f,A586fd2,Resolute Investment Managers,2025-03-31,Partially Exited,Current Cost
A279d4f,A586fd2,Saatva,2025-03-31,Partially Exited,Current Cost
A279d4f,A586fd2,Signal Energy Constructors LLC,2025-03-31,Partially Exited,Current Cost
A279d4f,A586fd2,Spanish Broadcasting Inc (Debt),2025-03-31,Partially Exited,Current Cost
A279d4f,A586fd2,Steinhoff International,2025-03-31,Partially Exited,Current Cost
A279d4f,A586fd2,Wireless Vision LLC,2025-03-31,Partially Exited,Current Cost
A67c3e6,A02cb18,EMC,2025-03-31,Fully Exited,Capital Invested
A67c3e6,A02cb18,ER-Telecom,2025-03-31,Fully Exited,Capital Invested
A67c3e6,A02cb18,Eco-Dolie,2025-03-31,Fully Exited,Capital Invested
A67c3e6,A02cb18,Etalon,2025-03-31,Fully Exited,Capital Invested
A67c3e6,A02cb18,FCB Group,2025-03-31,Fully Exited,Capital Invested
A67c3e6,A02cb18,Nostrum Oil&Gas,2025-03-31,Fully Exited,Capital Invested
A67c3e6,A02cb18,Novomet,2025-03-31,Fully Exited,Capital Invested
A67c3e6,A02cb18,Orient Express Bank,2025-03-31,Fully Exited,Capital Invested
A67c3e6,A02cb18,SK Rezerve,2025-03-31,Fully Exited,Capital Invested
A67c3e6,A02cb18,Teplant,2025-03-31,Written Off,Capital Invested
Acd9cbe,A02cb18,Balance Platform,2025-03-31,Written Off,Capital Invested
Acd9cbe,A02cb18,CarPrice,2025-03-31,Written Off,Capital Invested
Acd9cbe,A02cb18,Familia,2025-03-31,Written Off,Capital Invested
Acd9cbe,A02cb18,Itransition,2025-03-31,Written Off,Capital Invested
Acd9cbe,A02cb18,Ozon,2025-03-31,Written Off,Capital Invested
Acd9cbe,A02cb18,Profi,2025-03-31,Written Off,Capital Invested
Acd9cbe,A02cb18,Pulkovo,2025-03-31,Written Off,Capital Invested
Acd9cbe,A02cb18,Renaissance Insurance,2025-03-31,Written Off,Capital Invested
Acd9cbe,A02cb18,Revo,2025-03-31,Written Off,Capital Invested
Acd9cbe,A02cb18,SkyEng,2025-03-31,Written Off,Capital Invested
Acd9cbe,A02cb18,Solopharm,2025-03-31,Written Off,Capital Invested
Acd9cbe,A02cb18,Sravni.ru,2025-03-31,Written Off,Capital Invested
Acd9cbe,A02cb18,Viasat,2025-03-31,Written Off,Capital Invested
Acd9cbe,A02cb18,Voximplant,2025-03-31,Written Off,Capital Invested
A73be2a,18be12,Auraria Student Lofts,2025-03-31,,Deal Status
A73be2a,18be12,Drewery Place,2025-03-31,,Deal Status
A73be2a,18be12,Embassy Suites,2025-03-31,,Deal Status
A73be2a,18be12,Integra Vistas Apartments,2025-03-31,,Deal Status
A73be2a,18be12,L&O Apartments,2025-03-31,,Deal Status
A73be2a,18be12,Parkview on Hollybrook,2025-03-31,,Deal Status
A73be2a,18be12,Pell Public Storage,2025-03-31,,Deal Status
A73be2a,18be12,Rhode Island Student Housing,2025-03-31,,Deal Status
A73be2a,18be12,The Westerly,2025-03-31,,Deal Status
A73be2a,18be12,Thirty75 Tech,2025-03-31,,Deal Status
A73be2a,18be12,VivaBella,2025-03-31,,Deal Status
A5494b2,18be12,199 Chrystie Street,2025-03-31,Fully Exited,Sector
A5494b2,18be12,2028 NE Multnomah Street,2025-03-31,Fully Exited,Sector
A5494b2,18be12,21-30 44th Drive,2025-03-31,Fully Exited,Sector
A5494b2,18be12,3400 Sunset,2025-03-31,Fully Exited,Sector
A5494b2,18be12,Allure,2025-03-31,Fully Exited,Sector
A5494b2,18be12,Bailly Ridge,2025-03-31,Fully Exited,Sector
A5494b2,18be12,Carte Hotel,2025-03-31,Fully Exited,Sector
A5494b2,18be12,Griffin Plaza,2025-03-31,Fully Exited,Sector
A5494b2,18be12,Hyatt House at USC HSC,2025-03-31,Fully Exited,Sector
A5494b2,18be12,Montabella Pointe II,2025-03-31,Fully Exited,Sector
A5494b2,18be12,Moxy South Beach,2025-03-31,Fully Exited,Sector
A5494b2,18be12,NoHo Millennium II,2025-03-31,Fully Exited,Sector
A5494b2,18be12,North San Jose Hotel,2025-03-31,Fully Exited,Sector
A5494b2,18be12,"Parkside at City Center - Aurora, CO",2025-03-31,Current,Sector
A5494b2,18be12,Parkstone at Knightdale,2025-03-31,Fully Exited,Sector
A5494b2,18be12,Parkwood Station,2025-03-31,Fully Exited,Sector
A5494b2,18be12,Refugio Townhomes,2025-03-31,Fully Exited,Sector
A5494b2,18be12,Shorecrest Club,2025-03-31,Fully Exited,Sector
A5494b2,18be12,The Realm at Castle Hills 1A,2025-03-31,Fully Exited,Sector
A5494b2,18be12,The Realm at Castle Hills 1B,2025-03-31,Fully Exited,Sector
A5494b2,18be12,Verse at The Boro,2025-03-31,Fully Exited,Sector
A5494b2,18be12,Vine North Hills,2025-03-31,Fully Exited,Sector
Aa71003,18be12,35 Stone,2025-03-31,Current,Capital Invested
Aa71003,18be12,Aer Lamar,2025-03-31,Current,Capital Invested
Aa71003,18be12,Freddie Mac 2022 - KF134 B Piece,2025-03-31,Current,Capital Invested
Aa71003,18be12,Freddie Mac 2022 - KF145 B Piece,2025-03-31,Current,Capital Invested
Aa71003,18be12,Freddie Mac 2022 - KF151,2025-03-31,Current,Capital Invested
Aa71003,18be12,Freddie Mac 2023 - KF151 B Piece,2025-03-31,,"Capital Invested, Current Cost, Unrealized Value, Deal Status"
Aa71003,18be12,Inspire Sonoran Desert,2025-03-31,Current,Capital Invested
Aa71003,18be12,JP Morgan Facility Portfolio,2025-03-31,Current,Capital Invested
Aa71003,18be12,Navona,2025-03-31,Current,Capital Invested
Aa71003,18be12,South Tryon Flats,2025-03-31,Current,Capital Invested
Aa71003,18be12,The Valiant,2025-03-31,Current,Capital Invested
Aa71003,18be12,Towerview at Ballantyne,2025-03-31,Current,Capital Invested
A103ce5,A348789,Thorley Industries LLC (4Moms),2025-03-31,,"Capital Invested, Deal Status"
Ab4033d,A91b7d0,Beacon Platform Incorporated,2025-03-31,,"Capital Invested, Current Cost, Unrealized Value, Deal Status"
Ab4033d,A91b7d0,"The Helper Bees, Inc.",2025-03-31,,"Capital Invested, Current Cost, Unrealized Value, Deal Status"
A40cc93,A49a079,"Altamira Parent Holdings, LLC",2025-03-31,Current,Capital Invested
A40cc93,A49a079,"AppOmni, Inc.",2025-03-31,Current,Capital Invested
A40cc93,A49a079,"Arctic Wolf Networks, Inc. (f/k/a Revelstoke)",2025-03-31,Current,Capital Invested
A40cc93,A49a079,"Authentic8, Inc.",2025-03-31,Current,Capital Invested
A40cc93,A49a079,BigID Inc.,2025-03-31,Current,Capital Invested
A40cc93,A49a079,CloudKnox,2025-03-31,,"Capital Invested, Current Cost, Unrealized Value, Deal Status"
A40cc93,A49a079,"Databricks, Inc. (f/k/a Okera)",2025-03-31,Current,Capital Invested
A40cc93,A49a079,"Diamanti, Inc.",2025-03-31,Current,Capital Invested
A40cc93,A49a079,"Frontier Aggregator, LLC (f/k/a Fortress Security)",2025-03-31,Current,Capital Invested
A40cc93,A49a079,Harness Inc. (f/k/a ZeroNorth),2025-03-31,Current,Capital Invested
A40cc93,A49a079,Inky Technology Corporation,2025-03-31,Current,Capital Invested
A40cc93,A49a079,KKR Olive Co-Invest L.P. (a/k/a Optiv),2025-03-31,Current,Capital Invested
A40cc93,A49a079,Mitiga Security Inc.,2025-03-31,Current,Capital Invested
A40cc93,A49a079,"Phylum, Inc.",2025-03-31,,"Capital Invested, Current Cost, Unrealized Value, Deal Status"
A40cc93,A49a079,"ProcessUnity ComboCo, LLC (f/k/a CyberGRX)",2025-03-31,Current,Capital Invested
A40cc93,A49a079,"Query.AI, Inc.",2025-03-31,Current,Capital Invested
A40cc93,A49a079,"Singularity TopCo LLC (a/k/a Human, f/k/a White Ops)",2025-03-31,Current,Capital Invested
A1e8a7e,Ac37569,American-Sino Healthcare,2025-03-31,Partially Exited,Current Cost
A1e8a7e,Ac37569,Oriental Yuhong Waterproof Technology,2025-03-31,Partially Exited,Current Cost
A1e8a7e,Ac37569,Project Crane,2025-03-31,Partially Exited,Current Cost
Af5ff4f,Ac37569,China Feihe,2025-03-31,Partially Exited,Current Cost
Af5ff4f,Ac37569,Datong Insurance Services,2025-03-31,Partially Exited,Current Cost
Af5ff4f,Ac37569,Dongbao Pharmaceutical,2025-03-31,Partially Exited,Current Cost
Af5ff4f,Ac37569,Far East Horizon Leasing,2025-03-31,Partially Exited,Current Cost
Af5ff4f,Ac37569,Oriental Yuhong Waterproof Technology,2025-03-31,Partially Exited,Current Cost
Af5ff4f,Ac37569,Shape Technologies,2025-03-31,Partially Exited,Current Cost
Af5ff4f,Ac37569,Sinopharm Leasing,2025-03-31,Partially Exited,Current Cost
Af5ff4f,Ac37569,Sunpower,2025-03-31,Partially Exited,Current Cost
Af5ff4f,Ac37569,V2 Healthcare,2025-03-31,Partially Exited,Current Cost
Af5ff4f,Ac37569,Venus Medtech,2025-03-31,Partially Exited,Current Cost
A5596ab,A97e2ad,"Delight HoldCo 5, LLC",2025-03-31,,Deal Status
Ab80ef5,A7d02b3,Apax X L.P.,2025-03-31,Current,"Capital Invested, Current Cost"
Ab80ef5,A7d02b3,"Ares Corporate Opportunities Fund VI, L.P.",2025-03-31,Current,"Capital Invested, Current Cost"
Ab80ef5,A7d02b3,"Audax Private Equity Fund VII-B, L.P.",2025-03-31,,"Capital Invested, Current Cost, Unrealized Value, Deal Status"
Ab80ef5,A7d02b3,BC Partners Fund XI,2025-03-31,,"Capital Invested, Current Cost, Unrealized Value, Deal Status"
Ab80ef5,A7d02b3,"Baring Asia Private Equity Fund VIII, L.P.",2025-03-31,Current,"Capital Invested, Current Cost"
Ab80ef5,A7d02b3,Blackstone Tactical Opportunities Fund IV L.P.,2025-03-31,Current,"Capital Invested, Current Cost"
Ab80ef5,A7d02b3,Bregal Unternehmerkapital III SCSp,2025-03-31,Partially Exited,Current Cost
Ab80ef5,A7d02b3,Bridgepoint Europe VII,2025-03-31,Partially Exited,Current Cost
Ab80ef5,A7d02b3,"CPE China Fund IV, L.P.",2025-03-31,Partially Exited,Current Cost
Ab80ef5,A7d02b3,CVC Capital Partners Asia V L.P.,2025-03-31,Partially Exited,Current Cost
Ab80ef5,A7d02b3,"Centerbridge Capital Partners IV, L.P.",2025-03-31,Current,"Capital Invested, Current Cost"
Ab80ef5,A7d02b3,"Clayton, Dubilier & Rice Fund XI, L.P.",2025-03-31,Partially Exited,Current Cost
Ab80ef5,A7d02b3,"Francisco Partners VI, L.P.",2025-03-31,Partially Exited,Current Cost
Ab80ef5,A7d02b3,"Francisco Partners VII, L.P.",2025-03-31,,"Capital Invested, Current Cost, Unrealized Value, Deal Status"
Ab80ef5,A7d02b3,GI Partners Fund VI LP,2025-03-31,Current,"Capital Invested, Current Cost"
Ab80ef5,A7d02b3,"Green Equity Investors VIII, L.P.",2025-03-31,Partially Exited,Current Cost
Ab80ef5,A7d02b3,IDG China Venture Capital Fund VII L.P.,2025-03-31,Current,"Capital Invested, Current Cost"
Ab80ef5,A7d02b3,KKR Asian Fund IV SCSp,2025-03-31,Current,"Capital Invested, Current Cost"
Ab80ef5,A7d02b3,"L Catterton IX, L.P.",2025-03-31,Partially Exited,Current Cost
Ab80ef5,A7d02b3,"MBK Partners Fund V, L.P.",2025-03-31,Partially Exited,Current Cost
Ab80ef5,A7d02b3,Montagu VI L.P.,2025-03-31,Partially Exited,Current Cost
Ab80ef5,A7d02b3,"New Mountain Partners VI, L.P.",2025-03-31,Current,"Capital Invested, Current Cost"
Ab80ef5,A7d02b3,"Nordic Capital Fund XI, L.P.",2025-03-31,,"Capital Invested, Current Cost, Unrealized Value, Deal Status"
Ab80ef5,A7d02b3,"Nordic Capital X, L.P.",2025-03-31,Current,"Capital Invested, Current Cost"
Ab80ef5,A7d02b3,"Oak Hill Capital Partners V, L.P.",2025-03-31,Current,"Capital Invested, Current Cost"
Ab80ef5,A7d02b3,Oakley Capital V-B1 SCSp,2025-03-31,Current,"Capital Invested, Current Cost"
Ab80ef5,A7d02b3,PAI Partners VIII-1 SCSp,2025-03-31,,"Capital Invested, Current Cost, Unrealized Value, Deal Status"
Ab80ef5,A7d02b3,"PSG V, L.P.",2025-03-31,Current,"Capital Invested, Current Cost"
Ab80ef5,A7d02b3,Project Antarctica,2025-03-31,Partially Exited,Current Cost
Ab80ef5,A7d02b3,Project Ash,2025-03-31,Partially Exited,Current Cost
Ab80ef5,A7d02b3,Project Balvenie,2025-03-31,Partially Exited,Current Cost
Ab80ef5,A7d02b3,Project Boylston,2025-03-31,Partially Exited,Current Cost
Ab80ef5,A7d02b3,Project Cadence,2025-03-31,Partially Exited,Current Cost
Ab80ef5,A7d02b3,Project Ceres,2025-03-31,Partially Exited,Current Cost
Ab80ef5,A7d02b3,Project Cereza,2025-03-31,Partially Exited,Current Cost
Ab80ef5,A7d02b3,Project Chimera,2025-03-31,Partially Exited,Current Cost
Ab80ef5,A7d02b3,Project Clover,2025-03-31,Partially Exited,Current Cost
Ab80ef5,A7d02b3,Project Crestone,2025-03-31,Partially Exited,Current Cost
Ab80ef5,A7d02b3,Project Digital,2025-03-31,Partially Exited,Current Cost
Ab80ef5,A7d02b3,Project Eight,2025-03-31,Partially Exited,Current Cost
Ab80ef5,A7d02b3,Project Fig,2025-03-31,Partially Exited,Current Cost
Ab80ef5,A7d02b3,Project Gallop,2025-03-31,Partially Exited,Current Cost
Ab80ef5,A7d02b3,Project Giant,2025-03-31,Partially Exited,Current Cost
Ab80ef5,A7d02b3,Project Grasshopper,2025-03-31,Partially Exited,Current Cost
Ab80ef5,A7d02b3,Project Hercules,2025-03-31,Partially Exited,Current Cost
Ab80ef5,A7d02b3,Project Hybrid,2025-03-31,Partially Exited,Current Cost
Ab80ef5,A7d02b3,Project ICON,2025-03-31,Partially Exited,Current Cost
Ab80ef5,A7d02b3,Project Kansas,2025-03-31,Partially Exited,Current Cost
Ab80ef5,A7d02b3,Project Lagoon,2025-03-31,Partially Exited,Current Cost
Ab80ef5,A7d02b3,Project Lloyds,2025-03-31,Partially Exited,Current Cost
Ab80ef5,A7d02b3,Project Newton,2025-03-31,Partially Exited,Current Cost
Ab80ef5,A7d02b3,Project Orion,2025-03-31,Partially Exited,Current Cost
Ab80ef5,A7d02b3,Project Pearl,2025-03-31,Partially Exited,Current Cost
Ab80ef5,A7d02b3,Project Pioneer,2025-03-31,Partially Exited,Current Cost
Ab80ef5,A7d02b3,Project Plymouth,2025-03-31,Partially Exited,Current Cost
Ab80ef5,A7d02b3,Project Pomelo,2025-03-31,Partially Exited,Current Cost
Ab80ef5,A7d02b3,Project Purple,2025-03-31,Partially Exited,Current Cost
Ab80ef5,A7d02b3,Project Raindrop,2025-03-31,Partially Exited,Current Cost
Ab80ef5,A7d02b3,Project Roast,2025-03-31,Partially Exited,Current Cost
Ab80ef5,A7d02b3,Project Sapphire,2025-03-31,Partially Exited,Current Cost
Ab80ef5,A7d02b3,Project Spike,2025-03-31,Partially Exited,Current Cost
Ab80ef5,A7d02b3,Project Spire,2025-03-31,Partially Exited,Current Cost
Ab80ef5,A7d02b3,Project Tilburg,2025-03-31,Partially Exited,Current Cost
Ab80ef5,A7d02b3,Project Timber II,2025-03-31,Partially Exited,Current Cost
Ab80ef5,A7d02b3,Project Triangle,2025-03-31,Partially Exited,Current Cost
Ab80ef5,A7d02b3,Project Twenty-Four,2025-03-31,Partially Exited,Current Cost
Ab80ef5,A7d02b3,Project Vision,2025-03-31,Partially Exited,Current Cost
Ab80ef5,A7d02b3,Project Voyage,2025-03-31,Partially Exited,Current Cost
Ab80ef5,A7d02b3,Roark Capital Partners VI LP,2025-03-31,,"Capital Invested, Current Cost, Unrealized Value, Deal Status"
Ab80ef5,A7d02b3,"TPG Growth V, L.P.",2025-03-31,Partially Exited,Current Cost
Ab80ef5,A7d02b3,"The Veritas Capital Fund VII, L.P.",2025-03-31,Current,"Capital Invested, Current Cost"
Ab80ef5,A7d02b3,"The Veritas Capital Fund VIII, L.P.",2025-03-31,,"Capital Invested, Current Cost, Unrealized Value, Deal Status"
Ab80ef5,A7d02b3,"Thomas H. Lee Equity Fund IX, L.P.",2025-03-31,Current,"Capital Invested, Current Cost"
Ab80ef5,A7d02b3,"Tiger Global Private Investment Partners XV, L.P.",2025-03-31,Current,"Capital Invested, Current Cost"
Ab80ef5,A7d02b3,"Trident IX, L.P.",2025-03-31,Partially Exited,Current Cost
Ab80ef5,A7d02b3,"Trident VIII, L.P.",2025-03-31,Partially Exited,Current Cost
Ab80ef5,A7d02b3,Undisclosed Investments,2025-03-31,Partially Exited,Current Cost
Ab80ef5,A7d02b3,"WCAS XIV, L.P.",2025-03-31,Current,"Capital Invested, Current Cost"
Ac472e1,A7d02b3,Altor Fund VI (No. 2) AB,2025-03-31,,"Capital Invested, Current Cost, Unrealized Value, Deal Status"
Ac472e1,A7d02b3,Apax XI USD L.P.,2025-03-31,,"Capital Invested, Current Cost, Unrealized Value, Deal Status"
Ac472e1,A7d02b3,"Apollo Investment Fund X, L.P.",2025-03-31,Current,"Capital Invested, Current Cost"
Ac472e1,A7d02b3,"BPEA Private Equity Fund IX (No.2), SCSp",2025-03-31,,"Capital Invested, Current Cost, Unrealized Value, Deal Status"
Ac472e1,A7d02b3,"Carlyle Asia Partners VI, L.P.",2025-03-31,Written Off,Capital Invested
Ac472e1,A7d02b3,"Centerbridge Capital Partners V, L.P.",2025-03-31,Current,"Capital Invested, Current Cost"
Ac472e1,A7d02b3,EMK Capital Partners III LP,2025-03-31,Current,"Capital Invested, Current Cost"
Ac472e1,A7d02b3,InvestIndustrial VIII SCSp,2025-03-31,Current,"Capital Invested, Current Cost"
Ac472e1,A7d02b3,"K6 Private Investors, L.P.",2025-03-31,Written Off,Capital Invested
Ac472e1,A7d02b3,"KPS Special Situations Fund VI, LP",2025-03-31,Current,"Capital Invested, Current Cost"
Ac472e1,A7d02b3,Norvestor IX SCSp,2025-03-31,Current,"Capital Invested, Current Cost"
Ac472e1,A7d02b3,"Oak Hill Capital Partners VI, L.P.",2025-03-31,Partially Exited,Current Cost
Ac472e1,A7d02b3,PAG Asia IV LP,2025-03-31,,"Capital Invested, Current Cost, Unrealized Value, Deal Status"
Ac472e1,A7d02b3,"PSG VI, L.P.",2025-03-31,,"Capital Invested, Current Cost, Unrealized Value, Deal Status"
Ac472e1,A7d02b3,"Platinum Equity Capital Partners VI, L.P.",2025-03-31,Current,"Capital Invested, Current Cost"
Ac472e1,A7d02b3,Project Barley,2025-03-31,Partially Exited,Current Cost
Ac472e1,A7d02b3,Project Clementine,2025-03-31,Partially Exited,Current Cost
Ac472e1,A7d02b3,Project Fairy,2025-03-31,Partially Exited,Current Cost
Ac472e1,A7d02b3,Project Gondor,2025-03-31,Partially Exited,Current Cost
Ac472e1,A7d02b3,Project Graduate,2025-03-31,Partially Exited,Current Cost
Ac472e1,A7d02b3,Project Jade,2025-03-31,Partially Exited,Current Cost
Ac472e1,A7d02b3,Project Jumpman,2025-03-31,Partially Exited,Current Cost
Ac472e1,A7d02b3,Project Loch,2025-03-31,Partially Exited,Current Cost
Ac472e1,A7d02b3,Project Macedonia,2025-03-31,Partially Exited,Current Cost
Ac472e1,A7d02b3,Project Nancy,2025-03-31,Partially Exited,Current Cost
Ac472e1,A7d02b3,Project Perth,2025-03-31,Partially Exited,Current Cost
Ac472e1,A7d02b3,Project Raindrop,2025-03-31,Partially Exited,Current Cost
Ac472e1,A7d02b3,Project Rooster,2025-03-31,Partially Exited,Current Cost
Ac472e1,A7d02b3,Project Spear,2025-03-31,Partially Exited,Current Cost
Ac472e1,A7d02b3,Project Twenty-Four,2025-03-31,Partially Exited,Current Cost
Ac472e1,A7d02b3,Project Vision,2025-03-31,Partially Exited,Current Cost
Ac472e1,A7d02b3,Project Waltz,2025-03-31,Partially Exited,Current Cost
Ac472e1,A7d02b3,Project Wings,2025-03-31,Partially Exited,Current Cost
Ac472e1,A7d02b3,"TPG Partners IX, L.P.",2025-03-31,Partially Exited,Current Cost
Ac472e1,A7d02b3,The Triton Fund VI,2025-03-31,,"Capital Invested, Current Cost, Unrealized Value, Deal Status"
Ac472e1,A7d02b3,"TowerBrook Investors VI (Onshore), L.P.",2025-03-31,Partially Exited,Current Cost
Ac472e1,A7d02b3,Trident X US Fund L.P.,2025-03-31,,"Capital Invested, Current Cost, Unrealized Value, Deal Status"
Ac472e1,A7d02b3,Undisclosed Investments,2025-03-31,Partially Exited,Current Cost
Aa12a53,A8bd477,Driven Brands Holdings Inc.,2025-03-31,Current,Capital Invested
A947e8c,A97e2ad,Dunbar Setanta GP LLC,2025-03-31,Partially Exited,Current Cost
Acac167,A97e2ad,"EMP Belstar Superfreeze Group Holdings, LLC",2025-03-31,,Deal Status
A9ffbf3,Ad7e703,American Secure Living Inc.; aka Longmark,2025-03-31,Current,Capital Invested
A9ffbf3,Ad7e703,"Bloom Studios, Inc.; aka Indigo",2025-03-31,Current,Capital Invested
A9ffbf3,Ad7e703,"Homeward, Inc.",2025-03-31,Current,Capital Invested
A9ffbf3,Ad7e703,"Honey Homes, Inc.",2025-03-31,Current,Capital Invested
A9ffbf3,Ad7e703,Latii Inc.,2025-03-31,Current,Capital Invested
A9ffbf3,Ad7e703,Mainstay Labs Inc. aka Open Exchange Labs Inc.,2025-03-31,Current,Capital Invested
A9ffbf3,Ad7e703,Ostrich X Ltd,2025-03-31,Current,Capital Invested
A9ffbf3,Ad7e703,"PassiveLogic, Inc.",2025-03-31,Current,Capital Invested
A9ffbf3,Ad7e703,"Shepherd Labs, Inc.",2025-03-31,Current,Capital Invested
A9ffbf3,Ad7e703,"Suffolk Technology Boost, LLC",2025-03-31,Current,Capital Invested
A9ffbf3,Ad7e703,"TKTK Media, Inc.",2025-03-31,Current,Capital Invested
A9ffbf3,Ad7e703,"TrueList, Inc.",2025-03-31,Current,Capital Invested
A9ffbf3,Ad7e703,ViaBot Inc.,2025-03-31,Current,Capital Invested
A9ffbf3,Ad7e703,Welcome Building Corporation,2025-03-31,Current,Capital Invested
Adf56a5,A6299d5,"EIP Consolidated, LLC",2025-03-31,,"Capital Invested, Current Cost, Unrealized Value, Deal Status"
A29c2b9,Aed3782,AB Centers Acquisition Corporation,2025-03-31,Current,"Capital Invested, Current Cost"
A29c2b9,Aed3782,"ACP Avenu Buyer, LLC",2025-03-31,Current,"Capital Invested, Current Cost"
A29c2b9,Aed3782,Alegeus Technologies Holdings Corp,2025-03-31,Current,"Capital Invested, Current Cost"
A29c2b9,Aed3782,Australia - Application Software,2025-03-31,Current,"Capital Invested, Current Cost"
A29c2b9,Aed3782,"BeBright MSO, LLC",2025-03-31,Current,"Capital Invested, Current Cost"
A29c2b9,Aed3782,"Benefit Plan Administrators Of Eau Claire, LLC",2025-03-31,Current,"Capital Invested, Current Cost"
A29c2b9,Aed3782,"Cytracom, LLC",2025-03-31,Current,"Capital Invested, Current Cost"
A29c2b9,Aed3782,Endurance PT Technology Buyer Corporation,2025-03-31,Current,"Capital Invested, Current Cost"
A29c2b9,Aed3782,Harmony Hit US Holdings Inc,2025-03-31,Current,"Capital Invested, Current Cost"
A29c2b9,Aed3782,Identiti Resources LLC,2025-03-31,Current,"Capital Invested, Current Cost"
A29c2b9,Aed3782,"Infusion Services Management, LLC",2025-03-31,Current,"Capital Invested, Current Cost"
A29c2b9,Aed3782,"LACO Industries, LLC",2025-03-31,Current,"Capital Invested, Current Cost"
A29c2b9,Aed3782,Mustang Prospects Purchaser LLC,2025-03-31,Current,"Capital Invested, Current Cost"
A29c2b9,Aed3782,"National Power, LLC",2025-03-31,Current,"Capital Invested, Current Cost"
A29c2b9,Aed3782,"PLA Buyer, LLC",2025-03-31,Current,"Capital Invested, Current Cost"
A29c2b9,Aed3782,"Perimeter Solutions Group, LLC",2025-03-31,Current,"Capital Invested, Current Cost"
A29c2b9,Aed3782,"Principal Lighting Group Holdings, LLC",2025-03-31,Current,"Capital Invested, Current Cost"
A29c2b9,Aed3782,"Quick Roofing Acquisition, LLC",2025-03-31,Current,"Capital Invested, Current Cost"
A29c2b9,Aed3782,RPX Corporation,2025-03-31,Current,"Capital Invested, Current Cost"
A29c2b9,Aed3782,Roofing Services Solutions LLC,2025-03-31,Current,"Capital Invested, Current Cost"
A29c2b9,Aed3782,"Routeware, Inc",2025-03-31,Current,"Capital Invested, Current Cost"
A29c2b9,Aed3782,"RxStrategies, Inc.",2025-03-31,Current,"Capital Invested, Current Cost"
A29c2b9,Aed3782,"SCP WQS Buyer, LLC",2025-03-31,Current,"Capital Invested, Current Cost"
A29c2b9,Aed3782,"Sabrosura Foods, LLC",2025-03-31,Current,"Capital Invested, Current Cost"
A29c2b9,Aed3782,"The Smilist DSO, LLC",2025-03-31,Current,"Capital Invested, Current Cost"
A29c2b9,Aed3782,United States - Advertising,2025-03-31,Current,"Capital Invested, Current Cost"
A29c2b9,Aed3782,United States - Aerospace & Defense,2025-03-31,Current,"Capital Invested, Current Cost"
A29c2b9,Aed3782,United States - Air Freight & Logistics,2025-03-31,Current,"Capital Invested, Current Cost"
A29c2b9,Aed3782,United States - Application Software,2025-03-31,Current,"Capital Invested, Current Cost"
A29c2b9,Aed3782,United States - Commodity Chemicals,2025-03-31,Current,"Capital Invested, Current Cost"
A29c2b9,Aed3782,United States - Data Processing & Outsourced Services,2025-03-31,Current,"Capital Invested, Current Cost"
A29c2b9,Aed3782,United States - Diversified Financial Services,2025-03-31,Current,"Capital Invested, Current Cost"
A29c2b9,Aed3782,United States - Diversified Support Services,2025-03-31,Current,"Capital Invested, Current Cost"
A29c2b9,Aed3782,United States - Electronic Components,2025-03-31,Current,"Capital Invested, Current Cost"
A29c2b9,Aed3782,United States - Environmental & Facilities Services,2025-03-31,Current,"Capital Invested, Current Cost"
A29c2b9,Aed3782,United States - Health Care Services,2025-03-31,Current,"Capital Invested, Current Cost"
A29c2b9,Aed3782,United States - Health Care Supplies,2025-03-31,Current,"Capital Invested, Current Cost"
A29c2b9,Aed3782,United States - Health Care Technology,2025-03-31,Current,"Capital Invested, Current Cost"
A29c2b9,Aed3782,United States - Industrial Machinery & Supplies & Components,2025-03-31,Current,"Capital Invested, Current Cost"
A29c2b9,Aed3782,United States - Mutual funds,2025-03-31,Current,"Capital Invested, Current Cost"
A29c2b9,Aed3782,United States - Office Services & Supplies & Package Foods,2025-03-31,Current,"Capital Invested, Current Cost"
A29c2b9,Aed3782,United States - Packaged Foods & Meats,2025-03-31,Current,"Capital Invested, Current Cost"
A29c2b9,Aed3782,United States - Research & Consulting Services,2025-03-31,Current,"Capital Invested, Current Cost"
A29c2b9,Aed3782,United States - Soft Drinks & Non-alcoholic Beverages & Specialized Consumer Services,2025-03-31,Current,"Capital Invested, Current Cost"
A29c2b9,Aed3782,United States - Specialized Consumer Services,2025-03-31,Current,"Capital Invested, Current Cost"
A29c2b9,Aed3782,United States - Trading Companies & Distributors,2025-03-31,Current,"Capital Invested, Current Cost"
A29c2b9,Aed3782,"WCI-BXC Purchaser, LLC",2025-03-31,Current,"Capital Invested, Current Cost"
Af017ce,3.95E+42,Asset Backed Securities,2025-03-31,Partially Exited,Current Cost
Af017ce,3.95E+42,Commercial Real Estate Debt & Equity Securities,2025-03-31,Partially Exited,Current Cost
Af017ce,3.95E+42,Consumer Loan and Small Business Loan Portfolio,2025-03-31,Partially Exited,Current Cost
Af017ce,3.95E+42,Corporate Debt & Securities,2025-03-31,Partially Exited,Current Cost
Af017ce,3.95E+42,Corporate Loan Originations,2025-03-31,Partially Exited,Current Cost
Af017ce,3.95E+42,Diversified Credit,2025-03-31,Partially Exited,Current Cost
Af017ce,3.95E+42,Legal Assets,2025-03-31,Partially Exited,Current Cost
Af017ce,3.95E+42,Preferred & Common Equity Corporate Securities,2025-03-31,Partially Exited,Current Cost
Af017ce,3.95E+42,Residential,2025-03-31,Partially Exited,Current Cost
Af017ce,3.95E+42,Transportation and Infrastructure Assets,2025-03-31,Partially Exited,Current Cost
A6d0e2b,3.95E+42,Asset Backed Securities,2025-03-31,Partially Exited,Current Cost
A6d0e2b,3.95E+42,Commercial Real Estate Debt & Equity Securities,2025-03-31,Partially Exited,Current Cost
A6d0e2b,3.95E+42,Consumer Loan and Small Business Loan Portfolio,2025-03-31,Partially Exited,Current Cost
A6d0e2b,3.95E+42,Corporate Debt & Securities,2025-03-31,Partially Exited,Current Cost
A6d0e2b,3.95E+42,Corporate Loan Originations,2025-03-31,Partially Exited,Current Cost
A6d0e2b,3.95E+42,Diversified Credit,2025-03-31,Partially Exited,Current Cost
A6d0e2b,3.95E+42,Legal Assets,2025-03-31,Partially Exited,Current Cost
A6d0e2b,3.95E+42,Preferred & Common Equity Corporate Securities,2025-03-31,Partially Exited,Current Cost
A6d0e2b,3.95E+42,Residential,2025-03-31,Partially Exited,Current Cost
A6d0e2b,3.95E+42,Transportation and Infrastructure Assets,2025-03-31,Partially Exited,Current Cost
A21e474,3.95E+42,Asset Backed Securities,2025-03-31,Partially Exited,Current Cost
A21e474,3.95E+42,Commercial Real Estate Debt & Equity Securities,2025-03-31,Partially Exited,Current Cost
A21e474,3.95E+42,Consumer Loan and Small Business Loan Portfolio,2025-03-31,Partially Exited,Current Cost
A21e474,3.95E+42,Corporate Debt & Securities,2025-03-31,Partially Exited,Current Cost
A21e474,3.95E+42,Corporate Loan Originations,2025-03-31,Partially Exited,Current Cost
A21e474,3.95E+42,Diversified Credit,2025-03-31,Partially Exited,Current Cost
A21e474,3.95E+42,European NPL Portfolio,2025-03-31,Partially Exited,Current Cost
A21e474,3.95E+42,Legal Assets,2025-03-31,Partially Exited,Current Cost
A21e474,3.95E+42,Preferred & Common Equity Corporate Securities,2025-03-31,Partially Exited,Current Cost
A21e474,3.95E+42,Residential,2025-03-31,Partially Exited,Current Cost
A21e474,3.95E+42,Transportation Assets,2025-03-31,Partially Exited,Current Cost
A82f5de,3.95E+42,Commercial Real Estate Debt & Equity Securities,2025-03-31,Partially Exited,Current Cost
A82f5de,3.95E+42,Consumer Loan and Small Business Loan Portfolio,2025-03-31,Partially Exited,Current Cost
A82f5de,3.95E+42,Diversified Credit,2025-03-31,Partially Exited,Current Cost
A82f5de,3.95E+42,Legal Assets,2025-03-31,Partially Exited,Current Cost
A82f5de,3.95E+42,Preferred & Common Equity Corporate Securities,2025-03-31,Partially Exited,Current Cost
A82f5de,3.95E+42,Transportation and Infrastructure Assets,2025-03-31,Partially Exited,Current Cost
A3bbfd6,3.95E+42,Aymium,2025-03-31,Partially Exited,Current Cost
A3bbfd6,3.95E+42,Nanosys,2025-03-31,Partially Exited,Current Cost
A3bbfd6,3.95E+42,Pivotal Commware,2025-03-31,Partially Exited,Current Cost
A3bbfd6,3.95E+42,Radian,2025-03-31,Partially Exited,Current Cost
Adfb13d,3.95E+42,Flagler,2025-03-31,Current,Capital Invested
Adfb13d,3.95E+42,Intrawest,2025-03-31,Current,Capital Invested
A0841e0,3.95E+42,Flagler,2025-03-31,Current,Capital Invested
A0841e0,3.95E+42,Intrawest Cayman L.P.,2025-03-31,Current,Capital Invested
A7199bc,A96d1b3,Oil & Gas Properties,2025-03-31,Current,"Capital Invested, Current Cost"
A3c99e8,A9fbabf,"Accident Care Alliance (FKA Pro Care, LLC)",2025-03-31,Current,Capital Invested
A3c99e8,A9fbabf,Afterburn Holdings,2025-03-31,,"Capital Invested, Current Cost, Unrealized Value, Deal Status"
A3c99e8,A9fbabf,Authentic Restaurant Brands,2025-03-31,Current,Capital Invested
A3c99e8,A9fbabf,Bechtun Credit Partners (Franchise Group),2025-03-31,Current,Capital Invested
A3c99e8,A9fbabf,Fat Tuesday,2025-03-31,,"Capital Invested, Current Cost, Unrealized Value, Deal Status"
A3c99e8,A9fbabf,Firebirds Wood Fired Grill,2025-03-31,Current,Capital Invested
A3c99e8,A9fbabf,FirstRidge Service Partners,2025-03-31,Current,Capital Invested
A3c99e8,A9fbabf,Flagstop Carwash,2025-03-31,,"Capital Invested, Current Cost, Unrealized Value, Deal Status"
A3c99e8,A9fbabf,GoodTurn Tire & Auto (FKA Apex Automotive),2025-03-31,Current,Capital Invested
A3c99e8,A9fbabf,Kona Ice,2025-03-31,Current,Capital Invested
A3c99e8,A9fbabf,Mountainside Fitness,2025-03-31,Current,Capital Invested
A3c99e8,A9fbabf,Prime Vacations,2025-03-31,Current,Capital Invested
A3c99e8,A9fbabf,Redwood Environmental,2025-03-31,Current,Capital Invested
A3c99e8,A9fbabf,WOW Carwash,2025-03-31,,"Capital Invested, Current Cost, Unrealized Value, Deal Status"
A3c99e8,A9fbabf,Woof Gang Bakery and Grooming,2025-03-31,,"Capital Invested, Current Cost, Unrealized Value, Deal Status"
A162a33,A9fbabf,Grizzly MEP,2025-03-31,,"Capital Invested, Current Cost, Unrealized Value, Deal Status"
A162a33,A9fbabf,Honey Baked Ham,2025-03-31,,"Capital Invested, Current Cost, Unrealized Value, Deal Status"
A162a33,A9fbabf,Sarku,2025-03-31,,"Capital Invested, Current Cost, Unrealized Value, Deal Status"
A162a33,A9fbabf,Skybound Services Partners,2025-03-31,,"Capital Invested, Current Cost, Unrealized Value, Deal Status"
A87a21d,A9fbabf,Ampler Restaurant Group,2025-03-31,Current,Capital Invested
A87a21d,A9fbabf,CEC Entertainment,2025-03-31,,"Capital Invested, Current Cost, Unrealized Value, Deal Status"
A87a21d,A9fbabf,"Checkers Holdings, Inc.",2025-03-31,Current,Capital Invested
A87a21d,A9fbabf,Cooper's Hawk Intermediate Holding LLC,2025-03-31,Current,Capital Invested
A87a21d,A9fbabf,"Fogo de Chao (BCPE Grill Parent, Inc.)",2025-03-31,Current,Capital Invested
A87a21d,A9fbabf,"LaserAway Intermediate Holdings II, LLC",2025-03-31,Current,Capital Invested
A87a21d,A9fbabf,OYO Hotels (Oravel Stays),2025-03-31,Current,Capital Invested
A87a21d,A9fbabf,PF Chang (Wok Holdings Inc.),2025-03-31,Current,Capital Invested
A87a21d,A9fbabf,Pathway Vet Alliance LLC,2025-03-31,,"Capital Invested, Current Cost, Unrealized Value, Deal Status"
A87a21d,A9fbabf,Pizza Express (Wheel Bidco Ltd.),2025-03-31,Current,Capital Invested
A87a21d,A9fbabf,TruGreen Limited Partnership,2025-03-31,Current,Capital Invested
A9e2889,A3e342a,"BigCommerce Holdings, Inc. (NASDAQ: BIGC)",2025-03-31,Current,Capital Invested
A9e2889,A3e342a,"Corvia Medical, Inc.",2025-03-31,,"Capital Invested, Deal Status"
A9e2889,A3e342a,"Evolv Technologies Holdings, Inc. (NASDAQ: EVLV)",2025-03-31,Current,Capital Invested
A9e2889,A3e342a,"Fractyl Health, Inc.",2025-03-31,,"Capital Invested, Current Cost, Unrealized Value, Deal Status"
A9e2889,A3e342a,"GC Innovation, LLC",2025-03-31,,"Capital Invested, Current Cost, Unrealized Value, Deal Status"
A9e2889,A3e342a,"Stripe, Inc.",2025-03-31,Current,Capital Invested
A583186,A3e342a,"Corvia Medical, Inc.",2025-03-31,,"Capital Invested, Deal Status"
A583186,A3e342a,"Evolv Technologies Holdings, Inc. (NASDAQ: EVLV)",2025-03-31,Current,Capital Invested
A583186,A3e342a,"Fractyl Health, Inc.",2025-03-31,Current,Capital Invested
A583186,A3e342a,"GC Innovation, LLC",2025-03-31,Current,Capital Invested
A583186,A3e342a,GoodData Corporation,2025-03-31,Current,Capital Invested
A583186,A3e342a,"Level Equity Professionals, L.P",2025-03-31,Current,Capital Invested
A583186,A3e342a,"NatureBox, Inc.",2025-03-31,,"Capital Invested, Deal Status"
A583186,A3e342a,"ReInvent Commerce Holdings, LLC (AKA: LAUNCH)",2025-03-31,Current,Capital Invested
A583186,A3e342a,"Stripe, Inc.",2025-03-31,Current,Capital Invested
A583186,A3e342a,"SunBorne Energy Holdings, LLC",2025-03-31,,"Capital Invested, Deal Status"
A583186,A3e342a,"Thrive Capital Partners II, L.P.",2025-03-31,Current,Capital Invested
A583186,A3e342a,"Thrive Capital Partners, LLC",2025-03-31,Current,Capital Invested
A7ead5b,A65900b,Advarra,2025-03-31,Current,Capital Invested
A7ead5b,A65900b,"Amwins Group, Inc.",2025-03-31,Current,Capital Invested
A7ead5b,A65900b,Association Member Benefits Advisors,2025-03-31,Current,Capital Invested
A7ead5b,A65900b,Clarience Technologies LLC,2025-03-31,Current,Capital Invested
A7ead5b,A65900b,Cyncly,2025-03-31,Current,Capital Invested
A7ead5b,A65900b,MASA Global,2025-03-31,Current,Capital Invested
A7ead5b,A65900b,Marcone,2025-03-31,Current,Capital Invested
A7ead5b,A65900b,Mercer,2025-03-31,Current,Capital Invested
A7ead5b,A65900b,OEConnection LLC,2025-03-31,Current,Capital Invested
A7ead5b,A65900b,Obsidian Insurance Holdings,2025-03-31,Current,Capital Invested
A7ead5b,A65900b,Orion Advisor Solutions,2025-03-31,Current,Capital Invested
A7ead5b,A65900b,Prometheus,2025-03-31,Current,Capital Invested
A7ead5b,A65900b,Sonny's Enterprises,2025-03-31,Current,Capital Invested
A7ead5b,A65900b,Vector,2025-03-31,Current,Capital Invested
A7ead5b,A65900b,insightsoftware,2025-03-31,Current,Capital Invested
A1c6bfc,A65900b,Accruent,2025-03-31,,"Capital Invested, Deal Status"
A1c6bfc,A65900b,Alera,2025-03-31,,"Capital Invested, Deal Status"
A1c6bfc,A65900b,Ascensus,2025-03-31,Current,Capital Invested
A1c6bfc,A65900b,Association Member Benefits Advisors,2025-03-31,,"Capital Invested, Deal Status"
A1c6bfc,A65900b,Cetera,2025-03-31,,"Capital Invested, Deal Status"
A1c6bfc,A65900b,Community Brands,2025-03-31,Current,Capital Invested
A1c6bfc,A65900b,"ConnectiveRx (fka ""PSK-PDR"")",2025-03-31,Current,Capital Invested
A1c6bfc,A65900b,"Enverus (fka ""Drillinginfo"")",2025-03-31,Current,Capital Invested
A1c6bfc,A65900b,"Infinite Electronics, Inc.",2025-03-31,,"Capital Invested, Deal Status"
A1c6bfc,A65900b,Power Products,2025-03-31,,"Capital Invested, Deal Status"
A1c6bfc,A65900b,"Signant Health (fka ""CRF Bracket"")",2025-03-31,Current,Capital Invested
A1c6bfc,A65900b,Sphera Solutions,2025-03-31,,"Capital Invested, Deal Status"
A1c6bfc,A65900b,Stack Sports,2025-03-31,Current,Capital Invested
Afb9c3e,A65900b,ISS,2025-03-31,,"Capital Invested, Deal Status"
A2257c0,A65900b,"AffiniPay, LLC",2025-03-31,Current,Capital Invested
A2257c0,A65900b,"Amwins Group, Inc.",2025-03-31,Current,Capital Invested
A2257c0,A65900b,"Aperture Companies, LLC",2025-03-31,Current,Capital Invested
A2257c0,A65900b,Cetera,2025-03-31,Current,Capital Invested
A2257c0,A65900b,"Docupace Technologies, LLC",2025-03-31,Current,Capital Invested
A2257c0,A65900b,"Flourish Research Holdings, LLC",2025-03-31,Current,Capital Invested
A2257c0,A65900b,Playmetrics,2025-03-31,Current,Capital Invested
Abbf14a,A69ce65,Gatekeeper,2025-03-31,,"Capital Invested, Current Cost, Unrealized Value, Deal Status"
Abd887e,A69ce65,Bite,2025-03-31,Current,Capital Invested
Abd887e,A69ce65,KCF,2025-03-31,Current,Capital Invested
Abd887e,A69ce65,Kinova,2025-03-31,Current,Capital Invested
Abd887e,A69ce65,Novarc,2025-03-31,Current,Capital Invested
Abd887e,A69ce65,Signifi,2025-03-31,Current,Capital Invested
Abd887e,A69ce65,Surgere,2025-03-31,Current,Capital Invested
Aaab069,A69ce65,ABX,2025-03-31,,"Capital Invested, Deal Status"
Aaab069,A69ce65,EasyPak (G-Pak Holdings),2025-03-31,Current,Capital Invested
Ad2d94c,A69ce65,ABX,2025-03-31,Current,Capital Invested
Ad2d94c,A69ce65,BrightSign,2025-03-31,Current,Capital Invested
Ad2d94c,A69ce65,Gatekeeper,2025-03-31,,"Capital Invested, Current Cost, Unrealized Value, Deal Status"
Ad2d94c,A69ce65,Myers Emergency Power Systems,2025-03-31,Current,Capital Invested
Ad2d94c,A69ce65,Rhythmlink,2025-03-31,Current,Capital Invested
Ad2d94c,A69ce65,Taoglas,2025-03-31,Current,Capital Invested
Ad2d94c,A69ce65,VPET,2025-03-31,Current,Capital Invested
Ad2d94c,A69ce65,Velosity,2025-03-31,Current,Capital Invested
Ad2d94c,A69ce65,Woodland Gourmet(fka Woodland Foods),2025-03-31,Current,Capital Invested
A7eee3e,A69ce65,Becklar,2025-03-31,Current,Capital Invested
A7eee3e,A69ce65,Commercial Bakeries,2025-03-31,Current,Capital Invested
A7eee3e,A69ce65,DecisionPoint Technologies (fka Barcoding),2025-03-31,Current,Capital Invested
A7eee3e,A69ce65,E Tech Group,2025-03-31,Current,Capital Invested
A7eee3e,A69ce65,Gatekeeper,2025-03-31,Current,Capital Invested
A7eee3e,A69ce65,Tulkoff,2025-03-31,Current,Capital Invested
Acc6f90,Ad137c9,"HEI Hospitality Fund Holdings III, L.P.",2025-03-31,,"Capital Invested, Deal Status"
A07e679,A2d789a,Zhen Fund,2025-03-31,,Deal Status
A828a39,A7b259c,"HSE ETEM Holdco, LLC",2025-03-31,Current,Capital Invested
A828a39,A7b259c,"HSE Flatiron Holdco, LLC",2025-03-31,Current,Capital Invested
A828a39,A7b259c,"HSE Greenskies Holdco Holdings, LLC",2025-03-31,Current,Capital Invested
A828a39,A7b259c,"HSE TruGrid Holdco, LLC",2025-03-31,Current,Capital Invested
A828a39,A7b259c,"HSE Upstream Holdco, LLC",2025-03-31,Current,Capital Invested
A828a39,A7b259c,"MPH Mesquite Holdco, LLC",2025-03-31,Current,Capital Invested
A828a39,A7b259c,"MPH Oxnard Holdco, LLC",2025-03-31,Current,Capital Invested
A828a39,A7b259c,"MPH Sunrise Holdco, LLC",2025-03-31,Current,Capital Invested
Adbd48d,A01041e,"Chime Financial, Inc. (f/k/a 1debit, Inc.)",2025-03-31,Current,Capital Invested
Adbd48d,A01041e,Collibra BV,2025-03-31,Current,Capital Invested
Adbd48d,A01041e,"Datadog, Inc.",2025-03-31,Current,Capital Invested
Adbd48d,A01041e,"Dataiku, Inc.",2025-03-31,Current,Capital Invested
Adbd48d,A01041e,"Dialpad, Inc.",2025-03-31,Current,Capital Invested
Adbd48d,A01041e,GitLab Inc.,2025-03-31,Current,Capital Invested
Adbd48d,A01041e,Houzz Inc.,2025-03-31,Current,Capital Invested
Adbd48d,A01041e,Lucid Software Inc.,2025-03-31,Current,Capital Invested
Adbd48d,A01041e,"Procore Technologies, Inc.",2025-03-31,Current,Capital Invested
Adbd48d,A01041e,"Red Ventures Holdco, LP",2025-03-31,Current,Capital Invested
Adbd48d,A01041e,"ServiceTitan, Inc.",2025-03-31,Current,Capital Invested
Adbd48d,A01041e,Virtru Corporation,2025-03-31,Current,Capital Invested
A751851,A8e74aa,2DuNet.com,2025-03-31,Written Off,Capital Invested
A751851,A8e74aa,"9Diamond Co., Ltd.",2025-03-31,Written Off,Capital Invested
A751851,A8e74aa,"AllTech International Group, Inc.",2025-03-31,Written Off,Capital Invested
A751851,A8e74aa,"Apollomics, Inc.",2025-03-31,Fully Exited,Capital Invested
A751851,A8e74aa,Avvo Inc.,2025-03-31,Fully Exited,Capital Invested
A751851,A8e74aa,Azaleos Corporation,2025-03-31,Fully Exited,Capital Invested
A751851,A8e74aa,Besunyen Holdings Company Limited,2025-03-31,Fully Exited,Capital Invested
A751851,A8e74aa,Blowtorch Entertainment Corporation,2025-03-31,Written Off,Capital Invested
A751851,A8e74aa,Captiv8 Information and Technology Holdings Co.,2025-03-31,Written Off,Capital Invested
A751851,A8e74aa,Chinacache International Holdings Ltd. (NASDAQ: CCIH),2025-03-31,Fully Exited,Capital Invested
A751851,A8e74aa,ClearCycle Corp,2025-03-31,Fully Exited,Capital Invested
A751851,A8e74aa,Crown Bioscience International,2025-03-31,Fully Exited,Capital Invested
A751851,A8e74aa,"Datasphere Technologies, Inc.",2025-03-31,Fully Exited,Capital Invested
A751851,A8e74aa,Diamonds.com Holdings Inc.,2025-03-31,Fully Exited,Capital Invested
A751851,A8e74aa,Dining Secretary China Limited,2025-03-31,Fully Exited,Capital Invested
A751851,A8e74aa,"EMC Acquisition, Inc.",2025-03-31,Fully Exited,Capital Invested
A751851,A8e74aa,Earth Class Mail,2025-03-31,Fully Exited,Capital Invested
A751851,A8e74aa,"Ether Precision, Inc.",2025-03-31,Written Off,Capital Invested
A751851,A8e74aa,Fangtek Ltd.,2025-03-31,Fully Exited,Capital Invested
A751851,A8e74aa,GammaStar Medical Group Ltd.,2025-03-31,Fully Exited,Capital Invested
A751851,A8e74aa,Hyperquality Inc.,2025-03-31,Fully Exited,Capital Invested
A751851,A8e74aa,ICE Entertainment Limited,2025-03-31,Fully Exited,Capital Invested
A751851,A8e74aa,ICE.com,2025-03-31,Fully Exited,Capital Invested
A751851,A8e74aa,"Intellisist, Inc. (FKA GotVoice)",2025-03-31,Fully Exited,Capital Invested
A751851,A8e74aa,Jiayuan.com,2025-03-31,Fully Exited,Capital Invested
A751851,A8e74aa,"Juren Holdings, Inc.",2025-03-31,Fully Exited,Capital Invested
A751851,A8e74aa,KUE Digital International LLC (IDLI),2025-03-31,Fully Exited,Capital Invested
A751851,A8e74aa,"La La Media, Inc.",2025-03-31,Fully Exited,Capital Invested
A751851,A8e74aa,Liberty Dialysis Inc.,2025-03-31,Fully Exited,Capital Invested
A751851,A8e74aa,MainOne Inc.,2025-03-31,Fully Exited,Capital Invested
A751851,A8e74aa,"Nurien Soft, Ltd.",2025-03-31,Fully Exited,Capital Invested
A751851,A8e74aa,"PPStream, Inc.",2025-03-31,Fully Exited,Capital Invested
A751851,A8e74aa,PaxVax,2025-03-31,Fully Exited,Capital Invested
A751851,A8e74aa,Previser Inc.,2025-03-31,Fully Exited,Capital Invested
A751851,A8e74aa,QM21 (China Pharmaceutical Distribution Holding Co.,2025-03-31,Fully Exited,Capital Invested
A751851,A8e74aa,QM8 Limited (Hangzhou TigerMed Consulting Co. Ltd),2025-03-31,Fully Exited,Capital Invested
A751851,A8e74aa,Qiming Biopharma GreatSky (Q),2025-03-31,Fully Exited,Capital Invested
A751851,A8e74aa,"Rim Tec, Inc.",2025-03-31,Fully Exited,Capital Invested
A751851,A8e74aa,"Scout Analytics, Inc.",2025-03-31,Fully Exited,Capital Invested
A751851,A8e74aa,"SeaMobile, Inc.",2025-03-31,Fully Exited,Capital Invested
A751851,A8e74aa,"Seven Networks, Inc.",2025-03-31,Fully Exited,Capital Invested
A751851,A8e74aa,"Skytap, Inc.",2025-03-31,Partially Exited,"Capital Invested, Current Cost"
A751851,A8e74aa,"Sotto Wireless, Inc.",2025-03-31,Written Off,Capital Invested
A751851,A8e74aa,"Splunk, Inc.",2025-03-31,Fully Exited,Capital Invested
A751851,A8e74aa,Touch Media International Holdings,2025-03-31,Fully Exited,Capital Invested
A751851,A8e74aa,Twisted Pair Solutions,2025-03-31,Fully Exited,Capital Invested
A751851,A8e74aa,"Verity Solutions Group, Inc.",2025-03-31,Fully Exited,Capital Invested
A751851,A8e74aa,"XenSource, Inc.",2025-03-31,Fully Exited,Capital Invested
A751851,A8e74aa,"Yeelion, Inc.",2025-03-31,Fully Exited,Capital Invested
A751851,A8e74aa,nWay Inc.,2025-03-31,Written Off,Capital Invested
A41fefa,A8d1733,"10Beauty, Inc.",2025-03-31,Current,Capital Invested
A41fefa,A8d1733,Ami Cole Inc.,2025-03-31,Current,Capital Invested
A41fefa,A8d1733,Brady Brand,2025-03-31,,"Capital Invested, Current Cost, Unrealized Value, Deal Status"
A41fefa,A8d1733,Bread Beauty Inc.,2025-03-31,,"Capital Invested, Deal Status"
A41fefa,A8d1733,"Builder.io, Inc.",2025-03-31,Current,Capital Invested
A41fefa,A8d1733,"DUOS Living, Inc.",2025-03-31,Current,Capital Invested
A41fefa,A8d1733,Eon Group Holdings Inc.,2025-03-31,Current,Capital Invested
A41fefa,A8d1733,Foxtrot,2025-03-31,,"Capital Invested, Current Cost, Unrealized Value, Deal Status"
A41fefa,A8d1733,Goodfair,2025-03-31,,"Capital Invested, Current Cost, Unrealized Value, Deal Status"
A41fefa,A8d1733,Grin Technologies Inc.,2025-03-31,Current,Capital Invested
A41fefa,A8d1733,Lightspeed (fka NuORDER),2025-03-31,,"Capital Invested, Current Cost, Unrealized Value, Deal Status"
A41fefa,A8d1733,Pomegranate Technologies Inc.,2025-03-31,Current,Capital Invested
A41fefa,A8d1733,"SKIMS Body, Inc.",2025-03-31,Current,Capital Invested
A41fefa,A8d1733,"Shiftsmart, Inc.",2025-03-31,Current,Capital Invested
A41fefa,A8d1733,Shop Safely LLC,2025-03-31,Current,Capital Invested
A41fefa,A8d1733,Simulate Inc (Nuggs),2025-03-31,,"Capital Invested, Deal Status"
A41fefa,A8d1733,"Stripe, Inc.",2025-03-31,Current,Capital Invested
A41fefa,A8d1733,"Sundays for Dogs, Inc.",2025-03-31,Current,Capital Invested
A41fefa,A8d1733,The XCJ Corp.,2025-03-31,Current,Capital Invested
A41fefa,A8d1733,"Westman Atelier Holdings, Inc.",2025-03-31,Current,Capital Invested
A5bb3fe,A8d1733,Bathhouse,2025-03-31,Current,Capital Invested
A5bb3fe,A8d1733,"GlossGenius, Inc.",2025-03-31,Current,Capital Invested
A5bb3fe,A8d1733,MILA (formerly XCJ),2025-03-31,Current,Capital Invested
A5bb3fe,A8d1733,"SKIMS Body, Inc.",2025-03-31,Current,Capital Invested
A5bb3fe,A8d1733,TR Holding LLC (The Row),2025-03-31,Current,Capital Invested
A5bb3fe,A8d1733,"The Feed.com, Inc.",2025-03-31,Current,Capital Invested
A80b715,A8d1733,"AYOH, Inc.",2025-03-31,Current,Capital Invested
A80b715,A8d1733,"Black Crow AI, Inc.",2025-03-31,Current,Capital Invested
A80b715,A8d1733,Cafeteria Inc.,2025-03-31,Current,Capital Invested
A80b715,A8d1733,"DFSNY Holding, Inc.",2025-03-31,Current,Capital Invested
A80b715,A8d1733,"Ever/Body, Inc.",2025-03-31,Current,Capital Invested
A80b715,A8d1733,Goose Holdings Inc.,2025-03-31,Current,Capital Invested
A80b715,A8d1733,Hook Media Inc.,2025-03-31,Current,Capital Invested
A80b715,A8d1733,"IMGN Labs II, Inc.",2025-03-31,Current,Capital Invested
A80b715,A8d1733,"ImAgEnary Labs, Inc.(reale actives)",2025-03-31,Current,Capital Invested
A80b715,A8d1733,K Brand Inc.,2025-03-31,Current,Capital Invested
A80b715,A8d1733,Korean Bros Incorporated,2025-03-31,Current,Capital Invested
A80b715,A8d1733,Lone Palm Labs Inc. (dba Retro),2025-03-31,Current,Capital Invested
A80b715,A8d1733,Lucky Beverage Co.,2025-03-31,Current,Capital Invested
A80b715,A8d1733,Rules Beauty Inc.,2025-03-31,Current,Capital Invested
A80b715,A8d1733,SmellCo Inc.,2025-03-31,Current,Capital Invested
A80b715,A8d1733,"iMgN Labs, Inc.(dba Point of View)",2025-03-31,Current,Capital Invested
A8ff6ae,Ab9d621,Berzelius (Nanjing) Co. Ltd,2025-03-31,,"Capital Invested, Current Cost, Unrealized Value, Deal Status"
A8ff6ae,Ab9d621,"Datameer, Inc.",2025-03-31,,"Capital Invested, Current Cost, Unrealized Value, Deal Status"
A8ff6ae,Ab9d621,"Everlane, Inc.",2025-03-31,,"Capital Invested, Current Cost, Unrealized Value, Deal Status"
A8ff6ae,Ab9d621,"Rent The Runway, Inc.",2025-03-31,,"Capital Invested, Current Cost, Unrealized Value, Deal Status"
A86e0b1,Aa130ea,"Alpaca Technology, Inc.",2025-03-31,Written Down,Capital Invested
A86e0b1,Aa130ea,Calypso AI Corp,2025-03-31,Written Down,Capital Invested
A86e0b1,Aa130ea,"Guide Oncology, Inc. (Kirilys)",2025-03-31,,"Capital Invested, Current Cost, Unrealized Value, Deal Status"
A86e0b1,Aa130ea,Hempfusion Wellness Inc.,2025-03-31,Written Down,Capital Invested
A86e0b1,Aa130ea,"Level, Inc.",2025-03-31,Written Down,Capital Invested
A096a41,Aa130ea,Array US Inc.,2025-03-31,Written Down,Capital Invested
A096a41,Aa130ea,"Berry Health, Inc.",2025-03-31,Written Down,Capital Invested
A096a41,Aa130ea,"HeightHQ, Inc.",2025-03-31,Written Down,Capital Invested
A096a41,Aa130ea,Live Summer Inc.,2025-03-31,Written Down,Capital Invested
A096a41,Aa130ea,Lost Lake Games Ltd.,2025-03-31,Written Down,Capital Invested
A096a41,Aa130ea,Terraform Labs Pte. Ltd. (dba Luna),2025-03-31,Written Down,Capital Invested
A096a41,Aa130ea,"The Hive Social Network, Inc.",2025-03-31,Written Down,Capital Invested
Aeccf59,Af0082f,"Access Medical Systems, Ltd. (ET Healthcare)",2025-03-31,Current,Capital Invested
Aeccf59,Af0082f,"Beijing Xinwu Liebo e-Commerce Co., Ltd. (Liebo)",2025-03-31,,"Capital Invested, Deal Status"
Aeccf59,Af0082f,DiDi Global Inc. (DIDIY),2025-03-31,Current,Capital Invested
Aeccf59,Af0082f,Distinct Healthcare Holdings Limited,2025-03-31,Current,Capital Invested
Aeccf59,Af0082f,EDDA Healthcare and Technology Holding Limited,2025-03-31,Current,Capital Invested
Aeccf59,Af0082f,Fenbi Ltd.,2025-03-31,Current,Capital Invested
Aeccf59,Af0082f,NaviChina Inc. (Zhe800),2025-03-31,Current,Capital Invested
Aeccf59,Af0082f,Peijia Medical Limited,2025-03-31,Current,Capital Invested
Aeccf59,Af0082f,Qiniu Limited,2025-03-31,Current,Capital Invested
Aeccf59,Af0082f,Souche Holdings Ltd,2025-03-31,Current,Capital Invested
Aeccf59,Af0082f,"Tubatu Group Co., Ltd. (To8To)",2025-03-31,Current,Capital Invested
Aeccf59,Af0082f,Weidian Corporation,2025-03-31,Current,Capital Invested
Aeccf59,Af0082f,YUAN Inc (Yuanfudao),2025-03-31,Current,Capital Invested
Aeccf59,Af0082f,Yoka International Inc.,2025-03-31,Current,Capital Invested
Aeccf59,Af0082f,Zhaogang,2025-03-31,Current,Capital Invested
A65fb68,Af0082f,Adlai Nortye Ltd. (Anuo),2025-03-31,Current,Capital Invested
A65fb68,Af0082f,"Ansun Biopharma, Inc.",2025-03-31,Current,Capital Invested
A65fb68,Af0082f,"Beijing Zhiling Haina Technology Co., Ltd. (SmartX)",2025-03-31,Current,Capital Invested
A65fb68,Af0082f,Choice Technology Inc. (Weimai),2025-03-31,Current,Capital Invested
A65fb68,Af0082f,Cloudchef Group Inc.,2025-03-31,Current,Capital Invested
A65fb68,Af0082f,DataPipeline Ltd,2025-03-31,Current,Capital Invested
A65fb68,Af0082f,Dejavu Technology Holdings Limited (DuoZhuaYu),2025-03-31,Current,Capital Invested
A65fb68,Af0082f,Dora Technology Limited (Snowplus),2025-03-31,Current,Capital Invested
A65fb68,Af0082f,Edianyun Limited,2025-03-31,Current,Capital Invested
A65fb68,Af0082f,Eyepetizer Technology Limited (KaiYanShiPin),2025-03-31,,"Capital Invested, Deal Status"
A65fb68,Af0082f,Gong Duo Duo Jian Zhu Gong Cheng (Guangzhou) Company Limited (KaiGongMao),2025-03-31,Current,Capital Invested
A65fb68,Af0082f,Guazi.com Inc.,2025-03-31,Current,Capital Invested
A65fb68,Af0082f,"Happy Sharing Co., Ltd. (XiangWuShuo)",2025-03-31,,"Capital Invested, Deal Status"
A65fb68,Af0082f,HashData Technology Inc. (KuKe),2025-03-31,Current,Capital Invested
A65fb68,Af0082f,More Fun Entertainment Group (MoTianLun Ticket),2025-03-31,Current,Capital Invested
A65fb68,Af0082f,NB Therapeutics Inc. (fka. Nuance Biotech Inc.),2025-03-31,Current,Capital Invested
A65fb68,Af0082f,Peijia Medical Limited,2025-03-31,Current,Capital Invested
A65fb68,Af0082f,Source Technology Inc.,2025-03-31,Current,Capital Invested
A65fb68,Af0082f,UXLINK,2025-03-31,Current,Capital Invested
A65fb68,Af0082f,Vesoft Inc. (Nebula Graph),2025-03-31,Current,Capital Invested
A65fb68,Af0082f,XPX Holdings Limited (Chubby Bear),2025-03-31,Current,Capital Invested
A65fb68,Af0082f,XPeng Inc. (XPeng Motors),2025-03-31,Current,Capital Invested
A65fb68,Af0082f,"Xi An Wingspan Electronic Technology, Co., Ltd. (Yizhan)",2025-03-31,,"Capital Invested, Deal Status"
A65fb68,Af0082f,YUNSHAN Networks Inc.,2025-03-31,Current,Capital Invested
A9859d3,Af0082f,Addx Limited (JiJiaKeJi),2025-03-31,Current,Capital Invested
A9859d3,Af0082f,"Beijing MeiyiLab Co.,Ltd. (MeiYi)",2025-03-31,,"Capital Invested, Deal Status"
A9859d3,Af0082f,Beijing Semidrive Technology Corporation (XinChi),2025-03-31,Current,Capital Invested
A9859d3,Af0082f,Beisen Holding Limited,2025-03-31,Current,Capital Invested
A9859d3,Af0082f,Bestsign Inc. (ShangShangQian),2025-03-31,Current,Capital Invested
A9859d3,Af0082f,Bota Biosciences Ltd (Bota Bio),2025-03-31,Current,Capital Invested
A9859d3,Af0082f,"Chameleon Biosciences, Inc.",2025-03-31,,"Capital Invested, Deal Status"
A9859d3,Af0082f,Datacloak Inc. (Shupeng),2025-03-31,Current,Capital Invested
A9859d3,Af0082f,"DoDa Interactive Entertainment Co., Ltd. (AGame)",2025-03-31,,"Capital Invested, Deal Status"
A9859d3,Af0082f,Easy Group Holdings Inc.,2025-03-31,,"Capital Invested, Deal Status"
A9859d3,Af0082f,FEIBAI Education Corporation,2025-03-31,Current,Capital Invested
A9859d3,Af0082f,Feiyulife Inc. (Feiyu),2025-03-31,Current,Capital Invested
A9859d3,Af0082f,ForU Worldwide Inc. (ForU Truck),2025-03-31,Current,Capital Invested
A9859d3,Af0082f,"Gemii (Zhejiang Shaoxing) Technology Co., Ltd. (Jingli)",2025-03-31,Current,Capital Invested
A9859d3,Af0082f,Global Digital Mercantile Holdings Limited (GDM),2025-03-31,,"Capital Invested, Deal Status"
A9859d3,Af0082f,"Golden Array Nanjing Limited (JLSemi) (FKA ""PhotonArray Inc."")",2025-03-31,Current,Capital Invested
A9859d3,Af0082f,HUAHUI HEALTHCARE INC. (HuaHuiAnJian),2025-03-31,Current,Capital Invested
A9859d3,Af0082f,Hang Zhou Jin Ling Yang Consulting Limited Company (ZiHaiGuo),2025-03-31,Current,Capital Invested
A9859d3,Af0082f,Happy_seed (Cayman) Limited,2025-03-31,Current,Capital Invested
A9859d3,Af0082f,Howhow Holding Limited (How Wenda),2025-03-31,,"Capital Invested, Deal Status"
A9859d3,Af0082f,"Hui Ta Li Arts and Crafts (Beijing) Co., Ltd",2025-03-31,,"Capital Invested, Deal Status"
A9859d3,Af0082f,"Jiaxing Boji Medical Technology Co., Ltd. (UP Clinic)",2025-03-31,Current,Capital Invested
A9859d3,Af0082f,Lupu Holdings Limited,2025-03-31,Current,Capital Invested
A9859d3,Af0082f,Mallee Tech Holdings Limited,2025-03-31,,"Capital Invested, Deal Status"
A9859d3,Af0082f,MitoQuality Pharmaceuticals Ltd,2025-03-31,Current,Capital Invested
A9859d3,Af0082f,NeXtech (Cayman) Limited (NeuraMatrix),2025-03-31,Current,Capital Invested
A9859d3,Af0082f,NutriMotion PTE.LTD,2025-03-31,,"Capital Invested, Current Cost, Unrealized Value, Deal Status"
A9859d3,Af0082f,OnQuality Pharmaceuticals Ltd. (AnKuo Yiyao),2025-03-31,Current,Capital Invested
A9859d3,Af0082f,Quwan Holding Limited (TT Voice),2025-03-31,Current,Capital Invested
A9859d3,Af0082f,"Rgenta Therapeutics, Inc.",2025-03-31,Current,Capital Invested
A9859d3,Af0082f,"RootPath, Inc. (ChengYuanShengWu)",2025-03-31,Current,Capital Invested
A9859d3,Af0082f,"Shanghai EnnovaBio Pharmaceuticals Co., Ltd. (EnnovaBio)",2025-03-31,Current,Capital Invested
A9859d3,Af0082f,"Shanghai Xizhi Technology Co., Ltd. (LightAI Ltd.)",2025-03-31,Current,Capital Invested
A9859d3,Af0082f,"Shenzhen Smart Manufacturing Software Dev. Co., Ltd. (Zhi Bu)",2025-03-31,Current,Capital Invested
A9859d3,Af0082f,Shoucheng Holdings Limited,2025-03-31,Current,Capital Invested
A9859d3,Af0082f,Smart Drive Information Technology Inc (Lao Siji),2025-03-31,Current,Capital Invested
A9859d3,Af0082f,Starfield Food and Science Technology Limited,2025-03-31,Current,Capital Invested
A9859d3,Af0082f,Trussan.com Corporation (PuLan),2025-03-31,Current,Capital Invested
A9859d3,Af0082f,V Light Technologies Limited,2025-03-31,Current,Capital Invested
A9859d3,Af0082f,"Web3.x (FKA ""Blockchain"" ""TokenInsight"")",2025-03-31,Current,Capital Invested
A9859d3,Af0082f,Wecook Inc.,2025-03-31,Current,Capital Invested
A9859d3,Af0082f,Xindebaby Limited. (MUA),2025-03-31,,"Capital Invested, Deal Status"
A9859d3,Af0082f,Xingyun International Company Limited,2025-03-31,Current,Capital Invested
A9859d3,Af0082f,Xolo (Cayman) Limited (Mollybox),2025-03-31,Current,Capital Invested
A9859d3,Af0082f,YESMRO Holdings Limited (YiMaiGongPin),2025-03-31,Current,Capital Invested
A9859d3,Af0082f,YUNYUN Global Limited (Yunyun Story),2025-03-31,,"Capital Invested, Deal Status"
A9859d3,Af0082f,Zhuan Spirit Holdings Limited (ZhuanZhuan),2025-03-31,Current,Capital Invested
A80ede9,Af0082f,"AkroStar Technology Co., Ltd. (XinYaoHui)",2025-03-31,Current,Capital Invested
A80ede9,Af0082f,Ambilight Inc (Guangyi Tech),2025-03-31,Current,Capital Invested
A80ede9,Af0082f,"Anhui Kouweiquan Food Co., Ltd.",2025-03-31,Current,Capital Invested
A80ede9,Af0082f,"BEIJING PROTOGA BIOTECH CO., LTD (Yuanyu Bio)",2025-03-31,Current,Capital Invested
A80ede9,Af0082f,"BITO Robotics (Shanghai) Co., Ltd.",2025-03-31,Current,Capital Invested
A80ede9,Af0082f,"Beijing Biostar Pharmaceuticals Co., Ltd. (HuaHaoZhongTian)",2025-03-31,Current,Capital Invested
A80ede9,Af0082f,"Beijing DP Technology Co.,Ltd (Deep Potential)",2025-03-31,Current,Capital Invested
A80ede9,Af0082f,"Beijing Galaxy-Future Network Technology Co., Ltd. (Xinghan)",2025-03-31,Current,Capital Invested
A80ede9,Af0082f,"Beijing Mingzhizhixiang Data Technology Co.,Ltd (Mingzhi Data)",2025-03-31,Current,Capital Invested
A80ede9,Af0082f,"Beijing Nuoxinchuanglian Technology CO., Ltd. (Naxions)",2025-03-31,Current,Capital Invested
A80ede9,Af0082f,"Beijing Xiyou Health Technology Co., Ltd",2025-03-31,Current,Capital Invested
A80ede9,Af0082f,"Beijing Yiling Chenfei Technology Co., Ltd. (Ealing)",2025-03-31,Current,Capital Invested
A80ede9,Af0082f,Belief BioMed Inc. (XinNian BioMed),2025-03-31,Current,Capital Invested
A80ede9,Af0082f,Burning Galaxy Ltd (Another Earth),2025-03-31,,"Capital Invested, Deal Status"
A80ede9,Af0082f,Bytebase (Cayman) Limited,2025-03-31,Current,Capital Invested
A80ede9,Af0082f,Carticletech Cayman Limited (Chelizi),2025-03-31,Current,Capital Invested
A80ede9,Af0082f,"Cellbri Ark (Shenzhen) Biotech Co., Ltd. (FKA Beijing Cellbri) (Saiqiao Bio)",2025-03-31,Current,Capital Invested
A80ede9,Af0082f,"Chiplite Technology Co., Ltd.",2025-03-31,,"Capital Invested, Deal Status"
A80ede9,Af0082f,City Puzzle Holdings Limited (Didi Freight),2025-03-31,Current,Capital Invested
A80ede9,Af0082f,Coevolution Technologies Investments Limited (Yiwu Tech),2025-03-31,,"Capital Invested, Deal Status"
A80ede9,Af0082f,"Collov, Inc.",2025-03-31,Current,Capital Invested
A80ede9,Af0082f,Colorful Pines Group Limited (HongSongXueTang),2025-03-31,Current,Capital Invested
A80ede9,Af0082f,"D3 Bio, Inc.",2025-03-31,Current,Capital Invested
A80ede9,Af0082f,East Stone Spacelike Limited (Kuaiyin),2025-03-31,Current,Capital Invested
A80ede9,Af0082f,FitVille Brand Group,2025-03-31,Current,Capital Invested
A80ede9,Af0082f,"Flickering Education Technology Co., Limited (Flikering. AI)",2025-03-31,Current,Capital Invested
A80ede9,Af0082f,Frog Social Tech Ltd.,2025-03-31,,"Capital Invested, Deal Status"
A80ede9,Af0082f,Frontis (Xianyuan Tech),2025-03-31,Current,Capital Invested
A80ede9,Af0082f,GAIA STONE LTD.,2025-03-31,Current,Capital Invested
A80ede9,Af0082f,Genor Biopharma Holdings Limited (FKA JHBP),2025-03-31,Current,Capital Invested
A80ede9,Af0082f,Grand Cyclone Holdings Limited (HongJi),2025-03-31,Current,Capital Invested
A80ede9,Af0082f,"Guangzhou Cyberspace Holdings Co., Ltd. (FKA Cyber Space) (Chaojing Automobile)",2025-03-31,Current,Capital Invested
A80ede9,Af0082f,"HOURS Technology Co.,Ltd. (Woshi Tech)",2025-03-31,Current,Capital Invested
A80ede9,Af0082f,"HangZhou Core Control Robotics Co., Ltd. (Xinkong Al)",2025-03-31,Current,Capital Invested
A80ede9,Af0082f,"Hangzhou Baoge electronic commerce Co., Ltd. (Wang Baobao)",2025-03-31,Current,Capital Invested
A80ede9,Af0082f,"Hangzhou Guosheng Tech co.,LTD (Zhongke Guosheng)",2025-03-31,Current,Capital Invested
A80ede9,Af0082f,Hangzhou Partner Pet Co Ltd,2025-03-31,Current,Capital Invested
A80ede9,Af0082f,"Hangzhou Polymed Biopharmaceuticals, Inc (Duoyu)",2025-03-31,Current,Capital Invested
A80ede9,Af0082f,Hita EdAi Inc. (Xizhi Edu),2025-03-31,Current,Capital Invested
A80ede9,Af0082f,"Hunan Hongchen Catering Management Co.,Ltd (Huanxi Shaomai)",2025-03-31,,"Capital Invested, Deal Status"
A80ede9,Af0082f,"Juhui Food Technology Co., Ltd",2025-03-31,Current,Capital Invested
A80ede9,Af0082f,"KYINNO BIOTECHNOLOGY CO.,LTD (Kang Yuan Bo Chuang)",2025-03-31,Current,Capital Invested
A80ede9,Af0082f,Link-ic (suzhou) CO. Ltd (Xinling Semi),2025-03-31,Current,Capital Invested
A80ede9,Af0082f,Merico Holdings Inc. (SiMaYi),2025-03-31,Current,Capital Invested
A80ede9,Af0082f,"MolyVivi (Shanghai) Clothing Technology Co., Ltd.",2025-03-31,Current,Capital Invested
A80ede9,Af0082f,"Nanjing Houmo Technology Co., Ltd. (Houmo.Al)",2025-03-31,Current,Capital Invested
A80ede9,Af0082f,"Nanjing Zenshine Pharmaceuticals Co., Ltd.",2025-03-31,Current,Capital Invested
A80ede9,Af0082f,Nebula (Cayman) Limited,2025-03-31,,"Capital Invested, Deal Status"
A80ede9,Af0082f,Neptune Group Holding Limited (Nabai Robotics),2025-03-31,Current,Capital Invested
A80ede9,Af0082f,New Urtopia Holdings Limited,2025-03-31,Current,Capital Invested
A80ede9,Af0082f,"NiKang Therapeutics, Inc.",2025-03-31,Current,Capital Invested
A80ede9,Af0082f,Ntmer Group (Xintian Tech),2025-03-31,,"Capital Invested, Deal Status"
A80ede9,Af0082f,"Nutshell Biotech (Shanghai) Co., Ltd. (Yudao Bio)",2025-03-31,Current,Capital Invested
A80ede9,Af0082f,Olive Health Group (GLZ),2025-03-31,Current,Capital Invested
A80ede9,Af0082f,"Olive Wren, Inc. (SIJO)",2025-03-31,Current,Capital Invested
A80ede9,Af0082f,Onesight Inc. (Yijian Tech),2025-03-31,Current,Capital Invested
A80ede9,Af0082f,PAQ Therapeutics Limited (Paqman),2025-03-31,Current,Capital Invested
A80ede9,Af0082f,Qihan Holdings Limited,2025-03-31,Current,Capital Invested
A80ede9,Af0082f,"Qisheng National Veterinary Hospital Management Co.,Ltd (Mengshou)",2025-03-31,Current,Capital Invested
A80ede9,Af0082f,Quwan Holding Limited,2025-03-31,Current,Capital Invested
A80ede9,Af0082f,"Qyuns Therapeutics Co., Ltd. (Quanxin Bio)",2025-03-31,Current,Capital Invested
A80ede9,Af0082f,RainbowFerry. Inc. (ShaLi Bio),2025-03-31,Current,Capital Invested
A80ede9,Af0082f,Resgo (Cayman) Limited (Shuiwan),2025-03-31,Current,Capital Invested
A80ede9,Af0082f,Ronovo Surgical,2025-03-31,Current,Capital Invested
A80ede9,Af0082f,"SHENZHEN YINGMU TECHNOLOGY CO., LTD (INMO)",2025-03-31,Current,Capital Invested
A80ede9,Af0082f,"SICHUAN MAMA FOODS TECHNOLOGY CO.,LTD. (Jitaitai)",2025-03-31,Current,Capital Invested
A80ede9,Af0082f,SURPATH TECH (CAYMAN) (Yima Tech),2025-03-31,Current,Capital Invested
A80ede9,Af0082f,SciOne Corp.,2025-03-31,,"Capital Invested, Current Cost, Unrealized Value, Deal Status"
A80ede9,Af0082f,"Senti Biosciences, Inc.",2025-03-31,Current,Capital Invested
A80ede9,Af0082f,Shanghai Cygnus Semiconductor Company Limited (Xingsi Semi),2025-03-31,Current,Capital Invested
A80ede9,Af0082f,Shanghai Jiashang Infomator Technology Ltd. (Zhi Wu Jiao Shou),2025-03-31,,"Capital Invested, Deal Status"
A80ede9,Af0082f,Shanghai RunFeixiandun Catering Management Co Ltd (Runfei),2025-03-31,Current,Capital Invested
A80ede9,Af0082f,"Shanghai Xiguo Sports Apparels Co., Ltd. (Knowin)",2025-03-31,,"Capital Invested, Deal Status"
A80ede9,Af0082f,"Shenzhen Qianhai Duodao Enterprise Management Co., Ltd (LuWeiJueXing)",2025-03-31,Current,Capital Invested
A80ede9,Af0082f,"Shenzhen Snapmaker Technologies Co., Ltd.",2025-03-31,Current,Capital Invested
A80ede9,Af0082f,"Shenzhen Xiaosi Technology Co., Ltd.",2025-03-31,Current,Capital Invested
A80ede9,Af0082f,"Shenzhen ZhiLiu Technology Co., Ltd. (APISeven)",2025-03-31,Current,Capital Invested
A80ede9,Af0082f,Shipu Holding Corporation (iLabService),2025-03-31,Current,Capital Invested
A80ede9,Af0082f,ShuMei Technology Corporation,2025-03-31,Current,Capital Invested
A80ede9,Af0082f,"Skywalker Education Technology Co., Ltd. (Yuanyin Edu)",2025-03-31,Current,Capital Invested
A80ede9,Af0082f,"Suzhou Advaccine Biotechnology Co., Ltd. (FKA Beijing Advaccine) Ordinary",2025-03-31,Current,Capital Invested
A80ede9,Af0082f,Suzhou Affection Animal Pharmaceuticals,2025-03-31,Current,Capital Invested
A80ede9,Af0082f,"Suzhou Bluestone New Power Co., Ltd",2025-03-31,Current,Capital Invested
A80ede9,Af0082f,Talentspark Holding Inc (Jike Interview),2025-03-31,,"Capital Invested, Deal Status"
A80ede9,Af0082f,"Tallac Therapeutics, Inc.",2025-03-31,Current,Capital Invested
A80ede9,Af0082f,Taos Data,2025-03-31,Current,Capital Invested
A80ede9,Af0082f,U Power International Limited (Youpao Network),2025-03-31,Current,Capital Invested
A80ede9,Af0082f,Umer Technology (Cayman) Limited (Youmai),2025-03-31,Current,Capital Invested
A80ede9,Af0082f,VASTAI Holding Company (VASTAI Tech),2025-03-31,Current,Capital Invested
A80ede9,Af0082f,VelaCyber Holdings Limited ( Jinghai Tech),2025-03-31,Current,Capital Invested
A80ede9,Af0082f,Vibrant Therapeutics Limited (Xinhua Bio),2025-03-31,Current,Capital Invested
A80ede9,Af0082f,XEPIC Corporation Limited (Xinhuazhang),2025-03-31,Current,Capital Invested
A80ede9,Af0082f,YXT.COM GROUP HOLDING LIMITED (FKA UNICENTURY),2025-03-31,Current,Capital Invested
A80ede9,Af0082f,"ZKnow Technologies Co.,Ltd. (YQcloud)",2025-03-31,Current,Capital Invested
A72f874,Af0082f,Astribot Inc.,2025-03-31,Current,Capital Invested
A72f874,Af0082f,BOTAI Intelligent Equipment (Guangdong) Limited,2025-03-31,Current,Capital Invested
A72f874,Af0082f,"Beijing Galbot Co.,Ltd",2025-03-31,Current,Capital Invested
A72f874,Af0082f,Carote Ltd,2025-03-31,Current,Capital Invested
A72f874,Af0082f,"Changzhou Lingyue Equipment Co., Ltd",2025-03-31,Current,Capital Invested
A72f874,Af0082f,Esquared Capital Limited (Klook),2025-03-31,Current,Capital Invested
A72f874,Af0082f,"Guangdong Advanced Carbon Materials Co., Ltd (Kargen)",2025-03-31,Current,Capital Invested
A72f874,Af0082f,MiniMax Group Inc.,2025-03-31,Current,Capital Invested
A72f874,Af0082f,Narrow Path Tech Inc. (YuanShi),2025-03-31,Current,Capital Invested
A72f874,Af0082f,"Qidi Technology Co.,Ltd .(Singularity)",2025-03-31,Current,Capital Invested
A72f874,Af0082f,SOLV LEGOS LTD.,2025-03-31,Current,Capital Invested
A72f874,Af0082f,Sandai Holdings Limited,2025-03-31,Current,Capital Invested
A72f874,Af0082f,Seed Investments,2025-03-31,Current,Capital Invested
A72f874,Af0082f,Semi Tech Group Ltd.,2025-03-31,Current,Capital Invested
A72f874,Af0082f,ShenZhen LingDeChuang Technology Limited (LDC),2025-03-31,Current,Capital Invested
A72f874,Af0082f,Singfilm Solar Pte. Ltd.,2025-03-31,Current,Capital Invested
A72f874,Af0082f,"Suzhou Lapsen Intelligent Technology Co., Ltd",2025-03-31,Current,Capital Invested
A72f874,Af0082f,Suzhou ReCloud iService Information Technology,2025-03-31,Current,Capital Invested
A72f874,Af0082f,Suzhou SiliconRoad Semiconductor Ltd (SRS),2025-03-31,Current,Capital Invested
A72f874,Af0082f,"Ti5robot Technology Shanghai Co., Ltd.",2025-03-31,,"Capital Invested, Current Cost, Unrealized Value, Deal Status"
A72f874,Af0082f,TowardPi (Beijing) Medical Technology Ltd.,2025-03-31,Current,Capital Invested
A2234f1,A12c595,"Apollo Graph, Inc.",2025-03-31,Current,Capital Invested
A2234f1,A12c595,"Canva, Inc.",2025-03-31,Current,Capital Invested
A2234f1,A12c595,"CloudBees, Inc.",2025-03-31,Current,Capital Invested
A2234f1,A12c595,"Machinify, Inc.",2025-03-31,Current,Capital Invested
A2234f1,A12c595,Markforged Holding Corporation,2025-03-31,Current,Capital Invested
A2234f1,A12c595,"Quri, Inc.",2025-03-31,Current,Capital Invested
A2234f1,A12c595,"Salsify, Inc.",2025-03-31,Current,Capital Invested
A2234f1,A12c595,"Savage X Holding, LLC",2025-03-31,Current,Capital Invested
A2234f1,A12c595,Seed Investments,2025-03-31,Current,Capital Invested
A2234f1,A12c595,"Sila Nanotechnologies, Inc.",2025-03-31,Current,Capital Invested
A2234f1,A12c595,"Techstyle, Inc. (Fabletics, Inc.)",2025-03-31,Current,Capital Invested
A2234f1,A12c595,"ZestFinance, Inc. (dba Zest Al)",2025-03-31,,"Capital Invested, Current Cost, Unrealized Value, Deal Status"
Aab52e1,Acc91f3,Dailyhunt (Verse Innovation Private Limited),2025-03-31,Current,Capital Invested
A3d41c0,Acc91f3,Itilite Technologies Private Limited,2025-03-31,Current,Capital Invested
A3d41c0,Acc91f3,Loadshare Networks Private Limited,2025-03-31,Current,Capital Invested
A3d41c0,Acc91f3,Mswipe Technologies Private Limited,2025-03-31,Current,Capital Invested
A3d41c0,Acc91f3,OfBusiness (OFB Tech Private Limited),2025-03-31,Current,Capital Invested
A3d41c0,Acc91f3,Ola (ANI Technologies Private Limited),2025-03-31,Current,Capital Invested
A3d41c0,Acc91f3,Practo Pte Limited,2025-03-31,Current,Capital Invested
A3d41c0,Acc91f3,"Razorpay, Inc.",2025-03-31,Current,Capital Invested
A3d41c0,Acc91f3,Stanza (Dtwelve Spaces Private Limited),2025-03-31,Current,Capital Invested
A2f629e,Acc91f3,Mswipe Technologies Private Limited,2025-03-31,Current,Capital Invested
A2f629e,Acc91f3,OfBusiness (OFB Tech Private Limited),2025-03-31,Current,Capital Invested
A2f629e,Acc91f3,Ola (ANI Technologies Private Limited),2025-03-31,Current,Capital Invested
A2f629e,Acc91f3,Practo Pte Limited,2025-03-31,Current,Capital Invested
A2f629e,Acc91f3,"Razorpay, Inc.",2025-03-31,Current,Capital Invested
A51914b,Acc91f3,Captain Fresh (Infifresh Foods Private Limited),2025-03-31,Current,Capital Invested
A51914b,Acc91f3,Country Delight (Beejapuri Dairy Private Limit,2025-03-31,Current,Capital Invested
A51914b,Acc91f3,Damensch Apparel Private Limited,2025-03-31,Current,Capital Invested
A51914b,Acc91f3,Dezerv Investments Private Limited,2025-03-31,Current,Capital Invested
A51914b,Acc91f3,FarMart Service Private Limited,2025-03-31,Current,Capital Invested
A51914b,Acc91f3,GoKwik Commerce Solutions Private Limited,2025-03-31,Current,Capital Invested
A51914b,Acc91f3,Jodo (Bharosepe Technology Services Private Li,2025-03-31,Current,Capital Invested
A51914b,Acc91f3,Jupiter (Amica Financial Technologies Private I,2025-03-31,Current,Capital Invested
A51914b,Acc91f3,"Moengage, Inc",2025-03-31,Current,Capital Invested
A51914b,Acc91f3,Mosaic Wellness Private Limited,2025-03-31,Current,Capital Invested
A51914b,Acc91f3,OTO Capital (1T9 Technology Private Limited),2025-03-31,Current,Capital Invested
A51914b,Acc91f3,Ola (ANI Technologies Private Limited),2025-03-31,Current,Capital Invested
A51914b,Acc91f3,Ola Electric Mobility Limited,2025-03-31,Current,Capital Invested
A51914b,Acc91f3,OneCard (FPL Technologies Private Limited),2025-03-31,Current,Capital Invested
A51914b,Acc91f3,Open Secret (Immaculatebites Private Limited),2025-03-31,Current,Capital Invested
A51914b,Acc91f3,Park+ (Parviom technologies Private Limited),2025-03-31,Current,Capital Invested
A51914b,Acc91f3,Rocketlane Corp.,2025-03-31,Current,Capital Invested
A51914b,Acc91f3,SuperOps Inc.,2025-03-31,Current,Capital Invested
A51914b,Acc91f3,The Whole Truth (Fitshit Health Solutions Private Limited),2025-03-31,Current,Capital Invested
A51914b,Acc91f3,Toddle (Teacher Tools Private Limited),2025-03-31,Current,Capital Invested
A51914b,Acc91f3,Vegrow (Chifu Agritech Private Limited),2025-03-31,Current,Capital Invested
Aef37a9,A12c595,Xtalic Corporation,2025-03-31,Current,Capital Invested
A77a5f6,A12c595,"15Five, Inc.",2025-03-31,Current,Capital Invested
A77a5f6,A12c595,"1661, Inc. (dba GOAT)",2025-03-31,Current,Capital Invested
A77a5f6,A12c595,ACME Technologies Inc.,2025-03-31,Current,Capital Invested
A77a5f6,A12c595,"Activehours, Inc. (dba Earnin)",2025-03-31,Current,Capital Invested
A77a5f6,A12c595,"Apartment List, Inc.",2025-03-31,Current,Capital Invested
A77a5f6,A12c595,CloudZero Inc.,2025-03-31,Current,Capital Invested
A77a5f6,A12c595,"Jobvite Topco, LLC (dba Employ)",2025-03-31,Current,Capital Invested
A77a5f6,A12c595,Joya Communications Inc. (dba Marco Polo),2025-03-31,Current,Capital Invested
A77a5f6,A12c595,"Lightmatter, Inc.",2025-03-31,Current,Capital Invested
A77a5f6,A12c595,"LogRocket, Inc.",2025-03-31,Current,Capital Invested
A77a5f6,A12c595,Mashgin Inc.,2025-03-31,Current,Capital Invested
A77a5f6,A12c595,Owl Labs Inc.,2025-03-31,Current,Capital Invested
A77a5f6,A12c595,"Parabola Labs, Inc.",2025-03-31,Current,Capital Invested
A77a5f6,A12c595,Pending Esrow,2025-03-31,Current,Capital Invested
A77a5f6,A12c595,Qrativ Holdings LLC (nference JV),2025-03-31,Current,Capital Invested
A77a5f6,A12c595,Seed Investments,2025-03-31,Current,Capital Invested
A77a5f6,A12c595,"Side, Inc. (Reside Network, Inc. (Wayfinding, Inc.))",2025-03-31,Current,Capital Invested
A23025c,A12c595,"Centaur Diagnostics, Inc.",2025-03-31,Current,Capital Invested
A23025c,A12c595,Concreit Inc.,2025-03-31,Current,Capital Invested
A23025c,A12c595,"Educative, Inc.",2025-03-31,Current,Capital Invested
A23025c,A12c595,Fivetran Inc.,2025-03-31,Current,Capital Invested
A23025c,A12c595,"Flexible Finance, Inc.",2025-03-31,Current,Capital Invested
A23025c,A12c595,Flock Group Inc (dba Flock Safety),2025-03-31,Current,Capital Invested
A23025c,A12c595,"Glean Data, Inc. (dba Hashboard)",2025-03-31,Current,Capital Invested
A23025c,A12c595,Hookdeck Technologies Inc.,2025-03-31,Current,Capital Invested
A23025c,A12c595,"Infinity Al, Inc.",2025-03-31,Current,Capital Invested
A23025c,A12c595,Keeper Tax Inc.,2025-03-31,Current,Capital Invested
A23025c,A12c595,Knox Medical Diagnostics Inc. (dba Aluna),2025-03-31,Current,Capital Invested
A23025c,A12c595,"LightForce Orthodontics, Inc.",2025-03-31,Current,Capital Invested
A23025c,A12c595,"Luma Al, Inc.",2025-03-31,Current,Capital Invested
A23025c,A12c595,"Mesa Financial, Inc.",2025-03-31,Current,Capital Invested
A23025c,A12c595,"Nubis Communications, Inc.",2025-03-31,Current,Capital Invested
A23025c,A12c595,Seed Investments,2025-03-31,Current,Capital Invested
A23025c,A12c595,Smartcat Group Inc.,2025-03-31,Current,Capital Invested
A23025c,A12c595,"Steadily, Inc.",2025-03-31,Current,Capital Invested
A23025c,A12c595,Trisk Bio Ltd,2025-03-31,Current,Capital Invested
A23025c,A12c595,"TrueMeeting, Inc. (dba CommonGround)",2025-03-31,Current,Capital Invested
A23025c,A12c595,"trycourier.com, Inc. (dba Courier)",2025-03-31,Current,Capital Invested
A19d854,A899074,"Nautic Ideal Components Aggregator, LLC",2025-03-31,,"Capital Invested, Current Cost, Unrealized Value, Deal Status"
Afed02f,A899074,"Bluebird PM Holdings, LP (Proud moments)",2025-03-31,,"Capital Invested, Current Cost, Unrealized Value, Deal Status"
Afed02f,A899074,"Nautic Ideal Components Aggregator, LLC (Ideal Tridon)",2025-03-31,,"Capital Invested, Current Cost, Unrealized Value, Deal Status"
A32ca97,Ac1f496,Amsino Medical,2025-03-31,Current,Current Cost
A32ca97,Ac1f496,TDConnex Global,2025-03-31,Current,Current Cost
A8cbf09,A3d16f4,Hunter Communications,2025-03-31,,"Capital Invested, Current Cost, Unrealized Value, Deal Status, Sector, Geographic Focus"
A8cbf09,A3d16f4,Lit Communities,2025-03-31,,"Capital Invested, Current Cost, Unrealized Value, Deal Status"
A4923d3,A3d16f4,GreenLight Networks,2025-03-31,Current,Capital Invested
A4923d3,A3d16f4,"Omni Fiber, LLC",2025-03-31,Current,Capital Invested
A4923d3,A3d16f4,Race Communications,2025-03-31,Current,Capital Invested
A4923d3,A3d16f4,"Socket Telecom, LLC",2025-03-31,Current,Capital Invested
A4923d3,A3d16f4,Wire 3 Communications,2025-03-31,Current,Capital Invested
A8b56b9,Af8a639,Nand,2025-03-31,Current,Geographic Focus
Afb294f,A4a62c2,Holiday Property Partners LLC,2025-03-31,Current,Capital Invested
Afb294f,A4a62c2,Middle East - Consumer Staples,2025-03-31,Current,Capital Invested
Afb294f,A4a62c2,Middle East - Financial Services,2025-03-31,Current,Capital Invested
Afb294f,A4a62c2,Oriental Weavers Carpet Company,2025-03-31,Current,Capital Invested
Afb294f,A4a62c2,South America - Real Estate,2025-03-31,Current,Capital Invested
Afb294f,A4a62c2,Transprtadr Gas Del Norte C 1 VT Ord,2025-03-31,Current,Capital Invested
Afb294f,A4a62c2,United States - Oil & Gas Exploration,2025-03-31,Current,Capital Invested
Ac01bd2,A4a62c2,Airbus SE,2025-03-31,Current,Capital Invested
Ac01bd2,A4a62c2,Argentina - Energy,2025-03-31,Current,Capital Invested
Ac01bd2,A4a62c2,First American Financial Corporation,2025-03-31,Current,Capital Invested
Ac01bd2,A4a62c2,France - Consumer Staples,2025-03-31,Current,Capital Invested
Ac01bd2,A4a62c2,Norway - Software,2025-03-31,Current,Capital Invested
Ac01bd2,A4a62c2,Other - United States - Consumer Staples,2025-03-31,Current,Capital Invested
Ac01bd2,A4a62c2,Other - United States - Financial,2025-03-31,Current,Capital Invested
Ac01bd2,A4a62c2,Other - United States - Information Technology,2025-03-31,Current,Capital Invested
Ac01bd2,A4a62c2,Other - United States - Real Estate,2025-03-31,Current,Capital Invested
Ac01bd2,A4a62c2,Other - United States - Technology,2025-03-31,Current,Capital Invested
Ac01bd2,A4a62c2,Outfront Media Inc,2025-03-31,Current,Capital Invested
Ac01bd2,A4a62c2,Park Hotels & Resorts Inc,2025-03-31,Current,Capital Invested
Ac01bd2,A4a62c2,Performance Food Group Company,2025-03-31,Current,Capital Invested
Ac01bd2,A4a62c2,Perren Capital Holdings Ltd,2025-03-31,Current,Capital Invested
Ac01bd2,A4a62c2,Sparebanken Vest,2025-03-31,Current,Capital Invested
Ac01bd2,A4a62c2,United Kingdom - Real Estate,2025-03-31,Current,Capital Invested
Ac01bd2,A4a62c2,United Kingdom - Services,2025-03-31,Current,Capital Invested
Ac01bd2,A4a62c2,United States - Consumer Staples,2025-03-31,Current,Capital Invested
Ac01bd2,A4a62c2,United States - Financial,2025-03-31,Current,Capital Invested
Ac01bd2,A4a62c2,United States - Industrial,2025-03-31,Current,Capital Invested
Ac01bd2,A4a62c2,United States - Information Technology,2025-03-31,Current,Capital Invested
Ac01bd2,A4a62c2,Waymo LLC,2025-03-31,Current,Capital Invested
A729d8b,A4a62c2,Airbus SE,2025-03-31,Current,Capital Invested
A729d8b,A4a62c2,Alphabet CLA,2025-03-31,Current,Capital Invested
A729d8b,A4a62c2,First American Financial Corporation,2025-03-31,Current,Capital Invested
A729d8b,A4a62c2,France - Consumer Staples,2025-03-31,Current,Capital Invested
A729d8b,A4a62c2,Norway - Software,2025-03-31,Current,Capital Invested
A729d8b,A4a62c2,Other - United States - Consumer Staples,2025-03-31,Current,Capital Invested
A729d8b,A4a62c2,Other - United States - Real Estate,2025-03-31,Current,Capital Invested
A729d8b,A4a62c2,Outfront Media Inc,2025-03-31,Current,Capital Invested
A729d8b,A4a62c2,Parks Hotels & Resorts Inc,2025-03-31,Current,Capital Invested
A729d8b,A4a62c2,Performance Food Group Company,2025-03-31,Current,Capital Invested
A729d8b,A4a62c2,Perren Capital Holdings Ltd,2025-03-31,Current,Capital Invested
A729d8b,A4a62c2,Sparebanken Pluss,2025-03-31,Current,Capital Invested
A729d8b,A4a62c2,United Kingdom - Real Estate,2025-03-31,Current,Capital Invested
A729d8b,A4a62c2,United Kingdom - Services,2025-03-31,Current,Capital Invested
A729d8b,A4a62c2,United States - Consumer Staples,2025-03-31,Current,Capital Invested
A729d8b,A4a62c2,United States - Financial - Other,2025-03-31,Current,Capital Invested
A729d8b,A4a62c2,United States - Financial,2025-03-31,Current,Capital Invested
A729d8b,A4a62c2,United States - Industrial,2025-03-31,Current,Capital Invested
A729d8b,A4a62c2,United States - Information Technology,2025-03-31,Current,Capital Invested
A729d8b,A4a62c2,United States - Technology,2025-03-31,Current,Capital Invested
A729d8b,A4a62c2,Waymo LLC,2025-03-31,Current,Capital Invested
Ab0a5da,A7dd292,"AlphaSense, LLC (fka Tegus, Inc.)",2025-03-31,Current,Capital Invested
Ab0a5da,A7dd292,"Blue Wireless, Inc.",2025-03-31,Current,Capital Invested
Ab0a5da,A7dd292,"Cubby NYC, Inc.",2025-03-31,Current,Capital Invested
Ab0a5da,A7dd292,"Etched.ai, Inc.",2025-03-31,Current,Capital Invested
Ab0a5da,A7dd292,Golden X DBA Canopy Capital Group,2025-03-31,Current,Capital Invested
Ab0a5da,A7dd292,"Invert, Inc.",2025-03-31,Current,Capital Invested
Ab0a5da,A7dd292,Manufactured Networks Inc.,2025-03-31,Current,Capital Invested
Ab0a5da,A7dd292,"Prefect Technologies, Inc.",2025-03-31,Current,Capital Invested
Ab0a5da,A7dd292,"Rogo Technologies, Inc.",2025-03-31,Current,Capital Invested
Ab0a5da,A7dd292,"SkyRyse, Inc.",2025-03-31,Current,Capital Invested
Ab0a5da,A7dd292,"Storyboard Technology, Inc.",2025-03-31,Current,Capital Invested
A3fdcff,A8bd477,"Inspire Brands, Inc.",2025-03-31,Current,Capital Invested
Aff00c9,A02306d,"ROF V DTSD Properties, LLC",2025-03-31,,"Capital Invested, Deal Status"
A1d6a44,A02306d,"ROF V 816 Congress, LLC",2025-03-31,Current,Capital Invested
A5bfee3,A6a28da,Security Risk Advisors,2025-03-31,,"Capital Invested, Current Cost, Unrealized Value, Deal Status"
A4d752f,A6a28da,"HealthEdge Software, Inc.",2025-03-31,,"Capital Invested, Current Cost, Unrealized Value, Deal Status"
A4d752f,A6a28da,Security Risk Advisors,2025-03-31,,"Capital Invested, Current Cost, Unrealized Value, Deal Status"
Aec91fb,Aeedbe6,Aquarian Holdings I LP,2025-03-31,,"Capital Invested, Current Cost, Unrealized Value, Deal Status"
Aec91fb,Aeedbe6,Aquarian Holdings III,2025-03-31,,"Capital Invested, Current Cost, Unrealized Value, Deal Status"
Aec91fb,Aeedbe6,Aquarian Holdings IV LP,2025-03-31,,"Capital Invested, Current Cost, Unrealized Value, Deal Status"
Aec91fb,Aeedbe6,Recycled Investment,2025-03-31,Fully Exited,Geographic Focus
Ae3893b,A02306d,816 Congress,2025-03-31,Current,Capital Invested
Ae3893b,A02306d,816 Investors,2025-03-31,Current,Capital Invested
Ae3893b,A02306d,D'Andrea,2025-03-31,Current,Capital Invested
Ae3893b,A02306d,Downtown San Diego Portfolio (DTSD),2025-03-31,Current,Capital Invested
Ae3893b,A02306d,"Salt Flats Investments, LLC",2025-03-31,Current,Capital Invested
Ae3893b,A02306d,Trammel Crow Center,2025-03-31,Current,Capital Invested
Aac1486,A3ecea4,"Air Space Intelligence, Inc.",2025-03-31,Current,Capital Invested
Aac1486,A3ecea4,Argent Labs Limited,2025-03-31,Current,Capital Invested
Aac1486,A3ecea4,Auxilius Inc.,2025-03-31,Current,Capital Invested
Aac1486,A3ecea4,"Built Technologies, Inc.",2025-03-31,Current,Capital Invested
Aac1486,A3ecea4,"Charitize, Inc. (dba Rightfoot)",2025-03-31,Current,Capital Invested
Aac1486,A3ecea4,"Daily, Co.",2025-03-31,Current,Capital Invested
Aac1486,A3ecea4,"Get Pie, PBC (dba Pie Labs)",2025-03-31,Current,Capital Invested
Aac1486,A3ecea4,Grammarly,2025-03-31,Current,Capital Invested
Aac1486,A3ecea4,"La Haus, Ltd.",2025-03-31,Current,Capital Invested
Aac1486,A3ecea4,"PathSpot Technologies, Inc.",2025-03-31,Current,Capital Invested
Aac1486,A3ecea4,"RippleMatch, Inc.",2025-03-31,Current,Capital Invested
Aac1486,A3ecea4,"Rootly, Inc.",2025-03-31,Current,Capital Invested
Aac1486,A3ecea4,Spekit Inc.,2025-03-31,Current,Capital Invested
Aac1486,A3ecea4,"Syng, Inc.",2025-03-31,Current,Capital Invested
Aac1486,A3ecea4,"Xariable, Inc. (dba Loop)",2025-03-31,Current,Capital Invested
Af6593f,A8bd477,Inspire Brands,2025-03-31,Current,Capital Invested
Afd1cbe,A8bd477,Pet Retail Brands,2025-03-31,Current,Capital Invested
A99e32e,A8bd477,CKE,2025-03-31,Current,Capital Invested
A99e32e,A8bd477,Driven,2025-03-31,Current,Capital Invested
A99e32e,A8bd477,Massage Envy,2025-03-31,Current,Capital Invested
A99e32e,A8bd477,Miller's Ale House,2025-03-31,Current,Capital Invested
A99e32e,A8bd477,Pet Retail Brands,2025-03-31,Current,Capital Invested
A99e32e,A8bd477,Purpose Brands,2025-03-31,Current,Capital Invested
A996a8a,A8bd477,Culver's,2025-03-31,Current,Capital Invested
A996a8a,A8bd477,Driven,2025-03-31,Current,Capital Invested
A996a8a,A8bd477,"Inspire Brands, Inc.",2025-03-31,Current,Capital Invested
A996a8a,A8bd477,JNN,2025-03-31,Current,Capital Invested
A996a8a,A8bd477,Subway,2025-03-31,Current,Capital Invested
Ace087b,A8bd477,DMG,2025-03-31,Current,Capital Invested
Ace087b,A8bd477,Fitness Connection,2025-03-31,Current,Capital Invested
Ace087b,A8bd477,Inspire Brands (ARG Investment Corp. (Arby's)),2025-03-31,Current,Capital Invested
Ace087b,A8bd477,NbC,2025-03-31,Current,Capital Invested
Ace087b,A8bd477,SMB,2025-03-31,Current,Capital Invested
Ace087b,A8bd477,Subway,2025-03-31,Current,Capital Invested
Ace087b,A8bd477,YEB,2025-03-31,Current,Capital Invested
Aadd548,A8bd477,Asset Living,2025-03-31,Current,Capital Invested
Aadd548,A8bd477,GPRS,2025-03-31,Current,Capital Invested
Aadd548,A8bd477,Mathnasium,2025-03-31,Current,Capital Invested
Aadd548,A8bd477,NbC,2025-03-31,Current,Capital Invested
Aadd548,A8bd477,Parts Town,2025-03-31,Current,Capital Invested
Aadd548,A8bd477,Quatrro,2025-03-31,Current,Capital Invested
Aadd548,A8bd477,SIB,2025-03-31,Current,Capital Invested
Aadd548,A8bd477,Subway,2025-03-31,Current,Capital Invested
A073c3d,A8bd477,Inspire Brands,2025-03-31,Current,Capital Invested
A048b87,Adad2f2,800 Corporate Pointe,2025-03-31,Fully Exited,Capital Invested
A048b87,Adad2f2,Crossroads Business Center,2025-03-31,Fully Exited,Capital Invested
A048b87,Adad2f2,Great America Tech Center,2025-03-31,Fully Exited,Capital Invested
A048b87,Adad2f2,Las Cimas II and III,2025-03-31,Fully Exited,Capital Invested
A048b87,Adad2f2,Metro 101,2025-03-31,Fully Exited,Capital Invested
A048b87,Adad2f2,Northview Corporate Center,2025-03-31,Fully Exited,Capital Invested
A048b87,Adad2f2,PG Joint Venture,2025-03-31,Written Off,Capital Invested
A048b87,Adad2f2,Riata Corporate Park,2025-03-31,Fully Exited,Capital Invested
A048b87,Adad2f2,Riata Crossing,2025-03-31,Fully Exited,Capital Invested
A048b87,Adad2f2,The Campus at Legacy,2025-03-31,Fully Exited,Capital Invested
A048b87,Adad2f2,The Flour Milld,2025-03-31,Fully Exited,Capital Invested
A4d85cc,A6a0407,Halcyon Tech Inc,2025-03-31,Current,Capital Invested
A0d2a71,A6a0407,Miggo Security Ltd.,2025-03-31,,"Capital Invested, Current Cost, Unrealized Value, Deal Status"
A0d2a71,A6a0407,SquareX,2025-03-31,,"Capital Invested, Current Cost, Unrealized Value, Deal Status"
A67395e,A7970a7,CLS Management Services,2025-03-31,Current,Capital Invested
A67395e,A7970a7,High Bar Brands,2025-03-31,Current,Capital Invested
A67395e,A7970a7,L2 Brands,2025-03-31,Current,Capital Invested
A67395e,A7970a7,MCA,2025-03-31,Current,Capital Invested
A67395e,A7970a7,Market Performance Group,2025-03-31,Current,Capital Invested
A67395e,A7970a7,"NSI Parent, LP",2025-03-31,Current,Capital Invested
A67395e,A7970a7,Online Labels Group,2025-03-31,Current,Capital Invested
A67395e,A7970a7,"Spectrum Safety Solutions Parent, L.P.",2025-03-31,Current,Capital Invested
A8d4882,A026529,DoorDash,2025-03-31,Current,Capital Invested
A8d4882,A026529,Instacart,2025-03-31,Current,Capital Invested
A8d4882,A026529,"SC US/E Venture Fund XVIII Management, L.P.",2025-03-31,Current,Capital Invested
A8d4882,A026529,"Sequoia Capital US/E Crypto Fund I, L.P.",2025-03-31,Current,Capital Invested
A8d4882,A026529,"Sequoia Capital US/E Ecosystem Fund I, L.P.",2025-03-31,Current,Capital Invested
A8d4882,A026529,"Sequoia Capital US/E Expansion Fund I, L.P.",2025-03-31,Current,Capital Invested
A8d4882,A026529,"Sequoia Capital US/E Growth Fund X, L.P.",2025-03-31,Current,Capital Invested
A8d4882,A026529,"Sequoia Capital US/E Seed Fund V, L.P.",2025-03-31,Current,Capital Invested
A8d4882,A026529,"Sequoia Capital US/E Venture Fund XVIII, L.P.",2025-03-31,Current,Capital Invested
A8d4882,A026529,SpaceX,2025-03-31,Current,Capital Invested
A8d4882,A026529,Stripe,2025-03-31,Current,Capital Invested
A8d4882,A026529,Unity Technologies,2025-03-31,Current,Capital Invested
A8d4882,A026529,X.AI Holdings (from X),2025-03-31,Current,Capital Invested
A2989df,A86463a,NPI Royalties Fair Value,2025-03-31,Current,"Capital Invested, Current Cost"
A2b73e4,Ad647a1,"Columbia Spectrum Partners VI-A, L.P.",2025-03-31,,"Capital Invested, Current Cost, Unrealized Value, Deal Status"
Af3dbec,Aa8e77d,GlobalWebIndex Holdings Ltd.,2025-03-31,Partially Exited,Current Cost
Af3dbec,Aa8e77d,"Kith Retail, LLC",2025-03-31,Partially Exited,Current Cost
Af3dbec,Aa8e77d,"Kosas Cosmetics, LLC",2025-03-31,Partially Exited,Current Cost
Af3dbec,Aa8e77d,"Levain Bakery, LLC",2025-03-31,Partially Exited,Current Cost
Af3dbec,Aa8e77d,"Nowhere Holdco, LLC dba Erewhon Natural Foods",2025-03-31,Partially Exited,Current Cost
Af3dbec,Aa8e77d,"VerbIt, Inc.",2025-03-31,Partially Exited,Current Cost
Aa0a993,Aa8e77d,"Cards Parent LP (""Collector's Universe"")",2025-03-31,Partially Exited,Current Cost
Aa0a993,Aa8e77d,"Harvest Hosts Parent, LLC (dba HarvestHost)",2025-03-31,Partially Exited,Current Cost
A4fec46,Aa8e77d,"Memoir, Inc.",2025-03-31,,"Capital Invested, Current Cost, Unrealized Value, Deal Status"
A2a4d74,Aa8e77d,"La La Land Kind Cafe, LLC",2025-03-31,,"Capital Invested, Current Cost, Unrealized Value, Deal Status"
A2a4d74,Aa8e77d,"Seven Sundays, LLC",2025-03-31,,"Capital Invested, Current Cost, Unrealized Value, Deal Status"
Ae66dbf,A97e2ad,"StubHub Holdings, Inc.",2025-03-31,Partially Exited,Current Cost
Af4e6f7,A026fe6,"Assembly TS Holdings, LLC",2025-03-31,Current,Capital Invested
Af4e6f7,A026fe6,Champion Elevator Holding Corporation,2025-03-31,Current,Capital Invested
Af4e6f7,A026fe6,"GoHomePort, LLC",2025-03-31,Current,Capital Invested
Af4e6f7,A026fe6,"Interchecks Technologies, Inc",2025-03-31,Current,Capital Invested
Af4e6f7,A026fe6,"Roomors Living, Inc.",2025-03-31,Current,Capital Invested
Af4e6f7,A026fe6,"Service 1st Financial, LLC",2025-03-31,Current,Capital Invested
Af4e6f7,A026fe6,TS-Grove Pt Marinas,2025-03-31,Current,Capital Invested
Af4e6f7,A026fe6,"TSRV-A, LLC",2025-03-31,Current,Capital Invested
Af4e6f7,A026fe6,"Truss Peak Holdings, LLC",2025-03-31,Current,Capital Invested
A56bafa,Ab27df1,Produce Pay Inc.,2025-03-31,Fully Exited,Capital Invested
Ad893bb,A775492,BoomPop,2025-03-31,,"Capital Invested, Current Cost, Unrealized Value, Deal Status"
Ad893bb,A775492,Goodfire AI,2025-03-31,,"Capital Invested, Current Cost, Unrealized Value, Deal Status"
Ad893bb,A775492,Lumana,2025-03-31,,"Capital Invested, Current Cost, Unrealized Value, Deal Status"
Ad893bb,A775492,Remy,2025-03-31,,"Capital Invested, Current Cost, Unrealized Value, Deal Status"
Ad52755,A664a6a,"Paymerang, LLC",2024-12-31,Fully Exited,Capital Invested
Ab73bb9,A664a6a,"eHealth Global Technologies, Inc",2024-12-31,Current,Capital Invested
Ae4d9bf,Ab26f76,AG CC Funding II,2024-12-31,Partially Exited,Current Cost
Ae4d9bf,Ab26f76,Advanced Medaesthetic Partners,2024-12-31,Partially Exited,Current Cost
Ae4d9bf,Ab26f76,Apex Tool,2024-12-31,Partially Exited,Current Cost
Ae4d9bf,Ab26f76,Ardagh,2024-12-31,Partially Exited,Current Cost
Ae4d9bf,Ab26f76,Argano,2024-12-31,Partially Exited,Current Cost
Ae4d9bf,Ab26f76,Bally's Corporation,2024-12-31,Partially Exited,Current Cost
Ae4d9bf,Ab26f76,Bluestar,2024-12-31,Partially Exited,Current Cost
Ae4d9bf,Ab26f76,Brightspeed,2024-12-31,Partially Exited,Current Cost
Ae4d9bf,Ab26f76,Covis Pharma,2024-12-31,Partially Exited,Current Cost
Ae4d9bf,Ab26f76,D4C Dental Brands,2024-12-31,Partially Exited,Current Cost
Ae4d9bf,Ab26f76,Dish,2024-12-31,Partially Exited,Current Cost
Ae4d9bf,Ab26f76,Essential Housing II,2024-12-31,Partially Exited,Current Cost
Ae4d9bf,Ab26f76,Fellers,2024-12-31,Partially Exited,Current Cost
Ae4d9bf,Ab26f76,Frontline Dental,2024-12-31,Partially Exited,Current Cost
Ae4d9bf,Ab26f76,Glatfelter,2024-12-31,Partially Exited,Current Cost
Ae4d9bf,Ab26f76,Hilco Global,2024-12-31,Partially Exited,Current Cost
Ae4d9bf,Ab26f76,K Hovnanian,2024-12-31,Partially Exited,Current Cost
Ae4d9bf,Ab26f76,Landsea,2024-12-31,Partially Exited,Current Cost
Ae4d9bf,Ab26f76,Mary Ruth Organics,2024-12-31,Partially Exited,Current Cost
Ae4d9bf,Ab26f76,Moda Homes,2024-12-31,Partially Exited,Current Cost
Ae4d9bf,Ab26f76,Mountain House,2024-12-31,Partially Exited,Current Cost
Ae4d9bf,Ab26f76,Ocelot Bidco,2024-12-31,Partially Exited,Current Cost
Ae4d9bf,Ab26f76,One Lake,2024-12-31,Partially Exited,Current Cost
Ae4d9bf,Ab26f76,Peerage Realty Partners,2024-12-31,Partially Exited,Current Cost
Ae4d9bf,Ab26f76,Polaris Pharmacy Services,2024-12-31,Partially Exited,Current Cost
Ae4d9bf,Ab26f76,Priority Waste,2024-12-31,Partially Exited,Current Cost
Ae4d9bf,Ab26f76,Realogy Holdings Corp,2024-12-31,Partially Exited,Current Cost
Ae4d9bf,Ab26f76,Revlon II,2024-12-31,Partially Exited,Current Cost
Ae4d9bf,Ab26f76,Ricochet,2024-12-31,Partially Exited,Current Cost
Ae4d9bf,Ab26f76,SJV Homes,2024-12-31,Partially Exited,Current Cost
Ae4d9bf,Ab26f76,Secure Energy,2024-12-31,Partially Exited,Current Cost
Ae4d9bf,Ab26f76,Syndesis,2024-12-31,Partially Exited,Current Cost
Ae4d9bf,Ab26f76,TPG AG Private CLO,2024-12-31,Partially Exited,Current Cost
Ae4d9bf,Ab26f76,Technicolor III,2024-12-31,Partially Exited,Current Cost
Ae4d9bf,Ab26f76,Trinseo,2024-12-31,Partially Exited,Current Cost
Ae4d9bf,Ab26f76,VAC,2024-12-31,Partially Exited,Current Cost
Ae4d9bf,Ab26f76,Victoria PLC,2024-12-31,Partially Exited,Current Cost
Abeff42,Afbe003,Grupo Incendios,2024-12-31,,"Capital Invested, Current Cost, Unrealized Value, Deal Status"
Abeff42,Afbe003,Grupo Recalvi,2024-12-31,,"Capital Invested, Current Cost, Unrealized Value, Deal Status"
Acc9329,A041a39,Hera Health Inc.,2024-12-31,Current,Capital Invested
A1554e9,A664a6a,"Persivia, Inc.",2024-12-31,,"Capital Invested, Current Cost, Unrealized Value, Deal Status"
Ab3ea87,A5d1a01,AGR,2024-12-31,,"Capital Invested, Current Cost, Unrealized Value, Deal Status"
Ab3ea87,A5d1a01,Akers/Ampco- Pittsburgh,2024-12-31,,"Capital Invested, Current Cost, Unrealized Value, Deal Status"
Ab3ea87,A5d1a01,Altor II Holdings Limited,2024-12-31,Current,Capital Invested
Ab3ea87,A5d1a01,Constructor,2024-12-31,,"Capital Invested, Current Cost, Unrealized Value, Deal Status"
Ab3ea87,A5d1a01,Dustin,2024-12-31,,"Capital Invested, Current Cost, Unrealized Value, Deal Status"
Ab3ea87,A5d1a01,EDS (Fund II),2024-12-31,,"Capital Invested, Current Cost, Unrealized Value, Deal Status"
Ab3ea87,A5d1a01,Euro Cater,2024-12-31,,"Capital Invested, Current Cost, Unrealized Value, Deal Status"
Ab3ea87,A5d1a01,Helly Hansen,2024-12-31,,"Capital Invested, Current Cost, Unrealized Value, Deal Status"
Ab3ea87,A5d1a01,Lindorff (Fund II),2024-12-31,,"Capital Invested, Current Cost, Unrealized Value, Deal Status"
Ab3ea87,A5d1a01,NorthStar,2024-12-31,,"Capital Invested, Current Cost, Unrealized Value, Deal Status"
Ab3ea87,A5d1a01,OptiGroup,2024-12-31,Current,Capital Invested
Ab3ea87,A5d1a01,PIAB,2024-12-31,,"Capital Invested, Current Cost, Unrealized Value, Deal Status"
Ab3ea87,A5d1a01,Q-Matic,2024-12-31,Current,Capital Invested
Ab3ea87,A5d1a01,Relacom (Fund II),2024-12-31,,"Capital Invested, Current Cost, Unrealized Value, Deal Status"
Ab3ea87,A5d1a01,SPT Group,2024-12-31,,"Capital Invested, Current Cost, Unrealized Value, Deal Status"
Ab3ea87,A5d1a01,Vatus,2024-12-31,,"Capital Invested, Current Cost, Unrealized Value, Deal Status"
Ab3ea87,A5d1a01,WSS,2024-12-31,Current,Capital Invested
Ae7bb35,A5d1a01,CARNEO CWW,2024-12-31,,"Capital Invested, Current Cost, Unrealized Value, Deal Status"
Ae7bb35,A5d1a01,Carnegie,2024-12-31,,"Capital Invested, Current Cost, Unrealized Value, Deal Status"
Ae7bb35,A5d1a01,Haarslev,2024-12-31,,"Capital Invested, Current Cost, Unrealized Value, Deal Status"
Ae7bb35,A5d1a01,Rossignol,2024-12-31,,"Capital Invested, Current Cost, Unrealized Value, Deal Status"
A6fcde0,A6f625f,"AIM Parent Holdings, LLC",2024-12-31,Current,Capital Invested
A6fcde0,A6f625f,"American Tanker Holding Company, Inc.",2024-12-31,Current,Capital Invested
A6fcde0,A6f625f,"MG Transport Holdings, LLC",2024-12-31,Current,Capital Invested
A6fcde0,A6f625f,Other Investments,2024-12-31,Current,Capital Invested
A6fcde0,A6f625f,U.S. Marine Management LLC,2024-12-31,Current,Capital Invested
A80d33a,Ad15ca3,Armour Group Limited,2024-12-31,Current,Capital Invested
A3cb5c7,A109e0f,"AP Fund Holdings, LP",2024-12-31,Current,Capital Invested
A3cb5c7,A109e0f,"Ara AG Fiber Aggregator, LP",2024-12-31,Current,Capital Invested
A3cb5c7,A109e0f,"Ara Aloxe, Ltd.",2024-12-31,Current,Capital Invested
A3cb5c7,A109e0f,"Ara CM Holdings, LP",2024-12-31,Current,Capital Invested
A3cb5c7,A109e0f,"Ara Divert Holdings, LP",2024-12-31,Current,Capital Invested
A3cb5c7,A109e0f,"Ara Fund II BW Holdings, LP",2024-12-31,Current,Capital Invested
A3cb5c7,A109e0f,"Ara Fund II H2 Holdings, LP",2024-12-31,Current,Capital Invested
A3cb5c7,A109e0f,"Ara Fund II ST Holdings, LP",2024-12-31,Current,Capital Invested
A3cb5c7,A109e0f,"Ara PG Aggregator, LP",2024-12-31,Current,Capital Invested
A3cb5c7,A109e0f,"Ara PS Holdings, LP",2024-12-31,Current,Capital Invested
A3cb5c7,A109e0f,"Ara Repeats Holdings, Ltd.",2024-12-31,Current,Capital Invested
A3cb5c7,A109e0f,"Cycle0 Aggregatorco, Ltd.",2024-12-31,Current,Capital Invested
A3cb5c7,A109e0f,PET AGG Limited (UK),2024-12-31,Current,Capital Invested
A930514,A109e0f,"Ara Sedron Holdings, LP",2024-12-31,Current,Capital Invested
A930514,A109e0f,CFP Energy,2024-12-31,Current,Capital Invested
A930514,A109e0f,Cycle0,2024-12-31,Current,Capital Invested
A930514,A109e0f,Genera,2024-12-31,Current,Capital Invested
A930514,A109e0f,Paratus,2024-12-31,Current,Capital Invested
A930514,A109e0f,Vacuumschmelze (VAC),2024-12-31,Current,Capital Invested
Afc9d9d,A109e0f,"Ara PG Aggregator, LP",2024-12-31,Current,Capital Invested
A6514b0,A109e0f,"Ara VAC IE Aggregator, LP",2024-12-31,Current,Capital Invested
A0e8f48,Aa3bbc4,Memphis Grizzlies,2024-12-31,,"Capital Invested, Current Cost, Unrealized Value, Deal Status"
Acc4ce2,Afc0dbf,"ACF II 4C LLC (""Frisco 1690 Farm to Market LLC"")",2024-12-31,Current,Capital Invested
Acc4ce2,Afc0dbf,"ACF II Durrington LLC (""Stone Oak 21915 US Hwy LLC"")",2024-12-31,Current,Capital Invested
Acc4ce2,Afc0dbf,"ACF II LCV LLC (""Dallas 12500 Merit LLC"")",2024-12-31,Current,Capital Invested
Acc4ce2,Afc0dbf,ACF II Mission Gorge Intermediate LLC,2024-12-31,Current,Capital Invested
Acc4ce2,Afc0dbf,"ACF II Nova LLC (""San Antonio 14200 Vance Jackson LLC"")",2024-12-31,Current,Capital Invested
Acc4ce2,Afc0dbf,"ACF II SJ 8000 Intermediate LLC (""8000 Tartak Street Owners LLC"")",2024-12-31,Current,Capital Invested
Acc4ce2,Afc0dbf,ACF II West Champions LLC,2024-12-31,Current,Capital Invested
Acc4ce2,Afc0dbf,ACF II Woodlands LLC,2024-12-31,Current,Capital Invested
A466539,Afc0dbf,ACP BHI Direct Investment LLC,2024-12-31,Current,Capital Invested
A466539,Afc0dbf,ACP Beechwood Holdco LLC,2024-12-31,Current,Capital Invested
A466539,Afc0dbf,ACP CR Intermediate LLC,2024-12-31,Current,Capital Invested
A466539,Afc0dbf,ACP Corepoint JV LLC,2024-12-31,Current,Capital Invested
A466539,Afc0dbf,ACP Decatur LLC,2024-12-31,Current,Capital Invested
A466539,Afc0dbf,ACP El Segundo Mezz LLC,2024-12-31,Current,Capital Invested
A466539,Afc0dbf,ACP Mesquite Investor LLC,2024-12-31,Current,Capital Invested
A466539,Afc0dbf,ACP Monterey Hotel LLC,2024-12-31,Current,Capital Invested
A466539,Afc0dbf,ACP Newbury 2 Investor Intermediate LLC,2024-12-31,Current,Capital Invested
A466539,Afc0dbf,ACP Perry Intermediate LLC,2024-12-31,Current,Capital Invested
A466539,Afc0dbf,ACP Royal Lahaina LLC,2024-12-31,Current,Capital Invested
A466539,Afc0dbf,ACP SFR Pref LLC,2024-12-31,Current,Capital Invested
A466539,Afc0dbf,ACPC Elle Collections LLC,2024-12-31,Current,Capital Invested
A466539,Afc0dbf,Abacus Alamo Ranch Tenant LP,2024-12-31,Current,Capital Invested
A466539,Afc0dbf,Airport Hotels JV Manager LLC,2024-12-31,Current,Capital Invested
A466539,Afc0dbf,Ascendant Capital Fiber Holdings LLC,2024-12-31,Current,Capital Invested
A466539,Afc0dbf,B/A MF Investments LLC,2024-12-31,Current,Capital Invested
Ab0ee02,A670146,Space Exploration Technologies Corp.,2024-12-31,Current,Capital Invested
A4350ff,A99a662,Addison FundingCo LLC,2024-12-31,Current,"Capital Invested, Current Cost"
A4350ff,A99a662,North America - Legal services mixed company C,2024-12-31,Current,"Capital Invested, Current Cost"
A4350ff,A99a662,North America - Other consumer durables and apparel,2024-12-31,Current,"Capital Invested, Current Cost"
A4350ff,A99a662,"North America - Pharmaceuticals, biotechnology and life sciences company B",2024-12-31,Current,"Capital Invested, Current Cost"
A4f6e3c,A99a662,Europe - Materials company A,2024-12-31,Current,"Capital Invested, Current Cost"
A4f6e3c,A99a662,Europe - Other capital goods,2024-12-31,Current,"Capital Invested, Current Cost"
A4f6e3c,A99a662,Europe - Other materials,2024-12-31,Current,"Capital Invested, Current Cost"
A4f6e3c,A99a662,Europe - Other software and services,2024-12-31,Current,"Capital Invested, Current Cost"
A4f6e3c,A99a662,Europe - Utilities company B,2024-12-31,Current,"Capital Invested, Current Cost"
A4f6e3c,A99a662,Global - Legal services mixed company B,2024-12-31,Current,"Capital Invested, Current Cost"
A4f6e3c,A99a662,North America - Energy company A,2024-12-31,Current,"Capital Invested, Current Cost"
A4f6e3c,A99a662,North America - Information technology company A,2024-12-31,Current,"Capital Invested, Current Cost"
A4f6e3c,A99a662,North America - Information technology company B,2024-12-31,Current,"Capital Invested, Current Cost"
A4f6e3c,A99a662,North America - Other information technology,2024-12-31,Current,"Capital Invested, Current Cost"
A4f6e3c,A99a662,North America - Other insurance companies,2024-12-31,Current,"Capital Invested, Current Cost"
A4f6e3c,A99a662,North America - Other legal services mixed,2024-12-31,Current,"Capital Invested, Current Cost"
A4f6e3c,A99a662,"North America - Other pharmaceuticals, biotechnology and life sciences",2024-12-31,Current,"Capital Invested, Current Cost"
A4f6e3c,A99a662,North America - Other software & services,2024-12-31,Current,"Capital Invested, Current Cost"
A4f6e3c,A99a662,North America - Other technology hardware and equipment,2024-12-31,Current,"Capital Invested, Current Cost"
A4f6e3c,A99a662,South America - Other legal services mixed,2024-12-31,Current,"Capital Invested, Current Cost"
A74c64f,A8be668,ATOM,2024-12-31,Current,Capital Invested
A74c64f,A8be668,Aera Foundation,2024-12-31,Current,Capital Invested
A74c64f,A8be668,"AnchorZero, Inc.",2024-12-31,Current,Capital Invested
A74c64f,A8be668,Arweave,2024-12-31,Current,Capital Invested
A74c64f,A8be668,"Cata Labs, Inc.",2024-12-31,Current,Capital Invested
A74c64f,A8be668,Celestia,2024-12-31,Current,Capital Invested
A74c64f,A8be668,Chronos Labs Limited,2024-12-31,,"Capital Invested, Deal Status"
A74c64f,A8be668,"Curiosity Research, Inc.",2024-12-31,Current,Capital Invested
A74c64f,A8be668,Ethereum,2024-12-31,Current,Capital Invested
A74c64f,A8be668,Fulmin Labs Limited,2024-12-31,Current,Capital Invested
A74c64f,A8be668,Jadu AR Inc.,2024-12-31,Current,Capital Invested
A74c64f,A8be668,Layer-2 Development corp,2024-12-31,Current,Capital Invested
A74c64f,A8be668,M,2024-12-31,Current,Capital Invested
A74c64f,A8be668,Maker,2024-12-31,Current,Capital Invested
A74c64f,A8be668,Medici Collective Co.,2024-12-31,,"Capital Invested, Deal Status"
A74c64f,A8be668,Not Community Labs Inc.,2024-12-31,Current,Capital Invested
A74c64f,A8be668,Offscreen Inc.,2024-12-31,,"Capital Invested, Deal Status"
A74c64f,A8be668,"Orb Labs, Inc.",2024-12-31,,"Capital Invested, Deal Status"
A74c64f,A8be668,Osmosis,2024-12-31,Current,Capital Invested
A74c64f,A8be668,PayPal USD,2024-12-31,Current,Capital Invested
A74c64f,A8be668,"Primitive Bits, Inc.",2024-12-31,Current,Capital Invested
A74c64f,A8be668,"Probably Nothing, Inc.",2024-12-31,Current,Capital Invested
A74c64f,A8be668,"Risc0, Inc.",2024-12-31,Current,Capital Invested
A74c64f,A8be668,Scroll Foundation,2024-12-31,Current,Capital Invested
A74c64f,A8be668,Skip Protocol Inc.,2024-12-31,Current,Capital Invested
A74c64f,A8be668,Solana,2024-12-31,Current,Capital Invested
A74c64f,A8be668,Syncracy Fund Management LLC,2024-12-31,,"Capital Invested, Deal Status"
A74c64f,A8be668,Syncracy Operational Management LLC,2024-12-31,Current,Capital Invested
A74c64f,A8be668,The Next Thing Ltd.,2024-12-31,Current,Capital Invested
A74c64f,A8be668,Tools For Humanity Corporation,2024-12-31,Current,Capital Invested
A74c64f,A8be668,USD Coin,2024-12-31,Current,Capital Invested
A74c64f,A8be668,"Ulvetanna, Inc.",2024-12-31,Current,Capital Invested
A74c64f,A8be668,Uniswap,2024-12-31,Current,Capital Invested
A74c64f,A8be668,"Variational Research, Inc.",2024-12-31,Current,Capital Invested
Af289f4,A8be668,"BCV 2022 AIV, L.P.",2024-12-31,,"Capital Invested, Deal Status"
Af289f4,A8be668,"Bain Capital Crypto Fund II-A, L.P.",2024-12-31,,Deal Status
A6709ea,A586fd2,Air Methods Corp,2024-12-31,Partially Exited,Current Cost
A6709ea,A586fd2,Alvaria Inc,2024-12-31,Partially Exited,Current Cost
A6709ea,A586fd2,Apex Tool Group LLC,2024-12-31,Partially Exited,Current Cost
A6709ea,A586fd2,Arc Gaming & Technologies,2024-12-31,Partially Exited,Current Cost
A6709ea,A586fd2,Array Canada Inc,2024-12-31,Partially Exited,Current Cost
A6709ea,A586fd2,CashRepublic Holdings Inc,2024-12-31,Partially Exited,Current Cost
A6709ea,A586fd2,DAZN Limited,2024-12-31,Partially Exited,Current Cost
A6709ea,A586fd2,Doncasters Group,2024-12-31,Partially Exited,Current Cost
A6709ea,A586fd2,ICP Group,2024-12-31,Partially Exited,Current Cost
A6709ea,A586fd2,Multimedia Music LP,2024-12-31,Partially Exited,Current Cost
A6709ea,A586fd2,New Enterprise Stone & Lime,2024-12-31,Partially Exited,Current Cost
A6709ea,A586fd2,Research Now Group LLC,2024-12-31,Partially Exited,Current Cost
A6709ea,A586fd2,Resolute Investment Managers,2024-12-31,Partially Exited,Current Cost
A6709ea,A586fd2,Scenic Cruises & Tours (2023 Financing),2024-12-31,Partially Exited,Current Cost
A6709ea,A586fd2,Spanish Broadcasting Inc (Debt),2024-12-31,Partially Exited,Current Cost
A6709ea,A586fd2,VATit Group Limited (2023 Facility),2024-12-31,Partially Exited,Current Cost
A279d4f,A586fd2,AllGear Digital LLC (fka Lola Digital Media),2024-12-31,Partially Exited,Current Cost
A279d4f,A586fd2,Alvaria Inc,2024-12-31,Partially Exited,Current Cost
A279d4f,A586fd2,Apex Tool Group LLC,2024-12-31,Partially Exited,Current Cost
A279d4f,A586fd2,Arc Gaming & Technologies,2024-12-31,Partially Exited,Current Cost
A279d4f,A586fd2,Array Canada Inc,2024-12-31,Partially Exited,Current Cost
A279d4f,A586fd2,Clear Channel Worldwide,2024-12-31,Partially Exited,Current Cost
A279d4f,A586fd2,Crown Finance US Inc,2024-12-31,Partially Exited,Current Cost
A279d4f,A586fd2,Culain Capital Management LLC,2024-12-31,Partially Exited,Current Cost
A279d4f,A586fd2,DAZN Limited,2024-12-31,Partially Exited,Current Cost
A279d4f,A586fd2,Doncasters Group,2024-12-31,Partially Exited,Current Cost
A279d4f,A586fd2,F45 Training Holdings Inc,2024-12-31,Partially Exited,Current Cost
A279d4f,A586fd2,Ferroglobe PLC,2024-12-31,Partially Exited,Current Cost
A279d4f,A586fd2,Health First Commercial Plans Inc,2024-12-31,Partially Exited,Current Cost
A279d4f,A586fd2,ICP Group,2024-12-31,Partially Exited,Current Cost
A279d4f,A586fd2,Ligado Networks LLC,2024-12-31,Partially Exited,Current Cost
A279d4f,A586fd2,MD Helicopters Inc,2024-12-31,Partially Exited,Current Cost
A279d4f,A586fd2,Mattress Firm Inc,2024-12-31,Partially Exited,Current Cost
A279d4f,A586fd2,Pepco Group Ltd,2024-12-31,Partially Exited,Current Cost
A279d4f,A586fd2,Phoenix III Recovery LLC,2024-12-31,Partially Exited,Current Cost
A279d4f,A586fd2,Project Gold,2024-12-31,Partially Exited,Current Cost
A279d4f,A586fd2,Project Green,2024-12-31,Partially Exited,Current Cost
A279d4f,A586fd2,Project Indigo,2024-12-31,Partially Exited,Current Cost
A279d4f,A586fd2,Resolute Investment Managers,2024-12-31,Partially Exited,Current Cost
A279d4f,A586fd2,Saatva,2024-12-31,Partially Exited,Current Cost
A279d4f,A586fd2,Signal Energy Constructors LLC,2024-12-31,Partially Exited,Current Cost
A279d4f,A586fd2,Spanish Broadcasting Inc (Debt),2024-12-31,Partially Exited,Current Cost
A279d4f,A586fd2,Steinhoff International,2024-12-31,Partially Exited,Current Cost
A279d4f,A586fd2,Wireless Vision LLC,2024-12-31,Partially Exited,Current Cost
Acd9cbe,A02cb18,Balance Platform,2024-12-31,Written Off,Capital Invested
Acd9cbe,A02cb18,CarPrice,2024-12-31,Written Off,Capital Invested
Acd9cbe,A02cb18,Familia,2024-12-31,Written Off,Capital Invested
Acd9cbe,A02cb18,Itransition,2024-12-31,Written Off,Capital Invested
Acd9cbe,A02cb18,Ozon,2024-12-31,Written Off,Capital Invested
Acd9cbe,A02cb18,Profi,2024-12-31,Written Off,Capital Invested
Acd9cbe,A02cb18,Pulkovo,2024-12-31,Written Off,Capital Invested
Acd9cbe,A02cb18,Renaissance Insurance,2024-12-31,Written Off,Capital Invested
Acd9cbe,A02cb18,Revo,2024-12-31,Written Off,Capital Invested
Acd9cbe,A02cb18,SkyEng,2024-12-31,Written Off,Capital Invested
Acd9cbe,A02cb18,Solopharm,2024-12-31,Written Off,Capital Invested
Acd9cbe,A02cb18,Sravni.ru,2024-12-31,Written Off,Capital Invested
Acd9cbe,A02cb18,Viasat,2024-12-31,Written Off,Capital Invested
Acd9cbe,A02cb18,Voximplant,2024-12-31,Written Off,Capital Invested
Ace7356,Acbde3b,Goldman Sachs Financial Square Government Fund,2024-12-31,Current,"Capital Invested, Current Cost"
Ace7356,Acbde3b,Space Exploration Technologies Corp,2024-12-31,Current,"Capital Invested, Current Cost"
Aa56f0f,A99a662,Cayman Islands - Energy,2024-12-31,Current,"Capital Invested, Current Cost"
Aa56f0f,A99a662,"Cayman Islands - Food, Beverage & Tobacco",2024-12-31,Current,"Capital Invested, Current Cost, Sector"
Aa56f0f,A99a662,Cayman Islands - Health Care Equipment & Services,2024-12-31,Current,"Capital Invested, Current Cost"
Aa56f0f,A99a662,Cayman Islands - Other financial services,2024-12-31,Current,"Capital Invested, Current Cost"
Aa56f0f,A99a662,Europe - Media & Entertainment,2024-12-31,Current,"Capital Invested, Current Cost"
Aa56f0f,A99a662,Europe - Other financial services,2024-12-31,Current,"Capital Invested, Current Cost"
Aa56f0f,A99a662,Europe - Other,2024-12-31,Current,"Capital Invested, Current Cost"
A4ff5ec,Af8f7a9,Airtable,2024-12-31,Current,Capital Invested
A4ff5ec,Af8f7a9,"Cribl, Inc.",2024-12-31,Current,Capital Invested
A4ff5ec,Af8f7a9,"Iterable, Inc.",2024-12-31,Current,Capital Invested
A4ff5ec,Af8f7a9,Kong Inc. (fka Mashape),2024-12-31,Current,Capital Invested
A4ff5ec,Af8f7a9,"Mercury Technologies, Inc.",2024-12-31,Current,Capital Invested
A4ff5ec,Af8f7a9,"Postman, Inc.",2024-12-31,Current,Capital Invested
A4ff5ec,Af8f7a9,"Vercel (fka Zeit, Inc.)",2024-12-31,Current,Capital Invested
A4ff5ec,Af8f7a9,"Wheel Health, Inc.",2024-12-31,Current,Capital Invested
Acc4dee,Af8f7a9,"Cribl, Inc.",2024-12-31,Current,Capital Invested
Acc4dee,Af8f7a9,"Everyday Software, S.L. (dba Factorial HR)",2024-12-31,Current,Capital Invested
Acc4dee,Af8f7a9,Gorgias Inc.,2024-12-31,Current,Capital Invested
Acc4dee,Af8f7a9,"Iterable, Inc.",2024-12-31,Current,Capital Invested
Acc4dee,Af8f7a9,"Vercel, Inc.",2024-12-31,Current,Capital Invested
Acc4dee,Af8f7a9,"Wheel Health, Inc. (fka Enzyme Health)",2024-12-31,Current,Capital Invested
Acc4dee,Af8f7a9,"Xariable, Inc. (dba Loop Returns)",2024-12-31,Current,Capital Invested
Acc4dee,Af8f7a9,"ZipHQ, Inc. (fka Greenbax)",2024-12-31,Current,Capital Invested
A44702b,Af8f7a9,AI Growth Labs Inc.,2024-12-31,Current,Capital Invested
A44702b,Af8f7a9,Aida Technology Corp.,2024-12-31,Current,Capital Invested
A44702b,Af8f7a9,"Apex Technology, Inc.",2024-12-31,Current,Capital Invested
A44702b,Af8f7a9,Astrix Security Ltd.,2024-12-31,Current,Capital Invested
A44702b,Af8f7a9,"Browserbase, Inc",2024-12-31,Current,Capital Invested
A44702b,Af8f7a9,Clerk Inc.,2024-12-31,Current,Capital Invested
A44702b,Af8f7a9,CodeRabbit Inc.,2024-12-31,Current,Capital Invested
A44702b,Af8f7a9,Cyera Ltd. (acq. Trail Security Inc.),2024-12-31,Current,Capital Invested
A44702b,Af8f7a9,Deductive AI,2024-12-31,,"Capital Invested, Current Cost, Unrealized Value, Deal Status"
A44702b,Af8f7a9,Dyna Robotics Inc.,2024-12-31,Current,Capital Invested
A44702b,Af8f7a9,"ETO Labs, Inc. (dba LanceDB)",2024-12-31,Current,Capital Invested
A44702b,Af8f7a9,Eventual Inc.,2024-12-31,Current,Capital Invested
A44702b,Af8f7a9,"Finley Technologies, Inc.",2024-12-31,Current,Capital Invested
A44702b,Af8f7a9,"Flipturn, Inc.",2024-12-31,Current,Capital Invested
A44702b,Af8f7a9,"Flock Group Inc. (acq. Aerodome, Inc.)",2024-12-31,Current,Capital Invested
A44702b,Af8f7a9,Konfetti Inc. (dba Koala),2024-12-31,Current,Capital Invested
A44702b,Af8f7a9,Legit Security Ltd.,2024-12-31,Current,Capital Invested
A44702b,Af8f7a9,Lepton AI Inc.,2024-12-31,Current,Capital Invested
A44702b,Af8f7a9,Mango Capital 2022 LP,2024-12-31,Current,Capital Invested
A44702b,Af8f7a9,Mistro Inc. (dba Stable),2024-12-31,Current,Capital Invested
A44702b,Af8f7a9,"MongoDB, Inc.( acq. Voyage AI Innovations, Inc.)",2024-12-31,Current,Capital Invested
A44702b,Af8f7a9,"Ocean Propeller Fund I, L.P",2024-12-31,Current,Capital Invested
A44702b,Af8f7a9,"Parkade, Inc. (fka Shoup, Inc.)",2024-12-31,Current,Capital Invested
A44702b,Af8f7a9,Pierre.co (aka Rainy Day Group),2024-12-31,Current,Capital Invested
A44702b,Af8f7a9,ProjectDiscovery Inc.,2024-12-31,Current,Capital Invested
A44702b,Af8f7a9,Protege Health Inc.,2024-12-31,Current,Capital Invested
A44702b,Af8f7a9,"Pulley Studios, Inc.",2024-12-31,Current,Capital Invested
A44702b,Af8f7a9,QuickStart and Seed Investments,2024-12-31,Current,Capital Invested
A44702b,Af8f7a9,"Reflection AI, Inc.",2024-12-31,Current,Capital Invested
A44702b,Af8f7a9,"Runner Tech (dba Rundoo, Inc.)",2024-12-31,Current,Capital Invested
A44702b,Af8f7a9,Siro Technologies Inc.,2024-12-31,Current,Capital Invested
A44702b,Af8f7a9,"Strapi, Inc.",2024-12-31,Current,Capital Invested
A44702b,Af8f7a9,"Troubleshooter AI, Inc.",2024-12-31,Current,Capital Invested
Aba6caa,Af8f7a9,"317 Labs, Inc. (dba Emotive)",2024-12-31,Current,Capital Invested
Aba6caa,Af8f7a9,"Abacus Insights, Inc.",2024-12-31,Current,Capital Invested
Aba6caa,Af8f7a9,Automox Inc.,2024-12-31,Current,Capital Invested
Aba6caa,Af8f7a9,"Aviatrix Systems, Inc.",2024-12-31,Current,Capital Invested
Aba6caa,Af8f7a9,"Carrot Fertility, Inc.",2024-12-31,Current,Capital Invested
Aba6caa,Af8f7a9,"Chroma Software, Inc.",2024-12-31,Current,Capital Invested
Aba6caa,Af8f7a9,CortexData Inc. (dba StarTree),2024-12-31,Current,Capital Invested
Aba6caa,Af8f7a9,"Cribl, Inc.",2024-12-31,Current,Capital Invested
Aba6caa,Af8f7a9,"Cybereason, Inc.",2024-12-31,,"Capital Invested, Deal Status"
Aba6caa,Af8f7a9,"Deciduous Therapeutics, Inc.",2024-12-31,Current,Capital Invested
Aba6caa,Af8f7a9,"Dyno Therapeutics, Inc.",2024-12-31,Current,Capital Invested
Aba6caa,Af8f7a9,"Everyday Software, S.L (dba Factorial HR)",2024-12-31,Current,Capital Invested
Aba6caa,Af8f7a9,"Exo Theraeputics, Inc.",2024-12-31,Current,Capital Invested
Aba6caa,Af8f7a9,Formagrid Inc (dba Airtable),2024-12-31,Current,Capital Invested
Aba6caa,Af8f7a9,Gatsby Inc.,2024-12-31,Current,Capital Invested
Aba6caa,Af8f7a9,Great Expectations,2024-12-31,Current,Capital Invested
Aba6caa,Af8f7a9,"GreyNoise Intelligence, Inc.",2024-12-31,Current,Capital Invested
Aba6caa,Af8f7a9,"Kapwing, Inc.",2024-12-31,Current,Capital Invested
Aba6caa,Af8f7a9,"Karat Financial Technologies, Inc",2024-12-31,Current,Capital Invested
Aba6caa,Af8f7a9,"Ketch Kloud, Inc. (fka Switchbit)",2024-12-31,Current,Capital Invested
Aba6caa,Af8f7a9,"Kodiak Robotics, Inc.",2024-12-31,Current,Capital Invested
Aba6caa,Af8f7a9,Mango Capital 2018 LP,2024-12-31,Current,Capital Invested
Aba6caa,Af8f7a9,"Mercury Technologies, Inc.",2024-12-31,Current,Capital Invested
Aba6caa,Af8f7a9,"Niantic, Inc.",2024-12-31,Current,Capital Invested
Aba6caa,Af8f7a9,"Nobl9, Inc. (fka Meshmark)",2024-12-31,Current,Capital Invested
Aba6caa,Af8f7a9,OfficeHours Technologies Co.,2024-12-31,Current,Capital Invested
Aba6caa,Af8f7a9,Osmos,2024-12-31,Current,Capital Invested
Aba6caa,Af8f7a9,Passive/QuickStart and Seed Investments,2024-12-31,Current,Capital Invested
Aba6caa,Af8f7a9,"Plexium, Inc.",2024-12-31,Current,Capital Invested
Aba6caa,Af8f7a9,"Postman, Inc.",2024-12-31,Current,Capital Invested
Aba6caa,Af8f7a9,"Quantive, Inc. (fka Gtmhub)",2024-12-31,,"Capital Invested, Deal Status"
Aba6caa,Af8f7a9,Qubole Inc. (fka Canopy Data Inc.),2024-12-31,Current,Capital Invested
Aba6caa,Af8f7a9,"ResortPass, Inc.",2024-12-31,Current,Capital Invested
Aba6caa,Af8f7a9,"Sand Dollar Newco, Inc. (acq. Drift.com, Inc.)",2024-12-31,,"Capital Invested, Deal Status"
Aba6caa,Af8f7a9,"Sleuth Enterprises, Inc.",2024-12-31,Current,Capital Invested
Aba6caa,Af8f7a9,"Sonic Topco, L.P (acq. Figure Solutions)",2024-12-31,Current,Capital Invested
Aba6caa,Af8f7a9,Squire Technologies,2024-12-31,Current,Capital Invested
Aba6caa,Af8f7a9,"Storyboard Technology, Inc.",2024-12-31,Current,Capital Invested
Aba6caa,Af8f7a9,"SunBird Bio, Inc. (acq. Glympse Bio)",2024-12-31,Current,Capital Invested
Aba6caa,Af8f7a9,"Switch Therapeutics, Inc.",2024-12-31,Current,Capital Invested
Aba6caa,Af8f7a9,Talon.One,2024-12-31,Current,Capital Invested
Aba6caa,Af8f7a9,"Tribe Technologies, Inc.",2024-12-31,Current,Capital Invested
Aba6caa,Af8f7a9,"Viz.ai, Inc.",2024-12-31,Current,Capital Invested
Aba6caa,Af8f7a9,"Waitwhile, Inc.",2024-12-31,,"Capital Invested, Deal Status"
Aba6caa,Af8f7a9,"Wheel Health, Inc. (fka Enzyme Health)",2024-12-31,Current,Capital Invested
Aba6caa,Af8f7a9,"Wild Type, Inc.",2024-12-31,Current,Capital Invested
Aba6caa,Af8f7a9,"Workstream Technologies, Inc.",2024-12-31,Current,Capital Invested
Aba6caa,Af8f7a9,"Zoba, Inc.",2024-12-31,,"Capital Invested, Deal Status"
Af390f9,Af8f7a9,"Release Technologies, Inc.",2024-12-31,Written Down,Capital Invested
Af390f9,Af8f7a9,"Shef, Inc.",2024-12-31,Written Down,Capital Invested
Af390f9,Af8f7a9,"Zoba, Inc.",2024-12-31,Written Down,Capital Invested
A73be2a,18be12,Auraria Student Lofts,2024-12-31,,Deal Status
A73be2a,18be12,Drewery Place,2024-12-31,,Deal Status
A73be2a,18be12,Embassy Suites,2024-12-31,,Deal Status
A73be2a,18be12,Integra Vistas Apartments,2024-12-31,,Deal Status
A73be2a,18be12,L&O Apartments,2024-12-31,,Deal Status
A73be2a,18be12,Parkview on Hollybrook,2024-12-31,,Deal Status
A73be2a,18be12,Pell Public Storage,2024-12-31,,Deal Status
A73be2a,18be12,Rhode Island Student Housing,2024-12-31,,Deal Status
A73be2a,18be12,The Westerly,2024-12-31,,Deal Status
A73be2a,18be12,Thirty75 Tech,2024-12-31,,Deal Status
A73be2a,18be12,VivaBella,2024-12-31,,Deal Status
A5494b2,18be12,199 Chrystie Street,2024-12-31,Fully Exited,Sector
A5494b2,18be12,2028 NE Multnomah Street,2024-12-31,Fully Exited,Sector
A5494b2,18be12,21-30 44th Drive,2024-12-31,Fully Exited,Sector
A5494b2,18be12,3400 Sunset,2024-12-31,Fully Exited,Sector
A5494b2,18be12,Allure,2024-12-31,Fully Exited,Sector
A5494b2,18be12,Bailly Ridge,2024-12-31,Fully Exited,Sector
A5494b2,18be12,Carte Hotel,2024-12-31,Fully Exited,Sector
A5494b2,18be12,Griffin Plaza,2024-12-31,Fully Exited,Sector
A5494b2,18be12,Hyatt House at USC HSC,2024-12-31,Fully Exited,Sector
A5494b2,18be12,Montabella Pointe II,2024-12-31,Fully Exited,Sector
A5494b2,18be12,Moxy South Beach,2024-12-31,Fully Exited,Sector
A5494b2,18be12,NoHo Millennium II,2024-12-31,Fully Exited,Sector
A5494b2,18be12,North San Jose Hotel,2024-12-31,Fully Exited,Sector
A5494b2,18be12,"Parkside at City Center - Aurora, CO",2024-12-31,Current,Sector
A5494b2,18be12,Parkstone at Knightdale,2024-12-31,Fully Exited,Sector
A5494b2,18be12,Parkwood Station,2024-12-31,Fully Exited,Sector
A5494b2,18be12,Refugio Townhomes,2024-12-31,Fully Exited,Sector
A5494b2,18be12,Shorecrest Club,2024-12-31,Fully Exited,Sector
A5494b2,18be12,The Realm at Castle Hills 1A,2024-12-31,Fully Exited,Sector
A5494b2,18be12,The Realm at Castle Hills 1B,2024-12-31,Fully Exited,Sector
A5494b2,18be12,Verse at The Boro,2024-12-31,Fully Exited,Sector
A5494b2,18be12,Vine North Hills,2024-12-31,Fully Exited,Sector
Aa71003,18be12,35 Stone,2024-12-31,Current,Capital Invested
Aa71003,18be12,Aer Lamar,2024-12-31,Current,Capital Invested
Aa71003,18be12,Freddie Mac 2022 - KF134 B Piece,2024-12-31,Current,Capital Invested
Aa71003,18be12,Freddie Mac 2022 - KF145 B Piece,2024-12-31,Current,Capital Invested
Aa71003,18be12,Freddie Mac 2022 - KF151,2024-12-31,Current,Capital Invested
Aa71003,18be12,Freddie Mac 2023 - KF151 B Piece,2024-12-31,,"Capital Invested, Current Cost, Unrealized Value, Deal Status"
Aa71003,18be12,Inspire Sonoran Desert,2024-12-31,Current,Capital Invested
Aa71003,18be12,JP Morgan Facility Portfolio,2024-12-31,Current,Capital Invested
Aa71003,18be12,Navona,2024-12-31,Current,Capital Invested
Aa71003,18be12,Parkstone at Indian Land,2024-12-31,,"Capital Invested, Current Cost, Unrealized Value, Deal Status"
Aa71003,18be12,South Tryon Flats,2024-12-31,Current,Capital Invested
Aa71003,18be12,The Valiant,2024-12-31,Current,Capital Invested
Aa71003,18be12,Towerview at Ballantyne,2024-12-31,Current,Capital Invested
A153d68,A08aac2,The Towers at Rincon,2024-12-31,Partially Exited,Current Cost
A103ce5,A348789,Thorley Industries LLC (4Moms),2024-12-31,,"Capital Invested, Deal Status"
Ab4033d,A91b7d0,Beacon Platform Incorporated,2024-12-31,,"Capital Invested, Current Cost, Unrealized Value, Deal Status"
Ab4033d,A91b7d0,"The Helper Bees, Inc.",2024-12-31,,"Capital Invested, Current Cost, Unrealized Value, Deal Status"
Ab4033d,A91b7d0,"WarrCloud, Inc",2024-12-31,,"Capital Invested, Current Cost, Unrealized Value, Deal Status"
Aa5bde6,A91b7d0,"CertifID, Inc",2024-12-31,,"Capital Invested, Current Cost, Unrealized Value, Deal Status"
Aa5bde6,A91b7d0,"Reggora, Inc.",2024-12-31,,"Capital Invested, Current Cost, Unrealized Value, Deal Status"
Aa5bde6,A91b7d0,"RetireGo, Inc. (dba 401Go)",2024-12-31,,"Capital Invested, Current Cost, Unrealized Value, Deal Status"
Aa5bde6,A91b7d0,"RunBuggy OMI, Inc",2024-12-31,,"Capital Invested, Current Cost, Unrealized Value, Deal Status"
Aa5bde6,A91b7d0,"Tava Health, Inc.",2024-12-31,,"Capital Invested, Current Cost, Unrealized Value, Deal Status"
Aa5bde6,A91b7d0,"The Helper Bees, Inc.",2024-12-31,,"Capital Invested, Current Cost, Unrealized Value, Deal Status"
A73775f,Af8f7a9,"3T Biosciences, Inc.",2024-12-31,Written Down,Capital Invested
A73775f,Af8f7a9,"Amino, Inc.",2024-12-31,Written Off,Capital Invested
A73775f,Af8f7a9,"Blockchain Luxembourg S.A. (acq. Tsukemen, Inc.)",2024-12-31,Written Down,Capital Invested
A73775f,Af8f7a9,Eager Platform Co.,2024-12-31,Written Off,Capital Invested
A73775f,Af8f7a9,"Fallacy Labs, Inc. (dba Slab)",2024-12-31,Written Down,Capital Invested
A73775f,Af8f7a9,"Ninoh, Inc. (dba Agolo)",2024-12-31,Written Down,Capital Invested
A73775f,Af8f7a9,Pared Inc,2024-12-31,Written Down,Capital Invested
A73775f,Af8f7a9,"Potential Energy Labs, Inc. (dba Atrium)",2024-12-31,Written Down,Capital Invested
A73775f,Af8f7a9,"Recursion Pharmaceuticals, Inc.",2024-12-31,Fully Exited,Capital Invested
A73775f,Af8f7a9,"Saurus, Inc. (dba imzy)",2024-12-31,Written Off,Capital Invested
A73775f,Af8f7a9,"Standard Cognition, Corp.",2024-12-31,Written Down,Capital Invested
A73775f,Af8f7a9,"Stella.ai, Inc.",2024-12-31,Written Down,Capital Invested
A73775f,Af8f7a9,Uppercase (fka thisopenspace inc.),2024-12-31,Written Down,Capital Invested
A40cc93,A49a079,"Altamira Parent Holdings, LLC",2024-12-31,Current,Capital Invested
A40cc93,A49a079,"AppOmni, Inc.",2024-12-31,Current,Capital Invested
A40cc93,A49a079,"Arctic Wolf Networks, Inc. (f/k/a Revelstoke)",2024-12-31,Current,Capital Invested
A40cc93,A49a079,"Authentic8, Inc.",2024-12-31,Current,Capital Invested
A40cc93,A49a079,BigID Inc.,2024-12-31,Current,Capital Invested
A40cc93,A49a079,"Databricks, Inc. (f/k/a Okera)",2024-12-31,Current,Capital Invested
A40cc93,A49a079,"Diamanti, Inc.",2024-12-31,Current,Capital Invested
A40cc93,A49a079,"Frontier Aggregator, LLC (f/k/a Fortress Security)",2024-12-31,Current,Capital Invested
A40cc93,A49a079,Harness Inc. (f/k/a ZeroNorth),2024-12-31,Current,Capital Invested
A40cc93,A49a079,Inky Technology Corporation,2024-12-31,Current,Capital Invested
A40cc93,A49a079,KKR Olive Co-Invest L.P. (a/k/a Optiv),2024-12-31,Current,Capital Invested
A40cc93,A49a079,Mitiga Security Inc.,2024-12-31,Current,Capital Invested
A40cc93,A49a079,"Phylum, Inc.",2024-12-31,Current,Capital Invested
A40cc93,A49a079,"ProcessUnity ComboCo, LLC (f/k/a CyberGRX)",2024-12-31,Current,Capital Invested
A40cc93,A49a079,"Query.AI, Inc.",2024-12-31,Current,Capital Invested
A40cc93,A49a079,"Singularity TopCo LLC (a/k/a Human, f/k/a White Ops)",2024-12-31,Current,Capital Invested
Ae64fa8,A97e2ad,"Delight HoldCo 3, LLC",2024-12-31,Partially Exited,Current Cost
Aba444d,A97e2ad,"Delight HoldCo 4, LLC",2024-12-31,Partially Exited,Current Cost
Ab80ef5,A7d02b3,Apax X L.P.,2024-12-31,Current,"Capital Invested, Current Cost"
Ab80ef5,A7d02b3,"Ares Corporate Opportunities Fund VI, L.P.",2024-12-31,Current,"Capital Invested, Current Cost"
Ab80ef5,A7d02b3,"Audax Private Equity Fund VII-B, L.P.",2024-12-31,,"Capital Invested, Current Cost, Unrealized Value, Deal Status"
Ab80ef5,A7d02b3,BC Partners Fund XI,2024-12-31,,"Capital Invested, Current Cost, Unrealized Value, Deal Status"
Ab80ef5,A7d02b3,"Baring Asia Private Equity Fund VIII, L.P.",2024-12-31,Current,"Capital Invested, Current Cost"
Ab80ef5,A7d02b3,Blackstone Tactical Opportunities Fund IV L.P.,2024-12-31,Current,"Capital Invested, Current Cost"
Ab80ef5,A7d02b3,Bridgepoint Europe VII,2024-12-31,Partially Exited,Current Cost
Ab80ef5,A7d02b3,"CPE China Fund IV, L.P.",2024-12-31,Partially Exited,Current Cost
Ab80ef5,A7d02b3,CVC Capital Partners Asia V L.P.,2024-12-31,Partially Exited,Current Cost
Ab80ef5,A7d02b3,"Centerbridge Capital Partners IV, L.P.",2024-12-31,Current,"Capital Invested, Current Cost"
Ab80ef5,A7d02b3,"Clayton, Dubilier & Rice Fund XI, L.P.",2024-12-31,Partially Exited,Current Cost
Ab80ef5,A7d02b3,"Francisco Partners VI, L.P.",2024-12-31,Partially Exited,Current Cost
Ab80ef5,A7d02b3,"Francisco Partners VII, L.P.",2024-12-31,,"Capital Invested, Current Cost, Unrealized Value, Deal Status"
Ab80ef5,A7d02b3,GI Partners Fund VI LP,2024-12-31,Current,"Capital Invested, Current Cost"
Ab80ef5,A7d02b3,IDG China Venture Capital Fund VII L.P.,2024-12-31,Current,"Capital Invested, Current Cost"
Ab80ef5,A7d02b3,KKR Asian Fund IV SCSp,2024-12-31,Current,"Capital Invested, Current Cost"
Ab80ef5,A7d02b3,"L Catterton IX, L.P.",2024-12-31,Partially Exited,Current Cost
Ab80ef5,A7d02b3,"MBK Partners Fund V, L.P.",2024-12-31,Partially Exited,Current Cost
Ab80ef5,A7d02b3,Montagu VI L.P.,2024-12-31,Partially Exited,Current Cost
Ab80ef5,A7d02b3,"New Mountain Partners VI, L.P.",2024-12-31,Current,"Capital Invested, Current Cost"
Ab80ef5,A7d02b3,"Nordic Capital Fund XI, L.P.",2024-12-31,,"Capital Invested, Current Cost, Unrealized Value, Deal Status"
Ab80ef5,A7d02b3,"Nordic Capital X, L.P.",2024-12-31,Current,"Capital Invested, Current Cost"
Ab80ef5,A7d02b3,"Oak Hill Capital Partners V, L.P.",2024-12-31,Current,"Capital Invested, Current Cost"
Ab80ef5,A7d02b3,Oakley Capital V-B1 SCSp,2024-12-31,Current,"Capital Invested, Current Cost"
Ab80ef5,A7d02b3,PAI Partners VIII-1 SCSp,2024-12-31,,"Capital Invested, Current Cost, Unrealized Value, Deal Status"
Ab80ef5,A7d02b3,"PSG V, L.P.",2024-12-31,Current,"Capital Invested, Current Cost"
Ab80ef5,A7d02b3,Project Antarctica,2024-12-31,Partially Exited,Current Cost
Ab80ef5,A7d02b3,Project Ash,2024-12-31,Partially Exited,Current Cost
Ab80ef5,A7d02b3,Project Balvenie,2024-12-31,Partially Exited,Current Cost
Ab80ef5,A7d02b3,Project Boylston,2024-12-31,Partially Exited,Current Cost
Ab80ef5,A7d02b3,Project Cadence,2024-12-31,Partially Exited,Current Cost
Ab80ef5,A7d02b3,Project Ceres,2024-12-31,Partially Exited,Current Cost
Ab80ef5,A7d02b3,Project Cereza,2024-12-31,Partially Exited,Current Cost
Ab80ef5,A7d02b3,Project Chimera,2024-12-31,Partially Exited,Current Cost
Ab80ef5,A7d02b3,Project Clover,2024-12-31,Partially Exited,Current Cost
Ab80ef5,A7d02b3,Project Crestone,2024-12-31,Partially Exited,Current Cost
Ab80ef5,A7d02b3,Project Digital,2024-12-31,Partially Exited,Current Cost
Ab80ef5,A7d02b3,Project Eight,2024-12-31,Partially Exited,Current Cost
Ab80ef5,A7d02b3,Project Fig,2024-12-31,Partially Exited,Current Cost
Ab80ef5,A7d02b3,Project Gallop,2024-12-31,Partially Exited,Current Cost
Ab80ef5,A7d02b3,Project Giant,2024-12-31,Partially Exited,Current Cost
Ab80ef5,A7d02b3,Project Grasshopper,2024-12-31,Partially Exited,Current Cost
Ab80ef5,A7d02b3,Project Hercules,2024-12-31,Partially Exited,Current Cost
Ab80ef5,A7d02b3,Project Hybrid,2024-12-31,Partially Exited,Current Cost
Ab80ef5,A7d02b3,Project ICON,2024-12-31,Partially Exited,Current Cost
Ab80ef5,A7d02b3,Project Kansas,2024-12-31,Partially Exited,Current Cost
Ab80ef5,A7d02b3,Project Lagoon,2024-12-31,Partially Exited,Current Cost
Ab80ef5,A7d02b3,Project Lloyds,2024-12-31,Partially Exited,Current Cost
Ab80ef5,A7d02b3,Project Newton,2024-12-31,Partially Exited,Current Cost
Ab80ef5,A7d02b3,Project Orion,2024-12-31,Partially Exited,Current Cost
Ab80ef5,A7d02b3,Project Pearl,2024-12-31,Partially Exited,Current Cost
Ab80ef5,A7d02b3,Project Pioneer,2024-12-31,Partially Exited,Current Cost
Ab80ef5,A7d02b3,Project Plymouth,2024-12-31,Partially Exited,Current Cost
Ab80ef5,A7d02b3,Project Pomelo,2024-12-31,Partially Exited,Current Cost
Ab80ef5,A7d02b3,Project Purple,2024-12-31,Partially Exited,Current Cost
Ab80ef5,A7d02b3,Project Raindrop,2024-12-31,Partially Exited,Current Cost
Ab80ef5,A7d02b3,Project Roast,2024-12-31,Partially Exited,Current Cost
Ab80ef5,A7d02b3,Project Sapphire,2024-12-31,Partially Exited,Current Cost
Ab80ef5,A7d02b3,Project Spike,2024-12-31,Partially Exited,Current Cost
Ab80ef5,A7d02b3,Project Spire,2024-12-31,Partially Exited,Current Cost
Ab80ef5,A7d02b3,Project Tilburg,2024-12-31,Partially Exited,Current Cost
Ab80ef5,A7d02b3,Project Timber II,2024-12-31,Partially Exited,Current Cost
Ab80ef5,A7d02b3,Project Triangle,2024-12-31,Partially Exited,Current Cost
Ab80ef5,A7d02b3,Project Twenty-Four,2024-12-31,Partially Exited,Current Cost
Ab80ef5,A7d02b3,Project Voyage,2024-12-31,Partially Exited,Current Cost
Ab80ef5,A7d02b3,Roark Capital Partners VI LP,2024-12-31,,"Capital Invested, Current Cost, Unrealized Value, Deal Status"
Ab80ef5,A7d02b3,"TPG Growth V, L.P.",2024-12-31,Partially Exited,Current Cost
Ab80ef5,A7d02b3,"The Veritas Capital Fund VII, L.P.",2024-12-31,Current,"Capital Invested, Current Cost"
Ab80ef5,A7d02b3,"The Veritas Capital Fund VIII, L.P.",2024-12-31,,"Capital Invested, Current Cost, Unrealized Value, Deal Status"
Ab80ef5,A7d02b3,"Thomas H. Lee Equity Fund IX, L.P.",2024-12-31,Current,"Capital Invested, Current Cost"
Ab80ef5,A7d02b3,"Tiger Global Private Investment Partners XV, L.P.",2024-12-31,Current,"Capital Invested, Current Cost"
Ab80ef5,A7d02b3,"Trident IX, L.P.",2024-12-31,Partially Exited,Current Cost
Ab80ef5,A7d02b3,"Trident VIII, L.P.",2024-12-31,Partially Exited,Current Cost
Ab80ef5,A7d02b3,Undisclosed Investments,2024-12-31,Partially Exited,Current Cost
Ab80ef5,A7d02b3,"WCAS XIV, L.P.",2024-12-31,Current,"Capital Invested, Current Cost"
Ac472e1,A7d02b3,Altor Fund VI (No. 2) AB,2024-12-31,,"Capital Invested, Current Cost, Unrealized Value, Deal Status"
Ac472e1,A7d02b3,Apax XI USD L.P.,2024-12-31,,"Capital Invested, Current Cost, Unrealized Value, Deal Status"
Ac472e1,A7d02b3,"Apollo Investment Fund X, L.P.",2024-12-31,Current,"Capital Invested, Current Cost"
Ac472e1,A7d02b3,"Carlyle Asia Partners VI, L.P.",2024-12-31,Written Off,Capital Invested
Ac472e1,A7d02b3,"Centerbridge Capital Partners V, L.P.",2024-12-31,Current,"Capital Invested, Current Cost"
Ac472e1,A7d02b3,EMK Capital Partners III LP,2024-12-31,Current,"Capital Invested, Current Cost"
Ac472e1,A7d02b3,InvestIndustrial VIII SCSp,2024-12-31,Current,"Capital Invested, Current Cost"
Ac472e1,A7d02b3,"K6 Private Investors, L.P.",2024-12-31,Written Off,Capital Invested
Ac472e1,A7d02b3,"KPS Special Situations Fund VI, LP",2024-12-31,Current,"Capital Invested, Current Cost"
Ac472e1,A7d02b3,Norvestor IX SCSp,2024-12-31,Current,"Capital Invested, Current Cost"
Ac472e1,A7d02b3,"Oak Hill Capital Partners VI, L.P.",2024-12-31,Partially Exited,Current Cost
Ac472e1,A7d02b3,PAG Asia IV LP,2024-12-31,,"Capital Invested, Current Cost, Unrealized Value, Deal Status"
Ac472e1,A7d02b3,"PSG VI, L.P.",2024-12-31,,"Capital Invested, Current Cost, Unrealized Value, Deal Status"
Ac472e1,A7d02b3,"Platinum Equity Capital Partners VI, L.P.",2024-12-31,Current,"Capital Invested, Current Cost"
Ac472e1,A7d02b3,Project Barley,2024-12-31,Partially Exited,Current Cost
Ac472e1,A7d02b3,Project Clementine,2024-12-31,Partially Exited,Current Cost
Ac472e1,A7d02b3,Project Fairy,2024-12-31,Partially Exited,Current Cost
Ac472e1,A7d02b3,Project Gondor,2024-12-31,Partially Exited,Current Cost
Ac472e1,A7d02b3,Project Graduate,2024-12-31,Partially Exited,Current Cost
Ac472e1,A7d02b3,Project Jade,2024-12-31,Partially Exited,Current Cost
Ac472e1,A7d02b3,Project Loch,2024-12-31,Partially Exited,Current Cost
Ac472e1,A7d02b3,Project Macedonia,2024-12-31,Partially Exited,Current Cost
Ac472e1,A7d02b3,Project Nancy,2024-12-31,Partially Exited,Current Cost
Ac472e1,A7d02b3,Project Perth,2024-12-31,Partially Exited,Current Cost
Ac472e1,A7d02b3,Project Raindrop,2024-12-31,Partially Exited,Current Cost
Ac472e1,A7d02b3,Project Rooster,2024-12-31,Partially Exited,Current Cost
Ac472e1,A7d02b3,Project Spear,2024-12-31,Partially Exited,Current Cost
Ac472e1,A7d02b3,Project Twenty-Four,2024-12-31,Partially Exited,Current Cost
Ac472e1,A7d02b3,Project Waltz,2024-12-31,Partially Exited,Current Cost
Ac472e1,A7d02b3,Project Wings,2024-12-31,Partially Exited,Current Cost
Ac472e1,A7d02b3,"TPG Partners IX, L.P.",2024-12-31,Partially Exited,Current Cost
Ac472e1,A7d02b3,The Triton Fund VI,2024-12-31,,"Capital Invested, Current Cost, Unrealized Value, Deal Status"
Ac472e1,A7d02b3,"TowerBrook Investors VI (Onshore), L.P.",2024-12-31,Partially Exited,Current Cost
Ac472e1,A7d02b3,Undisclosed Investments,2024-12-31,Partially Exited,Current Cost
Aa12a53,A8bd477,Driven Brands Holdings Inc.,2024-12-31,Current,Capital Invested
Acac167,A97e2ad,"EMP Belstar Superfreeze Group Holdings, LLC",2024-12-31,,Deal Status
A9ffbf3,Ad7e703,American Secure Living Inc.; aka Longmark,2024-12-31,Current,Capital Invested
A9ffbf3,Ad7e703,"Bloom Studios, Inc.; aka Indigo",2024-12-31,Current,Capital Invested
A9ffbf3,Ad7e703,"Homeward, Inc.",2024-12-31,Current,Capital Invested
A9ffbf3,Ad7e703,"Honey Homes, Inc.",2024-12-31,Current,Capital Invested
A9ffbf3,Ad7e703,Latii Inc.,2024-12-31,Current,Capital Invested
A9ffbf3,Ad7e703,Mainstay Labs Inc. aka Open Exchange Labs Inc.,2024-12-31,Current,Capital Invested
A9ffbf3,Ad7e703,Ostrich X Ltd,2024-12-31,Current,Capital Invested
A9ffbf3,Ad7e703,"PassiveLogic, Inc.",2024-12-31,Current,Capital Invested
A9ffbf3,Ad7e703,"Shepherd Labs, Inc.",2024-12-31,Current,Capital Invested
A9ffbf3,Ad7e703,"Suffolk Technology Boost, LLC",2024-12-31,Current,Capital Invested
A9ffbf3,Ad7e703,"TKTK Media, Inc.",2024-12-31,Current,Capital Invested
A9ffbf3,Ad7e703,ViaBot Inc.,2024-12-31,Current,Capital Invested
A9ffbf3,Ad7e703,Welcome Building Corporation,2024-12-31,Current,Capital Invested
A9c9bb9,A0c2722,ENGLISH RESIDENTIAL LAND PARTNERSHIP,2024-12-31,Partially Exited,Capital Invested
A615cff,A18fded,"NPC International, Inc.",2024-12-31,Current,Capital Invested
A29c2b9,Aed3782,AB Centers Acquisition Corporation,2024-12-31,Current,"Capital Invested, Current Cost"
A29c2b9,Aed3782,"ACP Avenu Buyer, LLC",2024-12-31,Current,"Capital Invested, Current Cost"
A29c2b9,Aed3782,"Atlas AU Bidco Pty Ltd / Atlas US Finco, Inc.",2024-12-31,Current,"Capital Invested, Current Cost"
A29c2b9,Aed3782,"BeBright MSO, LLC",2024-12-31,Current,"Capital Invested, Current Cost"
A29c2b9,Aed3782,"CCI Prime, LLC",2024-12-31,Current,"Capital Invested, Current Cost"
A29c2b9,Aed3782,CUB Financing Intermediate,2024-12-31,Current,"Capital Invested, Current Cost"
A29c2b9,Aed3782,"Cytracom, LLC",2024-12-31,Current,"Capital Invested, Current Cost"
A29c2b9,Aed3782,"EDS Buyer, LLC",2024-12-31,Current,"Capital Invested, Current Cost"
A29c2b9,Aed3782,Endurance PT Technology Buyer Corporation,2024-12-31,Current,"Capital Invested, Current Cost"
A29c2b9,Aed3782,"Houseworks Holdings, LLC",2024-12-31,Current,"Capital Invested, Current Cost"
A29c2b9,Aed3782,"Infusion Services Management, LLC",2024-12-31,Current,"Capital Invested, Current Cost"
A29c2b9,Aed3782,"LACO Industries, LLC",2024-12-31,Current,"Capital Invested, Current Cost"
A29c2b9,Aed3782,"MoboTrex, LLC",2024-12-31,Current,"Capital Invested, Current Cost"
A29c2b9,Aed3782,Mustang Prospects Purchaser LLC,2024-12-31,Current,"Capital Invested, Current Cost"
A29c2b9,Aed3782,NAM Acquisition Co LLC,2024-12-31,Current,"Capital Invested, Current Cost"
A29c2b9,Aed3782,"Pavement Partners Interco, LLC",2024-12-31,Current,"Capital Invested, Current Cost"
A29c2b9,Aed3782,"Quick Roofing Acquisition, LLC",2024-12-31,Current,"Capital Invested, Current Cost"
A29c2b9,Aed3782,RPX Corporation,2024-12-31,Current,"Capital Invested, Current Cost"
A29c2b9,Aed3782,"RxStrategies, Inc.",2024-12-31,Current,"Capital Invested, Current Cost"
A29c2b9,Aed3782,"Sabrosura Foods, LLC",2024-12-31,Current,"Capital Invested, Current Cost"
A29c2b9,Aed3782,State Street Institutional Treasury Plus Money Market Fund,2024-12-31,Current,"Capital Invested, Current Cost"
A29c2b9,Aed3782,"The Smilist DSO, LLC",2024-12-31,Current,"Capital Invested, Current Cost"
A29c2b9,Aed3782,"Tiger Healthcare Buyer, LLC",2024-12-31,Current,"Capital Invested, Current Cost"
A29c2b9,Aed3782,United States - Advertising,2024-12-31,Current,"Capital Invested, Current Cost"
A29c2b9,Aed3782,United States - Aerospace & Defense,2024-12-31,Current,"Capital Invested, Current Cost"
A29c2b9,Aed3782,United States - Application Software,2024-12-31,Current,"Capital Invested, Current Cost"
A29c2b9,Aed3782,United States - Commodity Chemicals,2024-12-31,Current,"Capital Invested, Current Cost"
A29c2b9,Aed3782,United States - Diversified Support Services,2024-12-31,Current,"Capital Invested, Current Cost"
A29c2b9,Aed3782,United States - Environmental & Facilities Services,2024-12-31,Current,"Capital Invested, Current Cost"
A29c2b9,Aed3782,United States - Health Care Services,2024-12-31,Current,"Capital Invested, Current Cost"
A29c2b9,Aed3782,United States - Health Care Supplies,2024-12-31,Current,"Capital Invested, Current Cost"
A29c2b9,Aed3782,United States - Health Care Technology,2024-12-31,Current,"Capital Invested, Current Cost"
A29c2b9,Aed3782,United States - Industrial Machinery & Supplies & Components,2024-12-31,Current,"Capital Invested, Current Cost"
A29c2b9,Aed3782,United States - Office Services & Supplies & Package Foods,2024-12-31,Current,"Capital Invested, Current Cost"
A29c2b9,Aed3782,United States - Packaged Foods & Meats,2024-12-31,Current,"Capital Invested, Current Cost"
A29c2b9,Aed3782,United States - Soft Drinks & Non-alcoholic Beverages & Specialized Consumer Services,2024-12-31,Current,"Capital Invested, Current Cost"
A29c2b9,Aed3782,United States - Specialized Consumer Services,2024-12-31,Current,"Capital Invested, Current Cost"
A29c2b9,Aed3782,United States - Trading Companies & Distributors,2024-12-31,Current,"Capital Invested, Current Cost"
A29c2b9,Aed3782,"WCI-BXC Purchaser, LLC",2024-12-31,Current,"Capital Invested, Current Cost"
A3bbfd6,3.95E+42,Aymium,2024-12-31,Partially Exited,Current Cost
A3bbfd6,3.95E+42,Erso Patent JV,2024-12-31,Partially Exited,Current Cost
A3bbfd6,3.95E+42,Langbo,2024-12-31,,"Capital Invested, Current Cost, Unrealized Value, Deal Status"
A3bbfd6,3.95E+42,Nanosys,2024-12-31,Partially Exited,Current Cost
A3bbfd6,3.95E+42,Pivotal Commware,2024-12-31,Partially Exited,Current Cost
A3bbfd6,3.95E+42,Radian,2024-12-31,Partially Exited,Current Cost
A0841e0,3.95E+42,Flagler,2024-12-31,Current,Capital Invested
A0841e0,3.95E+42,Intrawest Cayman L.P.,2024-12-31,Current,Capital Invested
A7199bc,A96d1b3,Oil & Gas Properties,2024-12-31,Current,"Capital Invested, Current Cost"
A3c99e8,A9fbabf,"Accident Care Alliance (FKA Pro Care, LLC)",2024-12-31,Current,Capital Invested
A3c99e8,A9fbabf,Afterburn Holdings,2024-12-31,,"Capital Invested, Current Cost, Unrealized Value, Deal Status"
A3c99e8,A9fbabf,Authentic Restaurant Brands,2024-12-31,Current,Capital Invested
A3c99e8,A9fbabf,Bechtun Credit Partners (Franchise Group),2024-12-31,Current,Capital Invested
A3c99e8,A9fbabf,Fat Tuesday,2024-12-31,,"Capital Invested, Current Cost, Unrealized Value, Deal Status"
A3c99e8,A9fbabf,Firebirds Wood Fired Grill,2024-12-31,Current,Capital Invested
A3c99e8,A9fbabf,FirstRidge Service Partners,2024-12-31,Current,Capital Invested
A3c99e8,A9fbabf,Flagstop Carwash,2024-12-31,,"Capital Invested, Current Cost, Unrealized Value, Deal Status"
A3c99e8,A9fbabf,GoodTurn Tire & Auto (FKA Apex Automotive),2024-12-31,Current,Capital Invested
A3c99e8,A9fbabf,Kona Ice,2024-12-31,Current,Capital Invested
A3c99e8,A9fbabf,Mountainside Fitness,2024-12-31,Current,Capital Invested
A3c99e8,A9fbabf,Prime Vacations,2024-12-31,Current,Capital Invested
A3c99e8,A9fbabf,Redwood Environmental,2024-12-31,Current,Capital Invested
A3c99e8,A9fbabf,WOW Carwash,2024-12-31,,"Capital Invested, Current Cost, Unrealized Value, Deal Status"
A3c99e8,A9fbabf,Woof Gang Bakery and Grooming,2024-12-31,,"Capital Invested, Current Cost, Unrealized Value, Deal Status"
A162a33,A9fbabf,Honey Baked Ham,2024-12-31,,"Capital Invested, Current Cost, Unrealized Value, Deal Status"
A87a21d,A9fbabf,Ampler Restaurant Group,2024-12-31,Current,Capital Invested
A87a21d,A9fbabf,"Checkers Holdings, Inc.",2024-12-31,Current,Capital Invested
A87a21d,A9fbabf,Cooper's Hawk Intermediate Holding LLC,2024-12-31,Current,Capital Invested
A87a21d,A9fbabf,"Fogo de Chao (BCPE Grill Parent, Inc.)",2024-12-31,Current,Capital Invested
A87a21d,A9fbabf,"LaserAway Intermediate Holdings II, LLC",2024-12-31,Current,Capital Invested
A87a21d,A9fbabf,OYO Hotels (Oravel Stays),2024-12-31,Current,Capital Invested
A87a21d,A9fbabf,PF Chang (Wok Holdings Inc.),2024-12-31,Current,Capital Invested
A87a21d,A9fbabf,Pizza Express (Wheel Bidco Ltd.),2024-12-31,Current,Capital Invested
A87a21d,A9fbabf,TruGreen Limited Partnership,2024-12-31,Current,Capital Invested
A87a21d,A9fbabf,Twin Hospitality LLC,2024-12-31,Current,Capital Invested
A87a21d,A9fbabf,United Planet Fitness,2024-12-31,,"Capital Invested, Current Cost, Unrealized Value, Deal Status"
A583186,A3e342a,"NatureBox, Inc.",2024-12-31,Written Down,Capital Invested
A583186,A3e342a,"SunBorne Energy Holdings, LLC",2024-12-31,Written Down,Capital Invested
A7ead5b,A65900b,Advarra,2024-12-31,Current,Capital Invested
A7ead5b,A65900b,"Amwins Group, Inc.",2024-12-31,Current,Capital Invested
A7ead5b,A65900b,Association Member Benefits Advisors,2024-12-31,Current,Capital Invested
A7ead5b,A65900b,Clarience Technologies LLC,2024-12-31,Current,Capital Invested
A7ead5b,A65900b,Cyncly,2024-12-31,Current,Capital Invested
A7ead5b,A65900b,"First Eagle Investment Management, LLC",2024-12-31,,"Capital Invested, Current Cost, Unrealized Value, Deal Status"
A7ead5b,A65900b,MASA Global,2024-12-31,Current,Capital Invested
A7ead5b,A65900b,Marcone,2024-12-31,Current,Capital Invested
A7ead5b,A65900b,Mercer,2024-12-31,Current,Capital Invested
A7ead5b,A65900b,OEConnection LLC,2024-12-31,Current,Capital Invested
A7ead5b,A65900b,Obsidian Insurance Holdings,2024-12-31,Current,Capital Invested
A7ead5b,A65900b,Orion Advisor Solutions,2024-12-31,Current,Capital Invested
A7ead5b,A65900b,Prometheus,2024-12-31,Current,Capital Invested
A7ead5b,A65900b,Sonny's Enterprises,2024-12-31,Current,Capital Invested
A7ead5b,A65900b,Vector,2024-12-31,Current,Capital Invested
A7ead5b,A65900b,insightsoftware,2024-12-31,Current,Capital Invested
A1c6bfc,A65900b,Accruent,2024-12-31,,"Capital Invested, Deal Status"
A1c6bfc,A65900b,Alera,2024-12-31,,"Capital Invested, Deal Status"
A1c6bfc,A65900b,Ascensus,2024-12-31,Current,Capital Invested
A1c6bfc,A65900b,Association Member Benefits Advisors,2024-12-31,,"Capital Invested, Deal Status"
A1c6bfc,A65900b,Cetera,2024-12-31,,"Capital Invested, Deal Status"
A1c6bfc,A65900b,Community Brands,2024-12-31,Current,Capital Invested
A1c6bfc,A65900b,"ConnectiveRx (fka ""PSK-PDR"")",2024-12-31,Current,Capital Invested
A1c6bfc,A65900b,"Enverus (fka ""Drillinginfo"")",2024-12-31,Current,Capital Invested
A1c6bfc,A65900b,"Infinite Electronics, Inc.",2024-12-31,,"Capital Invested, Deal Status"
A1c6bfc,A65900b,Power Products,2024-12-31,,"Capital Invested, Deal Status"
A1c6bfc,A65900b,"Signant Health (fka ""CRF Bracket"")",2024-12-31,Current,Capital Invested
A1c6bfc,A65900b,Sphera Solutions,2024-12-31,,"Capital Invested, Deal Status"
A1c6bfc,A65900b,Stack Sports,2024-12-31,Current,Capital Invested
Afb9c3e,A65900b,ISS,2024-12-31,,"Capital Invested, Deal Status"
A2257c0,A65900b,"AffiniPay, LLC",2024-12-31,Current,Capital Invested
A2257c0,A65900b,"Amwins Group, Inc.",2024-12-31,Current,Capital Invested
A2257c0,A65900b,"Aperture Companies, LLC",2024-12-31,Current,Capital Invested
A2257c0,A65900b,Cetera,2024-12-31,Current,Capital Invested
A2257c0,A65900b,"Docupace Technologies, LLC",2024-12-31,Current,Capital Invested
A2257c0,A65900b,"First Eagle Investment Management, LLC",2024-12-31,,"Capital Invested, Current Cost, Unrealized Value, Deal Status"
A2257c0,A65900b,"Flourish Research Holdings, LLC",2024-12-31,Current,Capital Invested
A2257c0,A65900b,Playmetrics,2024-12-31,,"Capital Invested, Current Cost, Unrealized Value, Deal Status"
Af5c876,A2053b4,Glade Brook Private Investors XVIII LP,2024-12-31,Current,Capital Invested
Afa36f2,A6941fe,"Cleo Labs, Inc. (fka Instacare Group, Inc.)",2024-12-31,Written Down,Capital Invested
Afa36f2,A6941fe,"Multi Software Co. (fka Remotion, Inc.)",2024-12-31,Written Down,Capital Invested
Afa36f2,A6941fe,"Reduct, Inc.",2024-12-31,Written Down,Capital Invested
Af7f070,A6941fe,"Bluesky Data, Inc.",2024-12-31,Written Down,Capital Invested
Af7f070,A6941fe,"Destiny Factory, Inc.",2024-12-31,Written Down,Capital Invested
Af7f070,A6941fe,FTX Trading Limited,2024-12-31,Written Down,Capital Invested
Af7f070,A6941fe,"PolyOps, Inc. (dba Tydo)",2024-12-31,Written Down,Capital Invested
Af7f070,A6941fe,"smlXL, Inc. (fka Comity Labs, Inc.)",2024-12-31,Written Down,Capital Invested
Ab408e9,A6941fe,"Aruba Networks, Inc.",2024-12-31,Written Off,Capital Invested
Ab408e9,A6941fe,"Imperva, Inc.",2024-12-31,Written Off,Capital Invested
Ab408e9,A6941fe,Redfin Corporation,2024-12-31,Written Off,Capital Invested
Ab408e9,A6941fe,"Tidemark Systems, Inc.",2024-12-31,Written Off,Capital Invested
A583f8f,A6941fe,"Airbnb, Inc.",2024-12-31,Written Off,Capital Invested
A583f8f,A6941fe,"Arista Networks, Inc.",2024-12-31,Written Off,Capital Invested
A583f8f,A6941fe,Bohemian Wrappsody AB,2024-12-31,Written Down,Capital Invested
A583f8f,A6941fe,"Domo, Inc.",2024-12-31,Written Off,Capital Invested
A583f8f,A6941fe,"Dropbox, Inc.",2024-12-31,Written Off,Capital Invested
A583f8f,A6941fe,"Edmodo, Inc.",2024-12-31,Written Off,Capital Invested
A583f8f,A6941fe,"Groupon, Inc.",2024-12-31,Written Off,Capital Invested
A583f8f,A6941fe,"Okta, Inc.",2024-12-31,Written Off,Capital Invested
A583f8f,A6941fe,"Pure Storage, Inc.",2024-12-31,Written Off,Capital Invested
A583f8f,A6941fe,"Service-Now, Inc.",2024-12-31,Written Off,Capital Invested
A583f8f,A6941fe,"Zuora, Inc.",2024-12-31,Written Off,Capital Invested
A583f8f,A6941fe,"inStart, Inc.",2024-12-31,Written Off,Capital Invested
A4974ad,A6941fe,A Medium Corporation,2024-12-31,Written Down,Capital Invested
A4974ad,A6941fe,"Control Panel, Inc.",2024-12-31,Written Off,Capital Invested
A4974ad,A6941fe,"Innovium, Inc.",2024-12-31,Written Off,Capital Invested
A4974ad,A6941fe,"Operator, Inc.",2024-12-31,Written Down,Capital Invested
A4974ad,A6941fe,"Ritual, Inc.",2024-12-31,Written Down,Capital Invested
A775233,A6c1ccf,Baige Technology Group,2024-12-31,Current,Capital Invested
A775233,A6c1ccf,Bytedance Ltd. (Toutiao),2024-12-31,Current,Capital Invested
A775233,A6c1ccf,Guazi.com Inc.,2024-12-31,Current,Capital Invested
A775233,A6c1ccf,Meicai,2024-12-31,Current,Capital Invested
A775233,A6c1ccf,Miababy Technology Limited,2024-12-31,Current,Capital Invested
A775233,A6c1ccf,Thebeastshop Holding,2024-12-31,Current,Capital Invested
Aa2c385,A6c1ccf,17 Education & Technology Group Inc. (NASDAQ: YQ),2024-12-31,Current,Capital Invested
Aa2c385,A6c1ccf,Baige Technology Group (Zuoyebang),2024-12-31,Current,Capital Invested
Aa2c385,A6c1ccf,Bytedance Ltd. (Toutiao),2024-12-31,Current,Capital Invested
Aa2c385,A6c1ccf,Distinct Healthcare Holdings Limited,2024-12-31,Current,Capital Invested
Aa2c385,A6c1ccf,"Guangzhou Zhijing Information Technology Co., Ltd. (Baibu)",2024-12-31,Current,Capital Invested
Aa2c385,A6c1ccf,Guazi.com Inc.,2024-12-31,Current,Capital Invested
Aa2c385,A6c1ccf,Le Xue Worldwide Holding Limited,2024-12-31,Current,Capital Invested
Aa2c385,A6c1ccf,Meicai,2024-12-31,Current,Capital Invested
Aa2c385,A6c1ccf,Ziroom Inc.,2024-12-31,Current,Capital Invested
A191419,A6c1ccf,17 Education & Technology Group Inc. (NASDAQ: YQ),2024-12-31,Current,Capital Invested
A191419,A6c1ccf,ALLINMD Technology Investment Limited (AllinMD),2024-12-31,,"Capital Invested, Deal Status"
A191419,A6c1ccf,Baige Technology Group (Zuoyebang),2024-12-31,Current,Capital Invested
A191419,A6c1ccf,Casstime Holdings Ltd.,2024-12-31,Current,Capital Invested
A191419,A6c1ccf,Gloryseed (ZhongXueGao),2024-12-31,,"Capital Invested, Deal Status"
A191419,A6c1ccf,"Guangzhou Zhijing Information Technology Co., Ltd. (Baibu)",2024-12-31,Current,Capital Invested
A191419,A6c1ccf,Happy_seed (Cayman) Limited,2024-12-31,Current,Capital Invested
A191419,A6c1ccf,KE Holdings Inc. (NYSE: BEKE),2024-12-31,Current,Capital Invested
A191419,A6c1ccf,Pupu Inc.,2024-12-31,Current,Capital Invested
A191419,A6c1ccf,"Shanghai Yinhe Enterprise Co., Ltd. (Manner)",2024-12-31,Current,Capital Invested
A191419,A6c1ccf,SimCare Group Holdings Limited (Simpcare),2024-12-31,Current,Capital Invested
A191419,A6c1ccf,YSB Inc. (HKEX:09885),2024-12-31,Current,Capital Invested
A27adfb,A6c1ccf,ArtWorld Inc. (Meishubao),2024-12-31,Current,Capital Invested
A27adfb,A6c1ccf,Baige Technology Group (Zuoyebang),2024-12-31,Current,Capital Invested
A27adfb,A6c1ccf,Gloryseed (ZhongXueGao),2024-12-31,,"Capital Invested, Deal Status"
A27adfb,A6c1ccf,"Guangzhou Zhijing Information Technology Co., Ltd. (Baibu)",2024-12-31,Current,Capital Invested
A27adfb,A6c1ccf,Guazi.com Inc.,2024-12-31,Current,Capital Invested
A27adfb,A6c1ccf,Pupu Inc.,2024-12-31,Current,Capital Invested
A27adfb,A6c1ccf,"Shanghai Yinhe Enterprise Co., Ltd. (Manner)",2024-12-31,Current,Capital Invested
A27adfb,A6c1ccf,SimCare Group Holdings Limited (Simpcare),2024-12-31,Current,Capital Invested
A27adfb,A6c1ccf,Thebeastshop Holding,2024-12-31,Current,Capital Invested
Af3e452,A6c1ccf,Li Auto Inc.,2024-12-31,Current,Capital Invested
A44bd87,A6c1ccf,"Baige Technology Group (""Zuoyebang"")",2024-12-31,Current,Capital Invested
Acc6f90,Ad137c9,"HEI Hospitality Fund Holdings III, L.P.",2024-12-31,,"Capital Invested, Deal Status"
Aabdf3f,Aded344,Bitpanda GmbH,2024-12-31,Current,Capital Invested
A555d5f,Aded344,Chime Financial Inc.,2024-12-31,Current,Capital Invested
Abc54d3,Aded344,Chime Financial Inc.,2024-12-31,Current,Capital Invested
A7804fe,Aded344,TradingView,2024-12-31,Current,Capital Invested
A680edc,Aded344,Solidroad,2024-12-31,,"Capital Invested, Current Cost, Unrealized Value, Deal Status"
Ae1b92f,A2d789a,Marshall,2024-12-31,,"Capital Invested, Current Cost, Unrealized Value, Deal Status"
A97e381,A2d789a,Celles,2024-12-31,,"Capital Invested, Current Cost, Unrealized Value, Deal Status"
A84826f,A2d789a,Marshall,2024-12-31,,"Capital Invested, Current Cost, Unrealized Value, Deal Status"
A828a39,A7b259c,"HSE ETEM Holdco, LLC",2024-12-31,Current,Capital Invested
A828a39,A7b259c,"HSE Flatiron Holdco, LLC",2024-12-31,Current,Capital Invested
A828a39,A7b259c,"HSE Greenskies Holdco Holdings, LLC",2024-12-31,Current,Capital Invested
A828a39,A7b259c,"HSE TruGrid Holdco, LLC",2024-12-31,Current,Capital Invested
A828a39,A7b259c,"HSE Upstream Holdco, LLC",2024-12-31,Current,Capital Invested
A828a39,A7b259c,"MPH Mesquite Holdco, LLC",2024-12-31,Current,Capital Invested
A828a39,A7b259c,"MPH Oxnard Holdco, LLC",2024-12-31,Current,Capital Invested
A828a39,A7b259c,"MPH Sunrise Holdco, LLC",2024-12-31,Current,Capital Invested
Adbd48d,A01041e,"Chime Financial, Inc. (f/k/a 1debit, Inc.)",2024-12-31,Current,Capital Invested
Adbd48d,A01041e,Collibra BV,2024-12-31,Current,Capital Invested
Adbd48d,A01041e,"Datadog, Inc.",2024-12-31,Current,Capital Invested
Adbd48d,A01041e,"Dataiku, Inc.",2024-12-31,Current,Capital Invested
Adbd48d,A01041e,"Dialpad, Inc.",2024-12-31,Current,Capital Invested
Adbd48d,A01041e,GitLab Inc.,2024-12-31,Current,Capital Invested
Adbd48d,A01041e,Houzz Inc.,2024-12-31,Current,Capital Invested
Adbd48d,A01041e,Lucid Software Inc.,2024-12-31,Current,Capital Invested
Adbd48d,A01041e,"Procore Technologies, Inc.",2024-12-31,Current,Capital Invested
Adbd48d,A01041e,"Red Ventures Holdco, LP",2024-12-31,Current,Capital Invested
Adbd48d,A01041e,"ServiceTitan, Inc.",2024-12-31,Current,Capital Invested
Adbd48d,A01041e,Virtru Corporation,2024-12-31,Current,Capital Invested
A751851,A8e74aa,2DuNet.com,2024-12-31,Written Off,Capital Invested
A751851,A8e74aa,"9Diamond Co., Ltd.",2024-12-31,Written Off,Capital Invested
A751851,A8e74aa,"AllTech International Group, Inc.",2024-12-31,Written Off,Capital Invested
A751851,A8e74aa,"Apollomics, Inc.",2024-12-31,Fully Exited,Capital Invested
A751851,A8e74aa,Avvo Inc.,2024-12-31,Fully Exited,Capital Invested
A751851,A8e74aa,Azaleos Corporation,2024-12-31,Fully Exited,Capital Invested
A751851,A8e74aa,Besunyen Holdings Company Limited,2024-12-31,Fully Exited,Capital Invested
A751851,A8e74aa,Blowtorch Entertainment Corporation,2024-12-31,Written Off,Capital Invested
A751851,A8e74aa,Captiv8 Information and Technology Holdings Co.,2024-12-31,Written Off,Capital Invested
A751851,A8e74aa,Chinacache International Holdings Ltd. (NASDAQ: CCIH),2024-12-31,Fully Exited,Capital Invested
A751851,A8e74aa,ClearCycle Corp,2024-12-31,Fully Exited,Capital Invested
A751851,A8e74aa,Crown Bioscience International,2024-12-31,Fully Exited,Capital Invested
A751851,A8e74aa,"Datasphere Technologies, Inc.",2024-12-31,Fully Exited,Capital Invested
A751851,A8e74aa,Diamonds.com Holdings Inc.,2024-12-31,Fully Exited,Capital Invested
A751851,A8e74aa,Dining Secretary China Limited,2024-12-31,Fully Exited,Capital Invested
A751851,A8e74aa,"EMC Acquisition, Inc.",2024-12-31,Fully Exited,Capital Invested
A751851,A8e74aa,Earth Class Mail,2024-12-31,Fully Exited,Capital Invested
A751851,A8e74aa,"Ether Precision, Inc.",2024-12-31,Written Off,Capital Invested
A751851,A8e74aa,Fangtek Ltd.,2024-12-31,Fully Exited,Capital Invested
A751851,A8e74aa,GammaStar Medical Group Ltd.,2024-12-31,Fully Exited,Capital Invested
A751851,A8e74aa,Hyperquality Inc.,2024-12-31,Fully Exited,Capital Invested
A751851,A8e74aa,ICE Entertainment Limited,2024-12-31,Fully Exited,Capital Invested
A751851,A8e74aa,ICE.com,2024-12-31,Fully Exited,Capital Invested
A751851,A8e74aa,"Intellisist, Inc. (FKA GotVoice)",2024-12-31,Fully Exited,Capital Invested
A751851,A8e74aa,Jiayuan.com,2024-12-31,Fully Exited,Capital Invested
A751851,A8e74aa,"Juren Holdings, Inc.",2024-12-31,Fully Exited,Capital Invested
A751851,A8e74aa,KUE Digital International LLC (IDLI),2024-12-31,Fully Exited,Capital Invested
A751851,A8e74aa,"La La Media, Inc.",2024-12-31,Fully Exited,Capital Invested
A751851,A8e74aa,Liberty Dialysis Inc.,2024-12-31,Fully Exited,Capital Invested
A751851,A8e74aa,MainOne Inc.,2024-12-31,Fully Exited,Capital Invested
A751851,A8e74aa,"Nurien Soft, Ltd.",2024-12-31,Fully Exited,Capital Invested
A751851,A8e74aa,"PPStream, Inc.",2024-12-31,Fully Exited,Capital Invested
A751851,A8e74aa,PaxVax,2024-12-31,Fully Exited,Capital Invested
A751851,A8e74aa,Previser Inc.,2024-12-31,Fully Exited,Capital Invested
A751851,A8e74aa,QM21 (China Pharmaceutical Distribution Holding Co.,2024-12-31,Fully Exited,Capital Invested
A751851,A8e74aa,QM8 Limited (Hangzhou TigerMed Consulting Co. Ltd),2024-12-31,Fully Exited,Capital Invested
A751851,A8e74aa,Qiming Biopharma GreatSky (Q),2024-12-31,Fully Exited,Capital Invested
A751851,A8e74aa,"Rim Tec, Inc.",2024-12-31,Fully Exited,Capital Invested
A751851,A8e74aa,"Scout Analytics, Inc.",2024-12-31,Fully Exited,Capital Invested
A751851,A8e74aa,"SeaMobile, Inc.",2024-12-31,Fully Exited,Capital Invested
A751851,A8e74aa,"Seven Networks, Inc.",2024-12-31,Fully Exited,Capital Invested
A751851,A8e74aa,"Skytap, Inc.",2024-12-31,Fully Exited,Capital Invested
A751851,A8e74aa,"Sotto Wireless, Inc.",2024-12-31,Written Off,Capital Invested
A751851,A8e74aa,"Splunk, Inc.",2024-12-31,Fully Exited,Capital Invested
A751851,A8e74aa,Touch Media International Holdings,2024-12-31,Fully Exited,Capital Invested
A751851,A8e74aa,Twisted Pair Solutions,2024-12-31,Fully Exited,Capital Invested
A751851,A8e74aa,"Verity Solutions Group, Inc.",2024-12-31,Fully Exited,Capital Invested
A751851,A8e74aa,"XenSource, Inc.",2024-12-31,Fully Exited,Capital Invested
A751851,A8e74aa,"Yeelion, Inc.",2024-12-31,Fully Exited,Capital Invested
A751851,A8e74aa,nWay Inc.,2024-12-31,Written Off,Capital Invested
A2c973b,A8d1733,Grin Technologies Inc.,2024-12-31,Current,Capital Invested
A41fefa,A8d1733,"10Beauty, Inc.",2024-12-31,Current,Capital Invested
A41fefa,A8d1733,Ami Cole Inc.,2024-12-31,Current,Capital Invested
A41fefa,A8d1733,Brady Brand,2024-12-31,,"Capital Invested, Current Cost, Unrealized Value, Deal Status"
A41fefa,A8d1733,Bread Beauty Inc.,2024-12-31,Current,Capital Invested
A41fefa,A8d1733,"Builder.io, Inc.",2024-12-31,Current,Capital Invested
A41fefa,A8d1733,"DUOS Living, Inc.",2024-12-31,Current,Capital Invested
A41fefa,A8d1733,Eon Group Holdings Inc.,2024-12-31,Current,Capital Invested
A41fefa,A8d1733,Foxtrot,2024-12-31,,"Capital Invested, Current Cost, Unrealized Value, Deal Status"
A41fefa,A8d1733,Goodfair,2024-12-31,,"Capital Invested, Current Cost, Unrealized Value, Deal Status"
A41fefa,A8d1733,Grin Technologies Inc.,2024-12-31,Current,Capital Invested
A41fefa,A8d1733,Lightspeed (fka NuORDER),2024-12-31,,"Capital Invested, Current Cost, Unrealized Value, Deal Status"
A41fefa,A8d1733,Pomegranate Technologies Inc.,2024-12-31,Current,Capital Invested
A41fefa,A8d1733,"SKIMS Body, Inc.",2024-12-31,Current,Capital Invested
A41fefa,A8d1733,"Shiftsmart, Inc.",2024-12-31,Current,Capital Invested
A41fefa,A8d1733,Shop Safely LLC,2024-12-31,Current,Capital Invested
A41fefa,A8d1733,Simulate Inc (Nuggs),2024-12-31,,"Capital Invested, Deal Status"
A41fefa,A8d1733,"Stripe, Inc.",2024-12-31,Current,Capital Invested
A41fefa,A8d1733,"Sundays for Dogs, Inc.",2024-12-31,Current,Capital Invested
A41fefa,A8d1733,The XCJ Corp.,2024-12-31,Current,Capital Invested
A41fefa,A8d1733,"Westman Atelier Holdings, Inc.",2024-12-31,Current,Capital Invested
A5bb3fe,A8d1733,"GlossGenius, Inc.",2024-12-31,Current,Capital Invested
A5bb3fe,A8d1733,MILA (formerly XCJ),2024-12-31,Current,Capital Invested
A5bb3fe,A8d1733,"SKIMS Body, Inc.",2024-12-31,Current,Capital Invested
A5bb3fe,A8d1733,TR Holding LLC (The Row),2024-12-31,Current,Capital Invested
A5bb3fe,A8d1733,"The Feed.com, Inc.",2024-12-31,Current,Capital Invested
A80b715,A8d1733,"AYOH, Inc.",2024-12-31,Current,Capital Invested
A80b715,A8d1733,"Black Crow AI, Inc.",2024-12-31,Current,Capital Invested
A80b715,A8d1733,Cafeteria Inc.,2024-12-31,Current,Capital Invested
A80b715,A8d1733,"DFSNY Holding, Inc.",2024-12-31,Current,Capital Invested
A80b715,A8d1733,"Ever/Body, Inc.",2024-12-31,Current,Capital Invested
A80b715,A8d1733,Goose Holdings Inc.,2024-12-31,Current,Capital Invested
A80b715,A8d1733,Hook Media Inc.,2024-12-31,Current,Capital Invested
A80b715,A8d1733,"IMGN Labs II, Inc.",2024-12-31,Current,Capital Invested
A80b715,A8d1733,"ImAgEnary Labs, Inc.(reale actives)",2024-12-31,Current,Capital Invested
A80b715,A8d1733,K Brand Inc.,2024-12-31,Current,Capital Invested
A80b715,A8d1733,Korean Bros Incorporated,2024-12-31,Current,Capital Invested
A80b715,A8d1733,Lone Palm Labs Inc. (dba Retro),2024-12-31,Current,Capital Invested
A80b715,A8d1733,Lucky Beverage Co.,2024-12-31,Current,Capital Invested
A80b715,A8d1733,Rules Beauty Inc.,2024-12-31,Current,Capital Invested
A80b715,A8d1733,"iMgN Labs, Inc.(dba Point of View)",2024-12-31,Current,Capital Invested
Ae4c498,A8d1733,"SKIMS Body, Inc.",2024-12-31,Current,Capital Invested
A7bcb3d,Ad915f3,BNP Paribas InstiCash USD 1D LVNAV Fund,2024-12-31,Current,Capital Invested
A7bcb3d,Ad915f3,Borderless Digital Brands Holding Limited,2024-12-31,Current,Capital Invested
Af76863,Ad915f3,BNP Paribas InstiCash USD 1D LVNAV Fund,2024-12-31,Current,Capital Invested
Af76863,Ad915f3,Borderless Digital Brands Holding Limited,2024-12-31,Current,Capital Invested
Abacebf,Ab9d621,"Axia Vegetable Seeds Group, Inc.",2024-12-31,Current,Capital Invested
Abacebf,Ab9d621,Bytedance Ltd.,2024-12-31,Current,Capital Invested
Abacebf,Ab9d621,Nonmarketable securities - less than 5% of net assets,2024-12-31,Current,Capital Invested
Abacebf,Ab9d621,"Plex, Inc.",2024-12-31,Current,Capital Invested
Abacebf,Ab9d621,"Synack, Inc.",2024-12-31,Current,Capital Invested
Abacebf,Ab9d621,"ZenPayroll, Inc.",2024-12-31,Current,Capital Invested
Ad880d6,Ab9d621,"Ambiq Micro, Inc.",2024-12-31,Current,Capital Invested
Ad880d6,Ab9d621,"FullStory, Inc.",2024-12-31,Current,Capital Invested
Ad880d6,Ab9d621,Marketable securities - less than 5% of net assets,2024-12-31,Current,Capital Invested
Ad880d6,Ab9d621,"Nav Technologies, Inc.",2024-12-31,Current,Capital Invested
Ad880d6,Ab9d621,"Newsela, Inc.",2024-12-31,Current,Capital Invested
Ad880d6,Ab9d621,Nonmarketable securities - less than 5% of net assets,2024-12-31,Current,Capital Invested
Ad880d6,Ab9d621,"Qumulo, Inc.",2024-12-31,Current,Capital Invested
Ad880d6,Ab9d621,Stryder Corp. (dba Handshake),2024-12-31,Current,Capital Invested
A7906e8,A4a1f26,"10Beauty, Inc.",2024-12-31,Current,Capital Invested
A7906e8,A4a1f26,"Air Labs, Inc.",2024-12-31,Current,Capital Invested
A7906e8,A4a1f26,Expressable,2024-12-31,Current,Capital Invested
A7906e8,A4a1f26,Ollie Pets Inc.,2024-12-31,Current,Capital Invested
A7906e8,A4a1f26,"Realm Living, Inc.",2024-12-31,Current,Capital Invested
A7906e8,A4a1f26,Sales Impact Academy Ltd,2024-12-31,,"Capital Invested, Deal Status"
A7906e8,A4a1f26,Small Door Inc.,2024-12-31,Current,Capital Invested
A7906e8,A4a1f26,Tilt,2024-12-31,Current,Capital Invested
A7906e8,A4a1f26,Vee Friends Holdings Inc.,2024-12-31,Current,Capital Invested
Af5fed4,Aa130ea,Anthropic PBC,2024-12-31,,"Capital Invested, Current Cost, Unrealized Value, Deal Status"
A86e0b1,Aa130ea,"Alpaca Technology, Inc.",2024-12-31,Written Down,Capital Invested
A86e0b1,Aa130ea,Hempfusion Wellness Inc.,2024-12-31,Written Down,Capital Invested
A86e0b1,Aa130ea,"Level, Inc.",2024-12-31,Written Down,Capital Invested
A86e0b1,Aa130ea,Seed Investments,2024-12-31,,"Capital Invested, Current Cost, Unrealized Value, Deal Status"
A096a41,Aa130ea,Array US Inc.,2024-12-31,Written Down,Capital Invested
A096a41,Aa130ea,Live Summer Inc.,2024-12-31,Written Down,Capital Invested
A096a41,Aa130ea,Lost Lake Games Ltd.,2024-12-31,Written Down,Capital Invested
A096a41,Aa130ea,Seed Investments,2024-12-31,,"Capital Invested, Current Cost, Unrealized Value, Deal Status"
A096a41,Aa130ea,Terraform Labs Pte. Ltd. (dba Luna),2024-12-31,Written Down,Capital Invested
A096a41,Aa130ea,"The Hive Social Network, Inc.",2024-12-31,Written Down,Capital Invested
A60210b,A128c7a,Babel Group (Babel Tenedora de Participaciones SA),2024-12-31,,"Capital Invested, Current Cost, Unrealized Value, Deal Status"
A60210b,A128c7a,CI Financial,2024-12-31,,"Capital Invested, Current Cost, Unrealized Value, Deal Status"
A80d406,A15f96f,"Ring Container Technologies, LLC",2024-12-31,Current,"Capital Invested, Current Cost"
Aeccf59,Af0082f,"Access Medical Systems, Ltd. (ET Healthcare)",2024-12-31,Current,Capital Invested
Aeccf59,Af0082f,"Beijing Xinwu Liebo e-Commerce Co., Ltd. (Liebo)",2024-12-31,,"Capital Invested, Deal Status"
Aeccf59,Af0082f,DiDi Global Inc. (DIDIY),2024-12-31,Current,Capital Invested
Aeccf59,Af0082f,Distinct Healthcare Holdings Limited,2024-12-31,Current,Capital Invested
Aeccf59,Af0082f,EDDA Healthcare and Technology Holding Limited,2024-12-31,Current,Capital Invested
Aeccf59,Af0082f,Fenbi Ltd.,2024-12-31,Current,Capital Invested
Aeccf59,Af0082f,NaviChina Inc. (Zhe800),2024-12-31,Current,Capital Invested
Aeccf59,Af0082f,Peijia Medical Limited,2024-12-31,Current,Capital Invested
Aeccf59,Af0082f,Qiniu Limited,2024-12-31,Current,Capital Invested
Aeccf59,Af0082f,Souche Holdings Ltd,2024-12-31,Current,Capital Invested
Aeccf59,Af0082f,"Tubatu Group Co., Ltd. (To8To)",2024-12-31,Current,Capital Invested
Aeccf59,Af0082f,Weidian Corporation,2024-12-31,Current,Capital Invested
Aeccf59,Af0082f,YUAN Inc (Yuanfudao),2024-12-31,Current,Capital Invested
Aeccf59,Af0082f,Yoka International Inc.,2024-12-31,Current,Capital Invested
Aeccf59,Af0082f,Zhaogang,2024-12-31,Current,Capital Invested
A65fb68,Af0082f,Adlai Nortye Ltd. (Anuo),2024-12-31,Current,Capital Invested
A65fb68,Af0082f,"Ansun Biopharma, Inc.",2024-12-31,Current,Capital Invested
A65fb68,Af0082f,"Beijing Zhiling Haina Technology Co., Ltd. (SmartX)",2024-12-31,Current,Capital Invested
A65fb68,Af0082f,Choice Technology Inc. (Weimai),2024-12-31,Current,Capital Invested
A65fb68,Af0082f,Cloudchef Group Inc.,2024-12-31,Current,Capital Invested
A65fb68,Af0082f,DataPipeline Ltd,2024-12-31,Current,Capital Invested
A65fb68,Af0082f,Dejavu Technology Holdings Limited (DuoZhuaYu),2024-12-31,Current,Capital Invested
A65fb68,Af0082f,Dora Technology Limited (Snowplus),2024-12-31,Current,Capital Invested
A65fb68,Af0082f,Edianyun Limited,2024-12-31,Current,Capital Invested
A65fb68,Af0082f,Eyepetizer Technology Limited (KaiYanShiPin),2024-12-31,,"Capital Invested, Deal Status"
A65fb68,Af0082f,Gong Duo Duo Jian Zhu Gong Cheng (Guangzhou) Company Limited (KaiGongMao),2024-12-31,Current,Capital Invested
A65fb68,Af0082f,Guazi.com Inc.,2024-12-31,Current,Capital Invested
A65fb68,Af0082f,"Happy Sharing Co., Ltd. (XiangWuShuo)",2024-12-31,Current,Capital Invested
A65fb68,Af0082f,HashData Technology Inc. (KuKe),2024-12-31,Current,Capital Invested
A65fb68,Af0082f,Live.me Inc.,2024-12-31,Current,Capital Invested
A65fb68,Af0082f,More Fun Entertainment Group (MoTianLun Ticket),2024-12-31,Current,Capital Invested
A65fb68,Af0082f,NB Therapeutics Inc. (fka. Nuance Biotech Inc.),2024-12-31,Current,Capital Invested
A65fb68,Af0082f,Peijia Medical Limited,2024-12-31,Current,Capital Invested
A65fb68,Af0082f,Source Technology Inc.,2024-12-31,Current,Capital Invested
A65fb68,Af0082f,Vesoft Inc. (Nebula Graph),2024-12-31,Current,Capital Invested
A65fb68,Af0082f,XPX Holdings Limited (Chubby Bear),2024-12-31,Current,Capital Invested
A65fb68,Af0082f,XPeng Inc. (XPeng Motors),2024-12-31,Current,Capital Invested
A65fb68,Af0082f,"Xi An Wingspan Electronic Technology, Co., Ltd. (Yizhan)",2024-12-31,,"Capital Invested, Deal Status"
A65fb68,Af0082f,Xuanke Technology Holdings Limited (KaoChong),2024-12-31,,"Capital Invested, Deal Status"
A65fb68,Af0082f,YUNSHAN Networks Inc.,2024-12-31,Current,Capital Invested
A9859d3,Af0082f,Addx Limited (JiJiaKeJi),2024-12-31,Current,Capital Invested
A9859d3,Af0082f,Beijing Semidrive Technology Corporation (XinChi),2024-12-31,Current,Capital Invested
A9859d3,Af0082f,Beisen Holding Limited,2024-12-31,Current,Capital Invested
A9859d3,Af0082f,Bestsign Inc. (ShangShangQian),2024-12-31,Current,Capital Invested
A9859d3,Af0082f,Bota Biosciences Ltd (Bota Bio),2024-12-31,Current,Capital Invested
A9859d3,Af0082f,"Chameleon Biosciences, Inc.",2024-12-31,,"Capital Invested, Deal Status"
A9859d3,Af0082f,Datacloak Inc. (Shupeng),2024-12-31,Current,Capital Invested
A9859d3,Af0082f,"DoDa Interactive Entertainment Co., Ltd. (AGame)",2024-12-31,,"Capital Invested, Deal Status"
A9859d3,Af0082f,Easy Group Holdings Inc.,2024-12-31,,"Capital Invested, Deal Status"
A9859d3,Af0082f,FEIBAI Education Corporation,2024-12-31,Current,Capital Invested
A9859d3,Af0082f,Feiyulife Inc. (Feiyu),2024-12-31,Current,Capital Invested
A9859d3,Af0082f,ForU Worldwide Inc. (ForU Truck),2024-12-31,Current,Capital Invested
A9859d3,Af0082f,"Gemii (Zhejiang Shaoxing) Technology Co., Ltd. (Jingli)",2024-12-31,Current,Capital Invested
A9859d3,Af0082f,Global Digital Mercantile Holdings Limited (GDM),2024-12-31,,"Capital Invested, Deal Status"
A9859d3,Af0082f,"Golden Array Nanjing Limited (JLSemi) (FKA ""PhotonArray Inc."")",2024-12-31,Current,Capital Invested
A9859d3,Af0082f,HUAHUI HEALTHCARE INC. (HuaHuiAnJian),2024-12-31,Current,Capital Invested
A9859d3,Af0082f,Hang Zhou Jin Ling Yang Consulting Limited Company (ZiHaiGuo),2024-12-31,Current,Capital Invested
A9859d3,Af0082f,Happy_seed (Cayman) Limited,2024-12-31,Current,Capital Invested
A9859d3,Af0082f,Howhow Holding Limited (How Wenda),2024-12-31,,"Capital Invested, Deal Status"
A9859d3,Af0082f,"Jiaxing Boji Medical Technology Co., Ltd. (UP Clinic)",2024-12-31,Current,Capital Invested
A9859d3,Af0082f,Lupu Holdings Limited,2024-12-31,Current,Capital Invested
A9859d3,Af0082f,Mallee Tech Holdings Limited,2024-12-31,,"Capital Invested, Deal Status"
A9859d3,Af0082f,MitoQuality Pharmaceuticals Ltd,2024-12-31,Current,Capital Invested
A9859d3,Af0082f,NeXtech (Cayman) Limited (NeuraMatrix),2024-12-31,Current,Capital Invested
A9859d3,Af0082f,OnQuality Pharmaceuticals Ltd. (AnKuo Yiyao),2024-12-31,Current,Capital Invested
A9859d3,Af0082f,Quwan Holding Limited (TT Voice),2024-12-31,Current,Capital Invested
A9859d3,Af0082f,"Rgenta Therapeutics, Inc.",2024-12-31,Current,Capital Invested
A9859d3,Af0082f,"RootPath, Inc. (ChengYuanShengWu)",2024-12-31,Current,Capital Invested
A9859d3,Af0082f,"Shanghai EnnovaBio Pharmaceuticals Co., Ltd. (EnnovaBio)",2024-12-31,Current,Capital Invested
A9859d3,Af0082f,"Shanghai Xizhi Technology Co., Ltd. (LightAI Ltd.)",2024-12-31,Current,Capital Invested
A9859d3,Af0082f,"Shenzhen Smart Manufacturing Software Dev. Co., Ltd. (Zhi Bu)",2024-12-31,Current,Capital Invested
A9859d3,Af0082f,Shoucheng Holdings Limited,2024-12-31,Current,Capital Invested
A9859d3,Af0082f,Smart Drive Information Technology Inc (Lao Siji),2024-12-31,Current,Capital Invested
A9859d3,Af0082f,Starfield Food and Science Technology Limited,2024-12-31,Current,Capital Invested
A9859d3,Af0082f,Trussan.com Corporation (PuLan),2024-12-31,Current,Capital Invested
A9859d3,Af0082f,V Light Technologies Limited,2024-12-31,Current,Capital Invested
A9859d3,Af0082f,"Web3.x (FKA ""Blockchain"" ""TokenInsight"")",2024-12-31,Current,Capital Invested
A9859d3,Af0082f,Wecook Inc.,2024-12-31,Current,Capital Invested
A9859d3,Af0082f,Xindebaby Limited. (MUA),2024-12-31,,"Capital Invested, Deal Status"
A9859d3,Af0082f,Xingyun International Company Limited,2024-12-31,Current,Capital Invested
A9859d3,Af0082f,Xolo (Cayman) Limited (Mollybox),2024-12-31,Current,Capital Invested
A9859d3,Af0082f,YESMRO Holdings Limited (YiMaiGongPin),2024-12-31,Current,Capital Invested
A9859d3,Af0082f,YUNYUN Global Limited (Yunyun Story),2024-12-31,,"Capital Invested, Deal Status"
A9859d3,Af0082f,Zhuan Spirit Holdings Limited (ZhuanZhuan),2024-12-31,Current,Capital Invested
A80ede9,Af0082f,"AkroStar Technology Co., Ltd. (XinYaoHui)",2024-12-31,Current,Capital Invested
A80ede9,Af0082f,Ambilight Inc (Guangyi Tech),2024-12-31,Current,Capital Invested
A80ede9,Af0082f,"Anhui Kouweiquan Food Co., Ltd.",2024-12-31,Current,Capital Invested
A80ede9,Af0082f,"BEIJING PROTOGA BIOTECH CO., LTD (Yuanyu Bio)",2024-12-31,Current,Capital Invested
A80ede9,Af0082f,"BITO Robotics (Shanghai) Co., Ltd.",2024-12-31,Current,Capital Invested
A80ede9,Af0082f,"Beijing Biostar Pharmaceuticals Co., Ltd. (HuaHaoZhongTian)",2024-12-31,Current,Capital Invested
A80ede9,Af0082f,"Beijing DP Technology Co.,Ltd (Deep Potential)",2024-12-31,Current,Capital Invested
A80ede9,Af0082f,"Beijing Galaxy-Future Network Technology Co., Ltd. (Xinghan)",2024-12-31,Current,Capital Invested
A80ede9,Af0082f,"Beijing Mingzhizhixiang Data Technology Co.,Ltd (Mingzhi Data)",2024-12-31,Current,Capital Invested
A80ede9,Af0082f,"Beijing Nuoxinchuanglian Technology CO., Ltd. (Naxions)",2024-12-31,Current,Capital Invested
A80ede9,Af0082f,"Beijing Xiyou Health Technology Co., Ltd",2024-12-31,Current,Capital Invested
A80ede9,Af0082f,"Beijing Yiling Chenfei Technology Co., Ltd. (Ealing)",2024-12-31,Current,Capital Invested
A80ede9,Af0082f,Belief BioMed Inc. (XinNian BioMed),2024-12-31,Current,Capital Invested
A80ede9,Af0082f,Boundless Holding (Huokefeng),2024-12-31,,"Capital Invested, Current Cost, Unrealized Value, Deal Status"
A80ede9,Af0082f,Burning Galaxy Ltd (Another Earth),2024-12-31,,"Capital Invested, Deal Status"
A80ede9,Af0082f,Bytebase (Cayman) Limited,2024-12-31,Current,Capital Invested
A80ede9,Af0082f,Carticletech Cayman Limited (Chelizi),2024-12-31,Current,Capital Invested
A80ede9,Af0082f,"Cellbri Ark (Shenzhen) Biotech Co., Ltd. (FKA Beijing Cellbri) (Saiqiao Bio)",2024-12-31,Current,Capital Invested
A80ede9,Af0082f,"Chiplite Technology Co., Ltd.",2024-12-31,,"Capital Invested, Deal Status"
A80ede9,Af0082f,City Puzzle Holdings Limited (Didi Freight),2024-12-31,Current,Capital Invested
A80ede9,Af0082f,Coevolution Technologies Investments Limited (Yiwu Tech),2024-12-31,,"Capital Invested, Deal Status"
A80ede9,Af0082f,"Collov, Inc.",2024-12-31,Current,Capital Invested
A80ede9,Af0082f,Colorful Pines Group Limited (HongSongXueTang),2024-12-31,Current,Capital Invested
A80ede9,Af0082f,"D3 Bio, Inc.",2024-12-31,Current,Capital Invested
A80ede9,Af0082f,East Stone Spacelike Limited (Kuaiyin),2024-12-31,Current,Capital Invested
A80ede9,Af0082f,FitVille Brand Group,2024-12-31,Current,Capital Invested
A80ede9,Af0082f,"Flickering Education Technology Co., Limited (Flikering. AI)",2024-12-31,Current,Capital Invested
A80ede9,Af0082f,Frog Social Tech Ltd.,2024-12-31,,"Capital Invested, Deal Status"
A80ede9,Af0082f,Frontis (Xianyuan Tech),2024-12-31,Current,Capital Invested
A80ede9,Af0082f,GAIA STONE LTD.,2024-12-31,Current,Capital Invested
A80ede9,Af0082f,Genor Biopharma Holdings Limited (FKA JHBP),2024-12-31,Current,Capital Invested
A80ede9,Af0082f,Grand Cyclone Holdings Limited (HongJi),2024-12-31,Current,Capital Invested
A80ede9,Af0082f,"Guangzhou Cyberspace Holdings Co., Ltd. (FKA Cyber Space) (Chaojing Automobile)",2024-12-31,Current,Capital Invested
A80ede9,Af0082f,"HOURS Technology Co.,Ltd. (Woshi Tech)",2024-12-31,Current,Capital Invested
A80ede9,Af0082f,"HangZhou Core Control Robotics Co., Ltd. (Xinkong Al)",2024-12-31,Current,Capital Invested
A80ede9,Af0082f,"Hangzhou Baoge electronic commerce Co., Ltd. (Wang Baobao)",2024-12-31,Current,Capital Invested
A80ede9,Af0082f,"Hangzhou Guosheng Tech co.,LTD (Zhongke Guosheng)",2024-12-31,Current,Capital Invested
A80ede9,Af0082f,Hangzhou Partner Pet Co Ltd,2024-12-31,Current,Capital Invested
A80ede9,Af0082f,"Hangzhou Polymed Biopharmaceuticals, Inc (Duoyu)",2024-12-31,Current,Capital Invested
A80ede9,Af0082f,Hita EdAi Inc. (Xizhi Edu),2024-12-31,Current,Capital Invested
A80ede9,Af0082f,"Hunan Hongchen Catering Management Co.,Ltd (Huanxi Shaomai)",2024-12-31,,"Capital Invested, Deal Status"
A80ede9,Af0082f,"Juhui Food Technology Co., Ltd",2024-12-31,Current,Capital Invested
A80ede9,Af0082f,"KYINNO BIOTECHNOLOGY CO.,LTD (Kang Yuan Bo Chuang)",2024-12-31,Current,Capital Invested
A80ede9,Af0082f,Link-ic (suzhou) CO. Ltd (Xinling Semi),2024-12-31,Current,Capital Invested
A80ede9,Af0082f,Merico Holdings Inc. (SiMaYi),2024-12-31,Current,Capital Invested
A80ede9,Af0082f,"MolyVivi (Shanghai) Clothing Technology Co., Ltd.",2024-12-31,Current,Capital Invested
A80ede9,Af0082f,"Nanjing Houmo Technology Co., Ltd. (Houmo.Al)",2024-12-31,Current,Capital Invested
A80ede9,Af0082f,"Nanjing Zenshine Pharmaceuticals Co., Ltd.",2024-12-31,Current,Capital Invested
A80ede9,Af0082f,Nebula (Cayman) Limited,2024-12-31,,"Capital Invested, Deal Status"
A80ede9,Af0082f,Neptune Group Holding Limited (Nabai Robotics),2024-12-31,Current,Capital Invested
A80ede9,Af0082f,New Urtopia Holdings Limited,2024-12-31,Current,Capital Invested
A80ede9,Af0082f,"NiKang Therapeutics, Inc.",2024-12-31,Current,Capital Invested
A80ede9,Af0082f,Ntmer Group (Xintian Tech),2024-12-31,,"Capital Invested, Deal Status"
A80ede9,Af0082f,"Nutshell Biotech (Shanghai) Co., Ltd. (Yudao Bio)",2024-12-31,Current,Capital Invested
A80ede9,Af0082f,Olive Health Group (GLZ),2024-12-31,Current,Capital Invested
A80ede9,Af0082f,"Olive Wren, Inc. (SIJO)",2024-12-31,Current,Capital Invested
A80ede9,Af0082f,Onesight Inc. (Yijian Tech),2024-12-31,Current,Capital Invested
A80ede9,Af0082f,PAQ Therapeutics Limited (Paqman),2024-12-31,Current,Capital Invested
A80ede9,Af0082f,Qihan Holdings Limited,2024-12-31,Current,Capital Invested
A80ede9,Af0082f,"Qisheng National Veterinary Hospital Management Co.,Ltd (Mengshou)",2024-12-31,Current,Capital Invested
A80ede9,Af0082f,Quwan Holding Limited,2024-12-31,Current,Capital Invested
A80ede9,Af0082f,"Qyuns Therapeutics Co., Ltd. (Quanxin Bio)",2024-12-31,Current,Capital Invested
A80ede9,Af0082f,RainbowFerry. Inc. (ShaLi Bio),2024-12-31,Current,Capital Invested
A80ede9,Af0082f,Resgo (Cayman) Limited (Shuiwan),2024-12-31,Current,Capital Invested
A80ede9,Af0082f,Ronovo Surgical,2024-12-31,Current,Capital Invested
A80ede9,Af0082f,"SHENZHEN YINGMU TECHNOLOGY CO., LTD (INMO)",2024-12-31,Current,Capital Invested
A80ede9,Af0082f,"SICHUAN MAMA FOODS TECHNOLOGY CO.,LTD. (Jitaitai)",2024-12-31,Current,Capital Invested
A80ede9,Af0082f,SURPATH TECH (CAYMAN) (Yima Tech),2024-12-31,Current,Capital Invested
A80ede9,Af0082f,SciOne Corp.,2024-12-31,,"Capital Invested, Deal Status"
A80ede9,Af0082f,"Senti Biosciences, Inc.",2024-12-31,Current,Capital Invested
A80ede9,Af0082f,Shanghai Cygnus Semiconductor Company Limited (Xingsi Semi),2024-12-31,Current,Capital Invested
A80ede9,Af0082f,Shanghai Jiashang Infomator Technology Ltd. (Zhi Wu Jiao Shou),2024-12-31,,"Capital Invested, Deal Status"
A80ede9,Af0082f,Shanghai RunFeixiandun Catering Management Co Ltd (Runfei),2024-12-31,Current,Capital Invested
A80ede9,Af0082f,"Shanghai Xiguo Sports Apparels Co., Ltd. (Knowin)",2024-12-31,,"Capital Invested, Deal Status"
A80ede9,Af0082f,"Shenzhen Qianhai Duodao Enterprise Management Co., Ltd (LuWeiJueXing)",2024-12-31,Current,Capital Invested
A80ede9,Af0082f,"Shenzhen Snapmaker Technologies Co., Ltd.",2024-12-31,Current,Capital Invested
A80ede9,Af0082f,"Shenzhen Xiaosi Technology Co., Ltd.",2024-12-31,Current,Capital Invested
A80ede9,Af0082f,"Shenzhen ZhiLiu Technology Co., Ltd. (APISeven)",2024-12-31,Current,Capital Invested
A80ede9,Af0082f,Shipu Holding Corporation (iLabService),2024-12-31,Current,Capital Invested
A80ede9,Af0082f,ShuMei Technology Corporation,2024-12-31,Current,Capital Invested
A80ede9,Af0082f,"Skywalker Education Technology Co., Ltd. (Yuanyin Edu)",2024-12-31,Current,Capital Invested
A80ede9,Af0082f,"Suzhou Advaccine Biotechnology Co., Ltd. (FKA Beijing Advaccine) Ordinary",2024-12-31,Current,Capital Invested
A80ede9,Af0082f,Suzhou Affection Animal Pharmaceuticals,2024-12-31,Current,Capital Invested
A80ede9,Af0082f,"Suzhou Bluestone New Power Co., Ltd",2024-12-31,Current,Capital Invested
A80ede9,Af0082f,Talentspark Holding Inc (Jike Interview),2024-12-31,,"Capital Invested, Deal Status"
A80ede9,Af0082f,"Tallac Therapeutics, Inc.",2024-12-31,Current,Capital Invested
A80ede9,Af0082f,Taos Data,2024-12-31,Current,Capital Invested
A80ede9,Af0082f,U Power International Limited (Youpao Network),2024-12-31,Current,Capital Invested
A80ede9,Af0082f,Umer Technology (Cayman) Limited (Youmai),2024-12-31,Current,Capital Invested
A80ede9,Af0082f,VASTAI Holding Company (VASTAI Tech),2024-12-31,Current,Capital Invested
A80ede9,Af0082f,VelaCyber Holdings Limited ( Jinghai Tech),2024-12-31,Current,Capital Invested
A80ede9,Af0082f,Vibrant Therapeutics Limited (Xinhua Bio),2024-12-31,Current,Capital Invested
A80ede9,Af0082f,XEPIC Corporation Limited (Xinhuazhang),2024-12-31,Current,Capital Invested
A80ede9,Af0082f,YXT.COM GROUP HOLDING LIMITED (FKA UNICENTURY),2024-12-31,Current,Capital Invested
A80ede9,Af0082f,"ZKnow Technologies Co.,Ltd. (YQcloud)",2024-12-31,Current,Capital Invested
A72f874,Af0082f,Astribot Inc.,2024-12-31,Current,Capital Invested
A72f874,Af0082f,BOTAI Intelligent Equipment (Guangdong) Limited,2024-12-31,Current,Capital Invested
A72f874,Af0082f,"Beijing Galbot Co.,Ltd",2024-12-31,Current,Capital Invested
A72f874,Af0082f,Carote Ltd,2024-12-31,Current,Capital Invested
A72f874,Af0082f,"Changzhou Lingyue Equipment Co., Ltd",2024-12-31,Current,Capital Invested
A72f874,Af0082f,Esquared Capital Limited (Klook),2024-12-31,Current,Capital Invested
A72f874,Af0082f,"Guangdong Advanced Carbon Materials Co., Ltd (Kargen)",2024-12-31,Current,Capital Invested
A72f874,Af0082f,"Lightwheel Al (Beijing) Technology Co., LTD.",2024-12-31,Current,Capital Invested
A72f874,Af0082f,MiniMax Group Inc.,2024-12-31,Current,Capital Invested
A72f874,Af0082f,Narrow Path Tech Inc. (YuanShi),2024-12-31,Current,Capital Invested
A72f874,Af0082f,"Qidi Technology Co.,Ltd .(Singularity)",2024-12-31,Current,Capital Invested
A72f874,Af0082f,SOLV LEGOS LTD.,2024-12-31,Current,Capital Invested
A72f874,Af0082f,Sandai Holdings Limited,2024-12-31,Current,Capital Invested
A72f874,Af0082f,Seed Investments,2024-12-31,Current,Capital Invested
A72f874,Af0082f,Semi Tech Group Ltd.,2024-12-31,Current,Capital Invested
A72f874,Af0082f,ShenZhen LingDeChuang Technology Limited (LDC),2024-12-31,Current,Capital Invested
A72f874,Af0082f,Singfilm Solar Pte. Ltd.,2024-12-31,Current,Capital Invested
A72f874,Af0082f,"Suzhou Lapsen Intelligent Technology Co., Ltd",2024-12-31,Current,Capital Invested
A72f874,Af0082f,Suzhou ReCloud iService Information Technology,2024-12-31,Current,Capital Invested
A72f874,Af0082f,Suzhou SiliconRoad Semiconductor Ltd (SRS),2024-12-31,Current,Capital Invested
A72f874,Af0082f,"Ti5robot Technology Shanghai Co., Ltd.",2024-12-31,Current,Capital Invested
A72f874,Af0082f,TowardPi (Beijing) Medical Technology Ltd.,2024-12-31,Current,Capital Invested
A2234f1,A12c595,"Apollo Graph, Inc.",2024-12-31,Current,Capital Invested
A2234f1,A12c595,"Canva, Inc.",2024-12-31,Current,Capital Invested
A2234f1,A12c595,"CloudBees, Inc.",2024-12-31,Current,Capital Invested
A2234f1,A12c595,"Machinify, Inc.",2024-12-31,Current,Capital Invested
A2234f1,A12c595,Markforged Holding Corporation,2024-12-31,Current,Capital Invested
A2234f1,A12c595,"Quri, Inc.",2024-12-31,Current,Capital Invested
A2234f1,A12c595,"Salsify, Inc.",2024-12-31,Current,Capital Invested
A2234f1,A12c595,"Savage X Holding, LLC",2024-12-31,Current,Capital Invested
A2234f1,A12c595,Seed Investments,2024-12-31,Current,Capital Invested
A2234f1,A12c595,"Sila Nanotechnologies, Inc.",2024-12-31,Current,Capital Invested
A2234f1,A12c595,"Techstyle, Inc. (Fabletics, Inc.)",2024-12-31,Current,Capital Invested
A2234f1,A12c595,"ZestFinance, Inc. (dba Zest Al)",2024-12-31,Current,Capital Invested
Aab52e1,Acc91f3,Dailyhunt (Verse Innovation Private Limited),2024-12-31,Current,Capital Invested
A3d41c0,Acc91f3,Itilite Technologies Private Limited,2024-12-31,Current,Capital Invested
A3d41c0,Acc91f3,Loadshare Networks Private Limited,2024-12-31,Current,Capital Invested
A3d41c0,Acc91f3,Mswipe Technologies Private Limited,2024-12-31,Current,Capital Invested
A3d41c0,Acc91f3,OfBusiness (OFB Tech Private Limited),2024-12-31,Current,Capital Invested
A3d41c0,Acc91f3,Ola (ANI Technologies Private Limited),2024-12-31,Current,Capital Invested
A3d41c0,Acc91f3,Practo Pte Limited,2024-12-31,Current,Capital Invested
A3d41c0,Acc91f3,"Razorpay, Inc.",2024-12-31,Current,Capital Invested
A3d41c0,Acc91f3,Stanza (Dtwelve Spaces Private Limited),2024-12-31,Current,Capital Invested
A2f629e,Acc91f3,Mswipe Technologies Private Limited,2024-12-31,Current,Capital Invested
A2f629e,Acc91f3,OfBusiness (OFB Tech Private Limited),2024-12-31,Current,Capital Invested
A2f629e,Acc91f3,Ola (ANI Technologies Private Limited),2024-12-31,Current,Capital Invested
A2f629e,Acc91f3,Practo Pte Limited,2024-12-31,Current,Capital Invested
A2f629e,Acc91f3,"Razorpay, Inc.",2024-12-31,Current,Capital Invested
A51914b,Acc91f3,Captain Fresh (Infifresh Foods Private Limited),2024-12-31,Current,Capital Invested
A51914b,Acc91f3,Country Delight (Beejapuri Dairy Private Limit,2024-12-31,Current,Capital Invested
A51914b,Acc91f3,Damensch Apparel Private Limited,2024-12-31,Current,Capital Invested
A51914b,Acc91f3,Dezerv Investments Private Limited,2024-12-31,Current,Capital Invested
A51914b,Acc91f3,FarMart Service Private Limited,2024-12-31,Current,Capital Invested
A51914b,Acc91f3,GoKwik Commerce Solutions Private Limited,2024-12-31,Current,Capital Invested
A51914b,Acc91f3,Jodo (Bharosepe Technology Services Private Li,2024-12-31,Current,Capital Invested
A51914b,Acc91f3,Jupiter (Amica Financial Technologies Private I,2024-12-31,Current,Capital Invested
A51914b,Acc91f3,Liquiloans (NDX Financial Services Private Lim,2024-12-31,,"Capital Invested, Current Cost, Unrealized Value, Deal Status"
A51914b,Acc91f3,"Moengage, Inc",2024-12-31,Current,Capital Invested
A51914b,Acc91f3,Mosaic Wellness Private Limited,2024-12-31,Current,Capital Invested
A51914b,Acc91f3,OTO Capital (1T9 Technology Private Limited),2024-12-31,Current,Capital Invested
A51914b,Acc91f3,Ola (ANI Technologies Private Limited),2024-12-31,Current,Capital Invested
A51914b,Acc91f3,Ola Electric Mobility Limited,2024-12-31,Current,Capital Invested
A51914b,Acc91f3,OneCard (FPL Technologies Private Limited),2024-12-31,Current,Capital Invested
A51914b,Acc91f3,Open Secret (Immaculatebites Private Limited),2024-12-31,Current,Capital Invested
A51914b,Acc91f3,Park+ (Parviom technologies Private Limited),2024-12-31,Current,Capital Invested
A51914b,Acc91f3,Rocketlane Corp.,2024-12-31,Current,Capital Invested
A51914b,Acc91f3,SuperOps Inc.,2024-12-31,Current,Capital Invested
A51914b,Acc91f3,The Whole Truth (Fitshit Health Solutions Private Limited),2024-12-31,Current,Capital Invested
A51914b,Acc91f3,Toddle (Teacher Tools Private Limited),2024-12-31,Current,Capital Invested
A51914b,Acc91f3,Vegrow (Chifu Agritech Private Limited),2024-12-31,Current,Capital Invested
Aef37a9,A12c595,Xtalic Corporation,2024-12-31,Current,Capital Invested
A77a5f6,A12c595,"15Five, Inc.",2024-12-31,Current,Capital Invested
A77a5f6,A12c595,"1661, Inc. (dba GOAT)",2024-12-31,Current,Capital Invested
A77a5f6,A12c595,ACME Technologies Inc.,2024-12-31,Current,Capital Invested
A77a5f6,A12c595,"Activehours, Inc. (dba Earnin)",2024-12-31,Current,Capital Invested
A77a5f6,A12c595,"Apartment List, Inc.",2024-12-31,Current,Capital Invested
A77a5f6,A12c595,CloudZero Inc.,2024-12-31,Current,Capital Invested
A77a5f6,A12c595,"Jobvite Topco, LLC (dba Employ)",2024-12-31,Current,Capital Invested
A77a5f6,A12c595,Joya Communications Inc. (dba Marco Polo),2024-12-31,Current,Capital Invested
A77a5f6,A12c595,"Lightmatter, Inc.",2024-12-31,Current,Capital Invested
A77a5f6,A12c595,"LogRocket, Inc.",2024-12-31,Current,Capital Invested
A77a5f6,A12c595,Mashgin Inc.,2024-12-31,Current,Capital Invested
A77a5f6,A12c595,Owl Labs Inc.,2024-12-31,Current,Capital Invested
A77a5f6,A12c595,"Parabola Labs, Inc.",2024-12-31,Current,Capital Invested
A77a5f6,A12c595,Pending Esrow,2024-12-31,Current,Capital Invested
A77a5f6,A12c595,Qrativ Holdings LLC (nference JV),2024-12-31,Current,Capital Invested
A77a5f6,A12c595,Seed Investments,2024-12-31,Current,Capital Invested
A77a5f6,A12c595,"Side, Inc. (Reside Network, Inc. (Wayfinding, Inc.))",2024-12-31,Current,Capital Invested
A23025c,A12c595,"Centaur Diagnostics, Inc.",2024-12-31,Current,Capital Invested
A23025c,A12c595,Concreit Inc.,2024-12-31,Current,Capital Invested
A23025c,A12c595,"Educative, Inc.",2024-12-31,Current,Capital Invested
A23025c,A12c595,Fivetran Inc.,2024-12-31,Current,Capital Invested
A23025c,A12c595,"Flexible Finance, Inc.",2024-12-31,Current,Capital Invested
A23025c,A12c595,Flock Group Inc (dba Flock Safety),2024-12-31,Current,Capital Invested
A23025c,A12c595,"Glean Data, Inc. (dba Hashboard)",2024-12-31,Current,Capital Invested
A23025c,A12c595,Hookdeck Technologies Inc.,2024-12-31,Current,Capital Invested
A23025c,A12c595,"Infinity Al, Inc.",2024-12-31,Current,Capital Invested
A23025c,A12c595,Keeper Tax Inc.,2024-12-31,Current,Capital Invested
A23025c,A12c595,Knox Medical Diagnostics Inc. (dba Aluna),2024-12-31,Current,Capital Invested
A23025c,A12c595,"LightForce Orthodontics, Inc.",2024-12-31,Current,Capital Invested
A23025c,A12c595,"Luma Al, Inc.",2024-12-31,Current,Capital Invested
A23025c,A12c595,"Mesa Financial, Inc.",2024-12-31,Current,Capital Invested
A23025c,A12c595,"Nubis Communications, Inc.",2024-12-31,Current,Capital Invested
A23025c,A12c595,Seed Investments,2024-12-31,Current,Capital Invested
A23025c,A12c595,Smartcat Group Inc.,2024-12-31,Current,Capital Invested
A23025c,A12c595,"Steadily, Inc.",2024-12-31,Current,Capital Invested
A23025c,A12c595,Trisk Bio Ltd,2024-12-31,Current,Capital Invested
A23025c,A12c595,"TrueMeeting, Inc. (dba CommonGround)",2024-12-31,Current,Capital Invested
A23025c,A12c595,"trycourier.com, Inc. (dba Courier)",2024-12-31,Current,Capital Invested
A221849,Aded344,Chime Financial Inc.,2024-12-31,Current,Capital Invested
A8b6332,A899074,"NP Kaba Holdings, LP",2024-12-31,,"Capital Invested, Current Cost, Unrealized Value, Deal Status"
A8b6332,A899074,"Nautic Vybond Holdings, LLC",2024-12-31,,"Capital Invested, Current Cost, Unrealized Value, Deal Status"
A19d854,A899074,"NP Kaba Holdings, LP",2024-12-31,,"Capital Invested, Current Cost, Unrealized Value, Deal Status"
A19d854,A899074,"Nautic Ideal Components Aggregator, LLC",2024-12-31,,"Capital Invested, Current Cost, Unrealized Value, Deal Status"
A19d854,A899074,"Nautic Vybond Holdings, LLC",2024-12-31,,"Capital Invested, Current Cost, Unrealized Value, Deal Status"
Afed02f,A899074,"AccessIT Group Holdings, LLC",2024-12-31,,"Capital Invested, Current Cost, Unrealized Value, Deal Status"
Afed02f,A899074,"Bluebird PM Holdings, LP (Proud moments)",2024-12-31,,"Capital Invested, Current Cost, Unrealized Value, Deal Status"
Afed02f,A899074,"NP Kaba Holdings, LP",2024-12-31,,"Capital Invested, Current Cost, Unrealized Value, Deal Status"
Afed02f,A899074,"Nautic Cardinal Aggregator, LP",2024-12-31,,"Capital Invested, Current Cost, Unrealized Value, Deal Status"
Afed02f,A899074,"Nautic Ideal Components Aggregator, LLC (Ideal Tridon)",2024-12-31,,"Capital Invested, Current Cost, Unrealized Value, Deal Status"
Afed02f,A899074,"Nautic Senderra Rx Investments, LP",2024-12-31,,"Capital Invested, Current Cost, Unrealized Value, Deal Status"
A32ca97,Ac1f496,Amsino Medical,2024-12-31,Current,Current Cost
A32ca97,Ac1f496,TDConnex Global,2024-12-31,Current,Current Cost
A4923d3,A3d16f4,GreenLight Networks,2024-12-31,Current,Capital Invested
A4923d3,A3d16f4,Lit Communities,2024-12-31,Current,Capital Invested
A4923d3,A3d16f4,"Omni Fiber, LLC",2024-12-31,Current,Capital Invested
A4923d3,A3d16f4,Race Communications,2024-12-31,Current,Capital Invested
A4923d3,A3d16f4,Wire 3 Communications,2024-12-31,Current,Capital Invested
A8b56b9,Af8a639,Nand,2024-12-31,Current,Geographic Focus
Afb294f,A4a62c2,Holiday Property Partners LLC,2024-12-31,Current,Capital Invested
Afb294f,A4a62c2,Middle East - Consumer Staples,2024-12-31,Current,Capital Invested
Afb294f,A4a62c2,Middle East - Financial Services,2024-12-31,Current,Capital Invested
Afb294f,A4a62c2,Oriental Weavers Carpet Company,2024-12-31,Current,Capital Invested
Afb294f,A4a62c2,South America - Real Estate,2024-12-31,Current,Capital Invested
Afb294f,A4a62c2,Transprtadr Gas Del Norte C 1 VT Ord,2024-12-31,Current,Capital Invested
Afb294f,A4a62c2,United States - Oil & Gas Exploration,2024-12-31,Current,Capital Invested
Ac01bd2,A4a62c2,Airbus SE,2024-12-31,Current,Capital Invested
Ac01bd2,A4a62c2,Argentina - Energy,2024-12-31,Current,Capital Invested
Ac01bd2,A4a62c2,First American Financial Corporation,2024-12-31,Current,Capital Invested
Ac01bd2,A4a62c2,France - Consumer Staples,2024-12-31,Current,Capital Invested
Ac01bd2,A4a62c2,Norway - Software,2024-12-31,Current,Capital Invested
Ac01bd2,A4a62c2,Other - United States - Consumer Staples,2024-12-31,Current,Capital Invested
Ac01bd2,A4a62c2,Other - United States - Financial,2024-12-31,Current,Capital Invested
Ac01bd2,A4a62c2,Other - United States - Information Technology,2024-12-31,Current,Capital Invested
Ac01bd2,A4a62c2,Other - United States - Real Estate,2024-12-31,Current,Capital Invested
Ac01bd2,A4a62c2,Other - United States - Technology,2024-12-31,Current,Capital Invested
Ac01bd2,A4a62c2,Outfront Media Inc,2024-12-31,Current,Capital Invested
Ac01bd2,A4a62c2,Park Hotels & Resorts Inc,2024-12-31,Current,Capital Invested
Ac01bd2,A4a62c2,Performance Food Group Company,2024-12-31,Current,Capital Invested
Ac01bd2,A4a62c2,Perren Capital Holdings Ltd,2024-12-31,Current,Capital Invested
Ac01bd2,A4a62c2,Sparebanken Vest,2024-12-31,Current,Capital Invested
Ac01bd2,A4a62c2,United Kingdom - Real Estate,2024-12-31,Current,Capital Invested
Ac01bd2,A4a62c2,United Kingdom - Services,2024-12-31,Current,Capital Invested
Ac01bd2,A4a62c2,United States - Consumer Staples,2024-12-31,Current,Capital Invested
Ac01bd2,A4a62c2,United States - Financial,2024-12-31,Current,Capital Invested
Ac01bd2,A4a62c2,United States - Industrial,2024-12-31,Current,Capital Invested
Ac01bd2,A4a62c2,United States - Information Technology,2024-12-31,Current,Capital Invested
Ac01bd2,A4a62c2,Waymo LLC,2024-12-31,Current,Capital Invested
A729d8b,A4a62c2,Airbus SE,2024-12-31,Current,Capital Invested
A729d8b,A4a62c2,Alphabet CLA,2024-12-31,Current,Capital Invested
A729d8b,A4a62c2,First American Financial Corporation,2024-12-31,Current,Capital Invested
A729d8b,A4a62c2,France - Consumer Staples,2024-12-31,Current,Capital Invested
A729d8b,A4a62c2,Norway - Software,2024-12-31,Current,Capital Invested
A729d8b,A4a62c2,Other - United States - Consumer Staples,2024-12-31,Current,Capital Invested
A729d8b,A4a62c2,Other - United States - Real Estate,2024-12-31,Current,Capital Invested
A729d8b,A4a62c2,Outfront Media Inc,2024-12-31,Current,Capital Invested
A729d8b,A4a62c2,Parks Hotels & Resorts Inc,2024-12-31,Current,Capital Invested
A729d8b,A4a62c2,Performance Food Group Company,2024-12-31,Current,Capital Invested
A729d8b,A4a62c2,Perren Capital Holdings Ltd,2024-12-31,Current,Capital Invested
A729d8b,A4a62c2,Sparebanken Pluss,2024-12-31,Current,Capital Invested
A729d8b,A4a62c2,United Kingdom - Real Estate,2024-12-31,Current,Capital Invested
A729d8b,A4a62c2,United Kingdom - Services,2024-12-31,Current,Capital Invested
A729d8b,A4a62c2,United States - Consumer Staples,2024-12-31,Current,Capital Invested
A729d8b,A4a62c2,United States - Financial - Other,2024-12-31,Current,Capital Invested
A729d8b,A4a62c2,United States - Financial,2024-12-31,Current,Capital Invested
A729d8b,A4a62c2,United States - Industrial,2024-12-31,Current,Capital Invested
A729d8b,A4a62c2,United States - Information Technology,2024-12-31,Current,Capital Invested
A729d8b,A4a62c2,United States - Technology,2024-12-31,Current,Capital Invested
A729d8b,A4a62c2,Waymo LLC,2024-12-31,Current,Capital Invested
Ab0a5da,A7dd292,"AlphaSense, LLC (fka Tegus, Inc.)",2024-12-31,Current,Capital Invested
Ab0a5da,A7dd292,"Blue Wireless, Inc.",2024-12-31,Current,Capital Invested
Ab0a5da,A7dd292,"Cubby NYC, Inc.",2024-12-31,Current,Capital Invested
Ab0a5da,A7dd292,"Etched.ai, Inc.",2024-12-31,Current,Capital Invested
Ab0a5da,A7dd292,Golden X DBA Canopy Capital Group,2024-12-31,Current,Capital Invested
Ab0a5da,A7dd292,"Invert, Inc.",2024-12-31,Current,Capital Invested
Ab0a5da,A7dd292,Manufactured Networks Inc.,2024-12-31,Current,Capital Invested
Ab0a5da,A7dd292,"Prefect Technologies, Inc.",2024-12-31,Current,Capital Invested
Ab0a5da,A7dd292,"SkyRyse, Inc.",2024-12-31,Current,Capital Invested
Ab0a5da,A7dd292,"Storyboard Technology, Inc.",2024-12-31,Current,Capital Invested
A3fdcff,A8bd477,"Inspire Brands, Inc.",2024-12-31,Current,Capital Invested
Aff00c9,A02306d,"ROF V DTSD Properties, LLC",2024-12-31,,"Capital Invested, Deal Status"
A1d6a44,A02306d,"ROF V 816 Congress, LLC",2024-12-31,Current,Capital Invested
A5bfee3,A6a28da,Security Risk Advisors,2024-12-31,,"Capital Invested, Current Cost, Unrealized Value, Deal Status"
A4d752f,A6a28da,"HealthEdge Software, Inc.",2024-12-31,,"Capital Invested, Current Cost, Unrealized Value, Deal Status"
A4d752f,A6a28da,Security Risk Advisors,2024-12-31,,"Capital Invested, Current Cost, Unrealized Value, Deal Status"
Aec91fb,Aeedbe6,Aquarian Holdings I LP,2024-12-31,,"Capital Invested, Current Cost, Unrealized Value, Deal Status"
Aec91fb,Aeedbe6,Aquarian Holdings III,2024-12-31,,"Capital Invested, Current Cost, Unrealized Value, Deal Status"
Aec91fb,Aeedbe6,Aquarian Holdings IV LP,2024-12-31,,"Capital Invested, Current Cost, Unrealized Value, Deal Status"
Aec91fb,Aeedbe6,Recycled Investment,2024-12-31,Fully Exited,Geographic Focus
Ae3893b,A02306d,816 Congress,2024-12-31,Current,Capital Invested
Ae3893b,A02306d,816 Investors,2024-12-31,Current,Capital Invested
Ae3893b,A02306d,D'Andrea,2024-12-31,Current,Capital Invested
Ae3893b,A02306d,Downtown San Diego Portfolio (DTSD),2024-12-31,Current,Capital Invested
Ae3893b,A02306d,Trammel Crow Center,2024-12-31,Current,Capital Invested
Aac1486,A3ecea4,"Air Space Intelligence, Inc.",2024-12-31,Current,Capital Invested
Aac1486,A3ecea4,Argent Labs Limited,2024-12-31,Current,Capital Invested
Aac1486,A3ecea4,Auxilius Inc.,2024-12-31,Current,Capital Invested
Aac1486,A3ecea4,"Built Technologies, Inc.",2024-12-31,Current,Capital Invested
Aac1486,A3ecea4,"Charitize, Inc. (dba Rightfoot)",2024-12-31,Current,Capital Invested
Aac1486,A3ecea4,"Daily, Co.",2024-12-31,Current,Capital Invested
Aac1486,A3ecea4,"Get Pie, PBC (dba Pie Labs)",2024-12-31,Current,Capital Invested
Aac1486,A3ecea4,Grammarly,2024-12-31,Current,Capital Invested
Aac1486,A3ecea4,"La Haus, Ltd.",2024-12-31,Current,Capital Invested
Aac1486,A3ecea4,"Level, Inc.",2024-12-31,,"Capital Invested, Deal Status"
Aac1486,A3ecea4,"PathSpot Technologies, Inc.",2024-12-31,Current,Capital Invested
Aac1486,A3ecea4,"RippleMatch, Inc.",2024-12-31,Current,Capital Invested
Aac1486,A3ecea4,"Rootly, Inc.",2024-12-31,Current,Capital Invested
Aac1486,A3ecea4,Spekit Inc.,2024-12-31,Current,Capital Invested
Aac1486,A3ecea4,"Syng, Inc.",2024-12-31,Current,Capital Invested
Aac1486,A3ecea4,"Xariable, Inc. (dba Loop)",2024-12-31,Current,Capital Invested
Af6593f,A8bd477,Inspire Brands,2024-12-31,Current,Capital Invested
Afd1cbe,A8bd477,Pet Retail Brands,2024-12-31,Current,Capital Invested
A99e32e,A8bd477,CKE,2024-12-31,Current,Capital Invested
A99e32e,A8bd477,Driven,2024-12-31,Current,Capital Invested
A99e32e,A8bd477,Massage Envy,2024-12-31,Current,Capital Invested
A99e32e,A8bd477,Miller's Ale House,2024-12-31,Current,Capital Invested
A99e32e,A8bd477,Pet Retail Brands,2024-12-31,Current,Capital Invested
A99e32e,A8bd477,Purpose Brands,2024-12-31,Current,Capital Invested
A996a8a,A8bd477,Culver's,2024-12-31,Current,Capital Invested
A996a8a,A8bd477,Driven,2024-12-31,Current,Capital Invested
A996a8a,A8bd477,"Inspire Brands, Inc.",2024-12-31,Current,Capital Invested
A996a8a,A8bd477,JNN,2024-12-31,Current,Capital Invested
A996a8a,A8bd477,Subway,2024-12-31,Current,Capital Invested
Ace087b,A8bd477,DMG,2024-12-31,Current,Capital Invested
Ace087b,A8bd477,Fitness Connection,2024-12-31,Current,Capital Invested
Ace087b,A8bd477,Inspire Brands (ARG Investment Corp. (Arby's)),2024-12-31,Current,Capital Invested
Ace087b,A8bd477,NbC,2024-12-31,Current,Capital Invested
Ace087b,A8bd477,SMB,2024-12-31,Current,Capital Invested
Ace087b,A8bd477,Subway,2024-12-31,Current,Capital Invested
Ace087b,A8bd477,YEB,2024-12-31,Current,Capital Invested
Aadd548,A8bd477,Asset Living,2024-12-31,Current,Capital Invested
Aadd548,A8bd477,Mathnasium,2024-12-31,Current,Capital Invested
Aadd548,A8bd477,NbC,2024-12-31,Current,Capital Invested
Aadd548,A8bd477,Parts Town,2024-12-31,Current,Capital Invested
Aadd548,A8bd477,Quatrro,2024-12-31,Current,Capital Invested
Aadd548,A8bd477,SIB,2024-12-31,Current,Capital Invested
Aadd548,A8bd477,Subway,2024-12-31,Current,Capital Invested
A073c3d,A8bd477,Inspire Brands,2024-12-31,Current,Capital Invested
A048b87,Adad2f2,800 Corporate Pointe,2024-12-31,Fully Exited,Capital Invested
A048b87,Adad2f2,Crossroads Business Center,2024-12-31,Fully Exited,Capital Invested
A048b87,Adad2f2,Great America Tech Center,2024-12-31,Fully Exited,Capital Invested
A048b87,Adad2f2,Las Cimas II and III,2024-12-31,Fully Exited,Capital Invested
A048b87,Adad2f2,Metro 101,2024-12-31,Fully Exited,Capital Invested
A048b87,Adad2f2,Northview Corporate Center,2024-12-31,Fully Exited,Capital Invested
A048b87,Adad2f2,PG Joint Venture,2024-12-31,,"Capital Invested, Deal Status"
A048b87,Adad2f2,Riata Corporate Park,2024-12-31,Fully Exited,Capital Invested
A048b87,Adad2f2,Riata Crossing,2024-12-31,Fully Exited,Capital Invested
A048b87,Adad2f2,The Campus at Legacy,2024-12-31,Fully Exited,Capital Invested
A048b87,Adad2f2,The Flour Milld,2024-12-31,Fully Exited,Capital Invested
A4d85cc,A6a0407,Halcyon Tech Inc,2024-12-31,Current,Capital Invested
A0d2a71,A6a0407,Miggo Security Ltd.,2024-12-31,,"Capital Invested, Current Cost, Unrealized Value, Deal Status"
A0d2a71,A6a0407,SquareX,2024-12-31,,"Capital Invested, Current Cost, Unrealized Value, Deal Status"
A26a0d1,A6a0407,"Artic Wolf Networks, Inc (fka RevelStoke Security, Inc.)",2024-12-31,Current,Capital Invested
A26a0d1,A6a0407,"Halcyon Tech, Inc.",2024-12-31,Current,Capital Invested
A26a0d1,A6a0407,"Metabase Q, Inc.",2024-12-31,Current,Capital Invested
A26a0d1,A6a0407,"N-able, Inc (NYSE: NABL)",2024-12-31,Current,Capital Invested
A26a0d1,A6a0407,"Netography, Inc.",2024-12-31,Current,Capital Invested
A26a0d1,A6a0407,Pangea Cyber,2024-12-31,Current,Capital Invested
A26a0d1,A6a0407,Phosphorus Cybersecurity Inc.,2024-12-31,Current,Capital Invested
A26a0d1,A6a0407,"Query Al, Inc.",2024-12-31,Current,Capital Invested
A26a0d1,A6a0407,Refine Intelligence Ltd,2024-12-31,Current,Capital Invested
A26a0d1,A6a0407,"Sevco Security, Inc.",2024-12-31,Current,Capital Invested
A26a0d1,A6a0407,"Shiftleft, Inc.",2024-12-31,Current,Capital Invested
A26a0d1,A6a0407,TrackerDetect Ltd,2024-12-31,Current,Capital Invested
A26a0d1,A6a0407,Transmit Security Ltd.,2024-12-31,Current,Capital Invested
Aa82eac,A7970a7,"American West Restaurant Group Holdings, LLC",2024-12-31,,"Capital Invested, Deal Status"
Aa82eac,A7970a7,"Bandon Holdings, LLC",2024-12-31,Current,Capital Invested
Aa82eac,A7970a7,"CP Turf TopCo, LLC (d/b/a The Recreational Group)",2024-12-31,Current,Capital Invested
Aa82eac,A7970a7,"ECM Industries, LLC",2024-12-31,Current,Capital Invested
Aa82eac,A7970a7,"ELI Acquisition Holdings, LLC (d/b/a SPL)",2024-12-31,Current,Capital Invested
Aa82eac,A7970a7,"Midwest Eye Services Holdings, LLC (d/b/a Bridgeview Eye)",2024-12-31,Current,Capital Invested
Aa82eac,A7970a7,"Mobile Communications America, Inc.",2024-12-31,,"Capital Invested, Deal Status"
Aa82eac,A7970a7,"NSI Parent, LP",2024-12-31,Current,Capital Invested
Aa82eac,A7970a7,"New Era Technology, Inc.",2024-12-31,,"Capital Invested, Deal Status"
Aa82eac,A7970a7,"New You Bariatric Group, LLC",2024-12-31,Current,Capital Invested
Aa82eac,A7970a7,"POY Holdings, LLC (d/b/a Empire Auto Parts)",2024-12-31,Current,Capital Invested
Aa82eac,A7970a7,Pet Supplies Plus,2024-12-31,,"Capital Invested, Deal Status"
Aa82eac,A7970a7,"RefrigiWear, LLC",2024-12-31,Current,Capital Invested
Aa82eac,A7970a7,"Spectrum Safety Solutions Parent, L.P",2024-12-31,Current,Capital Invested
Aa82eac,A7970a7,"TTG Imaging Solutions, LLC",2024-12-31,Current,Capital Invested
Aa82eac,A7970a7,"TranSystems Holdings, Inc.",2024-12-31,Current,Capital Invested
Aa82eac,A7970a7,"TriMech Parent, LLC",2024-12-31,Current,Capital Invested
Aa82eac,A7970a7,"XpressMyself.com, LLC (d/b/a SmartSign)",2024-12-31,Current,Capital Invested
A67395e,A7970a7,CLS Management Services,2024-12-31,Current,Capital Invested
A67395e,A7970a7,High Bar Brands,2024-12-31,Current,Capital Invested
A67395e,A7970a7,L2 Brands,2024-12-31,Current,Capital Invested
A67395e,A7970a7,MCA,2024-12-31,Current,Capital Invested
A67395e,A7970a7,Market Performance Group,2024-12-31,Current,Capital Invested
A67395e,A7970a7,"NSI Parent, LP",2024-12-31,Current,Capital Invested
A67395e,A7970a7,Online Labels Group,2024-12-31,Current,Capital Invested
A67395e,A7970a7,"Spectrum Safety Solutions Parent, L.P.",2024-12-31,Current,Capital Invested
A8d4882,A026529,DoorDash,2024-12-31,Current,Capital Invested
A8d4882,A026529,Instacart,2024-12-31,Current,Capital Invested
A8d4882,A026529,"SC US/E Venture Fund XVIII Management, L.P.",2024-12-31,Current,Capital Invested
A8d4882,A026529,"Sequoia Capital US/E Crypto Fund I, L.P.",2024-12-31,Current,Capital Invested
A8d4882,A026529,"Sequoia Capital US/E Ecosystem Fund I, L.P.",2024-12-31,Current,Capital Invested
A8d4882,A026529,"Sequoia Capital US/E Expansion Fund I, L.P.",2024-12-31,Current,Capital Invested
A8d4882,A026529,"Sequoia Capital US/E Growth Fund X, L.P.",2024-12-31,Current,Capital Invested
A8d4882,A026529,"Sequoia Capital US/E Seed Fund V, L.P.",2024-12-31,Current,Capital Invested
A8d4882,A026529,"Sequoia Capital US/E Venture Fund XVIII, L.P.",2024-12-31,Current,Capital Invested
A8d4882,A026529,SpaceX,2024-12-31,Current,Capital Invested
A8d4882,A026529,Stripe,2024-12-31,Current,Capital Invested
A8d4882,A026529,Unity Technologies,2024-12-31,Current,Capital Invested
A8d4882,A026529,X.AI Holdings (from X),2024-12-31,Current,Capital Invested
A124f9d,A026529,NEO 4.0,2024-12-31,,"Capital Invested, Current Cost, Unrealized Value, Deal Status"
A124f9d,A026529,PineGrove Capital Partners I,2024-12-31,,"Capital Invested, Current Cost, Unrealized Value, Deal Status"
A124f9d,A026529,"Powerset I, L.P.",2024-12-31,,"Capital Invested, Current Cost, Unrealized Value, Deal Status"
A124f9d,A026529,Virtue V2,2024-12-31,,"Capital Invested, Current Cost, Unrealized Value, Deal Status"
A2989df,A86463a,NPI Royalties Fair Value,2024-12-31,Current,"Capital Invested, Current Cost"
A2b73e4,Ad647a1,"Columbia Spectrum Partners VI-A, L.P.",2024-12-31,Written Off,Capital Invested
A2b73e4,Ad647a1,SSG Fika VC LLC,2024-12-31,Written Off,Capital Invested
A8282d7,Aa8e77d,"Garza Food Ventures, LLC dba Siete Family Foods",2024-12-31,Partially Exited,Current Cost
Af3dbec,Aa8e77d,"Garza Food Ventures, LLC dba Siete Family Foods",2024-12-31,Partially Exited,Current Cost
Af3dbec,Aa8e77d,GlobalWebIndex Holdings Ltd.,2024-12-31,Partially Exited,Current Cost
Af3dbec,Aa8e77d,"Kith Retail, LLC",2024-12-31,Partially Exited,Current Cost
Af3dbec,Aa8e77d,"Kosas Cosmetics, LLC",2024-12-31,Partially Exited,Current Cost
Af3dbec,Aa8e77d,"Levain Bakery, LLC",2024-12-31,Partially Exited,Current Cost
Af3dbec,Aa8e77d,"Nowhere Holdco, LLC dba Erewhon Natural Foods",2024-12-31,Partially Exited,Current Cost
Af3dbec,Aa8e77d,"VerbIt, Inc.",2024-12-31,Partially Exited,Current Cost
Aa0a993,Aa8e77d,"Cards Parent LP (""Collector's Universe"")",2024-12-31,Partially Exited,Current Cost
A4fec46,Aa8e77d,"Applied Intuition, Inc.",2024-12-31,,"Capital Invested, Current Cost, Unrealized Value, Deal Status"
A4fec46,Aa8e77d,Flock Group Inc.,2024-12-31,,"Capital Invested, Current Cost, Unrealized Value, Deal Status"
A4fec46,Aa8e77d,"Memoir, Inc.",2024-12-31,,"Capital Invested, Current Cost, Unrealized Value, Deal Status"
A4fec46,Aa8e77d,"Raya App, Inc.",2024-12-31,,"Capital Invested, Current Cost, Unrealized Value, Deal Status"
A2a4d74,Aa8e77d,"La La Land Kind Cafe, LLC",2024-12-31,,"Capital Invested, Current Cost, Unrealized Value, Deal Status"
A2a4d74,Aa8e77d,"Open AI Global, LLC",2024-12-31,,"Capital Invested, Current Cost, Unrealized Value, Deal Status"
A2a4d74,Aa8e77d,"Seven Sundays, LLC",2024-12-31,,"Capital Invested, Current Cost, Unrealized Value, Deal Status"
Ae66dbf,A97e2ad,"StubHub Holdings, Inc.",2024-12-31,Partially Exited,Current Cost
Af4e6f7,A026fe6,"Assembly TS Holdings, LLC",2024-12-31,Current,Capital Invested
Af4e6f7,A026fe6,Champion Elevator Holding Corporation,2024-12-31,Current,Capital Invested
Af4e6f7,A026fe6,"GoHomePort, LLC",2024-12-31,Current,Capital Invested
Af4e6f7,A026fe6,"Interchecks Technologies, Inc",2024-12-31,Current,Capital Invested
Af4e6f7,A026fe6,"Roomors Living, Inc.",2024-12-31,Current,Capital Invested
Af4e6f7,A026fe6,"Service 1st Financial, LLC",2024-12-31,Current,Capital Invested
Af4e6f7,A026fe6,TS-Grove Pt Marinas,2024-12-31,Current,Capital Invested
Af4e6f7,A026fe6,"TSRV-A, LLC",2024-12-31,Current,Capital Invested
A56bafa,Ab27df1,Produce Pay Inc.,2024-12-31,Written Off,Capital Invested
Ad893bb,A775492,Link Cell Therapies Inc.,2024-12-31,,"Capital Invested, Current Cost, Unrealized Value, Deal Status"
Ad893bb,A775492,Sesame Labs,2024-12-31,,"Capital Invested, Current Cost, Unrealized Value, Deal Status"
A20f76b,A775492,A Medium Corporation,2024-12-31,Current,Capital Invested
A20f76b,A775492,"Clear Labs, Inc.",2024-12-31,Current,Capital Invested
A20f76b,A775492,Cogniac Corporation,2024-12-31,Current,Capital Invested
A20f76b,A775492,"Cohesity, Inc.",2024-12-31,Current,Capital Invested
A20f76b,A775492,"Drip Capital, Inc.",2024-12-31,Current,Capital Invested
A20f76b,A775492,"Dtex Systems, Inc.",2024-12-31,Current,Capital Invested
A20f76b,A775492,Gong I.O Ltd.,2024-12-31,Current,Capital Invested
A20f76b,A775492,"Human Interest, Inc.",2024-12-31,Current,Capital Invested
A20f76b,A775492,"Juvo Mobile, Inc.",2024-12-31,Current,Capital Invested
A20f76b,A775492,"Medely, Inc.",2024-12-31,Current,Capital Invested
A20f76b,A775492,"Ordr, Inc.",2024-12-31,Current,Capital Invested
A20f76b,A775492,"Pepperdata, Inc.",2024-12-31,Current,Capital Invested
A20f76b,A775492,Percolata Corporation,2024-12-31,,"Capital Invested, Deal Status"
A20f76b,A775492,ScyllaDB Ltd.,2024-12-31,Current,Capital Invested
A20f76b,A775492,"SlashNext, Inc.",2024-12-31,Current,Capital Invested
A20f76b,A775492,"Synack, Inc.",2024-12-31,Current,Capital Invested
A20f76b,A775492,"Tigera, Inc.",2024-12-31,Current,Capital Invested
A145642,Ac17925,"Apifox Inc. (""Apifox"")",2024-12-31,Current,Capital Invested
A145642,Ac17925,"Bang Work Inc. (""ONES"")",2024-12-31,Current,Capital Invested
A145642,Ac17925,"Bizlink (""Century Growth"")",2024-12-31,Current,Capital Invested
A145642,Ac17925,"Chagee Holdings Limited (""BW Tea"")",2024-12-31,Current,Capital Invested
A145642,Ac17925,Discountbull,2024-12-31,Current,Capital Invested
A145642,Ac17925,"Finture PTE. LTD. (""YUP"")",2024-12-31,Current,Capital Invested
A145642,Ac17925,"Forty-Nine Union (""Sishijiufang"")",2024-12-31,Current,Capital Invested
A145642,Ac17925,"Good Driver Inc. (""Good Driver"")",2024-12-31,Current,Capital Invested
A145642,Ac17925,"Guangdong Dongming wine industry Co., Ltd",2024-12-31,,"Capital Invested, Deal Status"
A145642,Ac17925,"Guangzhou Focallure Trading Co., Ltd (""FOCALLURE"")",2024-12-31,Current,Capital Invested
A145642,Ac17925,"Hangzhou Cixing Noodle Network Technology Co., Ltd.",2024-12-31,Current,Capital Invested
A145642,Ac17925,"Ke Er Qin (Beijing) Technology Co., Ltd (""Luyoyo"")",2024-12-31,Current,Capital Invested
A145642,Ac17925,"Lihe Taste (Qingdao) Food Industry Co., Ltd (""LIHOO"")",2024-12-31,Current,Capital Invested
A145642,Ac17925,"Miao Wu Inc. (""Miaowu"")",2024-12-31,Current,Capital Invested
A145642,Ac17925,"Milian Technology Inc. (""Yidui"")",2024-12-31,Current,Capital Invested
A145642,Ac17925,"Nanjing Guangliang Brand Management Co., Ltd",2024-12-31,Current,Capital Invested
A145642,Ac17925,Project Starship,2024-12-31,Current,Capital Invested
A145642,Ac17925,"Routech (Hangzhou) Food Technology Co., LTD (""Banjinbaliang"")",2024-12-31,Current,Capital Invested
A145642,Ac17925,"Shanghai Shiyi Brand Management Co., Ltd (""Shiyi"")",2024-12-31,Current,Capital Invested
A145642,Ac17925,"Shenzhen Houlang into Sea Brand Management Co.,",2024-12-31,,"Capital Invested, Deal Status"
A145642,Ac17925,"Shenzhen Jichuang Meiao Technology Co., Ltd.",2024-12-31,Current,Capital Invested
A145642,Ac17925,"SuZhou Jiandanyouwei Technology Co., Ltd (""UWANT"")",2024-12-31,Current,Capital Invested
A145642,Ac17925,"Supersonic Ferghana Horse Limited (""Tiaoma"")",2024-12-31,Current,Capital Invested
A145642,Ac17925,"Suzhou Maoer Technology Co., Ltd (""ROYE"")",2024-12-31,Current,Capital Invested
A145642,Ac17925,"Tapdata Cayman Limited (""Tapdata"")",2024-12-31,Current,Capital Invested
A145642,Ac17925,Weee!,2024-12-31,Current,Capital Invested
A145642,Ac17925,"Willbe Inc. (""Hetao Coding"")",2024-12-31,Current,Capital Invested
A145642,Ac17925,"YZYW Inc. (""LOOKNOW"")",2024-12-31,Current,Capital Invested
Aebcab9,Ac17925,"Aiper Intelligent Co., Limited (""Aiper"")",2024-12-31,Current,Capital Invested
Aebcab9,Ac17925,"BEC LAB PTE. LTD. (""GaiaNet"")",2024-12-31,Current,Capital Invested
Aebcab9,Ac17925,"Classgaga Inc. (""Classgaga"")",2024-12-31,Current,Capital Invested
Aebcab9,Ac17925,"DT Cultural Technology Holdings Inc (""Chainbase"")",2024-12-31,Current,Capital Invested
Aebcab9,Ac17925,"Financial Future Inc. ('Bytetrade"")",2024-12-31,Current,Capital Invested
Aebcab9,Ac17925,"Horwin Inc (""Horwin"")",2024-12-31,Current,Capital Invested
Aebcab9,Ac17925,"LF Intelligence Limited (""Laifei"")",2024-12-31,Current,Capital Invested
Aebcab9,Ac17925,"Metaedge Inc. (""Metaedge"")",2024-12-31,Current,Capital Invested
Aebcab9,Ac17925,"Nanjing Lingque Technology Co., Ltd. (""Lingque"")",2024-12-31,Current,Capital Invested
Aebcab9,Ac17925,Project G,2024-12-31,Current,Capital Invested
Aebcab9,Ac17925,Project Num,2024-12-31,Current,Capital Invested
Aebcab9,Ac17925,Project V,2024-12-31,Current,Capital Invested
Aebcab9,Ac17925,"Pwned No More Labs, Inc. (""Pwnednomore"")",2024-12-31,Current,Capital Invested
Aebcab9,Ac17925,"Shenzhen Helium Three Technology Co., Ltd. (""Nocalhost"")",2024-12-31,Current,Capital Invested
Aebcab9,Ac17925,"Shuye Technology Co., Limited (""Laifen"")",2024-12-31,Current,Capital Invested
Aebcab9,Ac17925,"TapStitch, Inc. (""Tapstitch"")",2024-12-31,Current,Capital Invested
Aebcab9,Ac17925,"Twenty-Second Century Dora Technology Holdings, Inc. (""Dorahacks"")",2024-12-31,Current,Capital Invested
Aebcab9,Ac17925,"WONZ INC (""WONZ"")",2024-12-31,Current,Capital Invested
Aebcab9,Ac17925,YUP,2024-12-31,Current,Capital Invested
Aebcab9,Ac17925,"Zanecon Technology (Shenzhen) Limited (""Zanecon"")",2024-12-31,Current,Capital Invested
